variant,genesis_ids,online_fraction,attacker_share,threshold,outcome,years,long_run_share
realistic,1000000,0.5,0.05,0.33,never reached,,0.09523809523809523
realistic,1000000,0.5,0.05,0.51,never reached,,0.09523809523809523
realistic,1000000,0.5,0.05,0.67,never reached,,0.09523809523809523
realistic,1000000,0.5,0.1,0.33,never reached,,0.18181818181818182
realistic,1000000,0.5,0.1,0.51,never reached,,0.18181818181818182
realistic,1000000,0.5,0.1,0.67,never reached,,0.18181818181818182
realistic,1000000,0.5,0.2,0.33,reached,78.48173515981735,0.3333333333333333
realistic,1000000,0.5,0.2,0.51,never reached,,0.3333333333333333
realistic,1000000,0.5,0.2,0.67,never reached,,0.3333333333333333
realistic,1000000,0.5,0.25,0.33,reached,3.5877364644487932,0.4
realistic,1000000,0.5,0.25,0.51,never reached,,0.4
realistic,1000000,0.5,0.25,0.67,never reached,,0.4
realistic,1000000,0.5,0.3,0.33,reached,1.8358300622179498,0.46153846153846156
realistic,1000000,0.5,0.3,0.51,never reached,,0.46153846153846156
realistic,1000000,0.5,0.3,0.67,never reached,,0.46153846153846156
realistic,1000000,0.5,0.34,0.33,reached,1.3201301120238411,0.5074626865671642
realistic,1000000,0.5,0.34,0.51,never reached,,0.5074626865671642
realistic,1000000,0.5,0.34,0.67,never reached,,0.5074626865671642
realistic,1000000,0.5,0.4,0.33,reached,0.9287779308854125,0.5714285714285714
realistic,1000000,0.5,0.4,0.51,reached,5.641393225018583,0.5714285714285714
realistic,1000000,0.5,0.4,0.67,never reached,,0.5714285714285714
realistic,1000000,0.5,0.52,0.33,reached,0.5830738124800695,0.6842105263157895
realistic,1000000,0.5,0.52,0.51,reached,1.8321745368262772,0.6842105263157895
realistic,1000000,0.5,0.52,0.67,reached,29.507723096003158,0.6842105263157895
realistic,1000000,0.5,0.55,0.33,reached,0.5334357529979089,0.7096774193548387
realistic,1000000,0.5,0.55,0.51,reached,1.5675599914429665,0.7096774193548387
realistic,1000000,0.5,0.55,0.67,reached,10.363688111766962,0.7096774193548387
realistic,1000000,0.5,0.6,0.33,reached,0.46715318547510326,0.75
realistic,1000000,0.5,0.6,0.51,reached,1.2634370243531203,0.75
realistic,1000000,0.5,0.6,0.67,reached,4.979428272450533,0.75
realistic,1000000,0.5,0.75,0.33,reached,0.3403002066550346,0.8571428571428571
realistic,1000000,0.5,0.75,0.51,reached,0.7986169832948118,0.8571428571428571
realistic,1000000,0.5,0.75,0.67,reached,1.9461582255684524,0.8571428571428571
realistic,1000000,0.5,1.0,0.33,reached,0.23427383629796225,1.0
realistic,1000000,0.5,1.0,0.51,reached,0.4950610381138757,1.0
realistic,1000000,0.5,1.0,0.67,reached,0.9657073013237397,1.0
realistic,1000000,0.6,0.05,0.33,never reached,,0.08064516129032258
realistic,1000000,0.6,0.05,0.51,never reached,,0.08064516129032258
realistic,1000000,0.6,0.05,0.67,never reached,,0.08064516129032258
realistic,1000000,0.6,0.1,0.33,never reached,,0.15625
realistic,1000000,0.6,0.1,0.51,never reached,,0.15625
realistic,1000000,0.6,0.1,0.67,never reached,,0.15625
realistic,1000000,0.6,0.2,0.33,never reached,,0.29411764705882354
realistic,1000000,0.6,0.2,0.51,never reached,,0.29411764705882354
realistic,1000000,0.6,0.2,0.67,never reached,,0.29411764705882354
realistic,1000000,0.6,0.25,0.33,reached,9.913482335976928,0.35714285714285715
realistic,1000000,0.6,0.25,0.51,never reached,,0.35714285714285715
realistic,1000000,0.6,0.25,0.67,never reached,,0.35714285714285715
realistic,1000000,0.6,0.3,0.33,reached,3.0185282753775904,0.4166666666666667
realistic,1000000,0.6,0.3,0.51,never reached,,0.4166666666666667
realistic,1000000,0.6,0.3,0.67,never reached,,0.4166666666666667
realistic,1000000,0.6,0.34,0.33,reached,1.9394168490893908,0.46195652173913043
realistic,1000000,0.6,0.34,0.51,never reached,,0.46195652173913043
realistic,1000000,0.6,0.34,0.67,never reached,,0.46195652173913043
realistic,1000000,0.6,0.4,0.33,reached,1.2624407800506812,0.5263157894736842
realistic,1000000,0.6,0.4,0.51,reached,23.475475033141848,0.5263157894736842
realistic,1000000,0.6,0.4,0.67,never reached,,0.5263157894736842
realistic,1000000,0.6,0.52,0.33,reached,0.7434329191015221,0.6435643564356436
realistic,1000000,0.6,0.52,0.51,reached,2.697330341094875,0.6435643564356436
realistic,1000000,0.6,0.52,0.67,never reached,,0.6435643564356436
realistic,1000000,0.6,0.55,0.33,reached,0.6741451839068062,0.6707317073170732
realistic,1000000,0.6,0.55,0.51,reached,2.2086182883987777,0.6707317073170732
realistic,1000000,0.6,0.55,0.67,reached,637.3668188736682,0.6707317073170732
realistic,1000000,0.6,0.6,0.33,reached,0.5835073246083075,0.7142857142857143
realistic,1000000,0.6,0.6,0.51,reached,1.6963629977328607,0.7142857142857143
realistic,1000000,0.6,0.6,0.67,reached,10.280109981833357,0.7142857142857143
realistic,1000000,0.6,0.75,0.33,reached,0.4157972723698933,0.8333333333333334
realistic,1000000,0.6,0.75,0.51,reached,1.0003295203125735,0.8333333333333334
realistic,1000000,0.6,0.75,0.67,reached,2.601497219892523,0.8333333333333334
realistic,1000000,0.6,1.0,0.33,reached,0.2811286035575547,1.0
realistic,1000000,0.6,1.0,0.51,reached,0.5940732457366509,1.0
realistic,1000000,0.6,1.0,0.67,reached,1.1588487615884877,1.0
realistic,1000000,0.7,0.05,0.33,never reached,,0.06993006993006994
realistic,1000000,0.7,0.05,0.51,never reached,,0.06993006993006994
realistic,1000000,0.7,0.05,0.67,never reached,,0.06993006993006994
realistic,1000000,0.7,0.1,0.33,never reached,,0.136986301369863
realistic,1000000,0.7,0.1,0.51,never reached,,0.136986301369863
realistic,1000000,0.7,0.1,0.67,never reached,,0.136986301369863
realistic,1000000,0.7,0.2,0.33,never reached,,0.2631578947368421
realistic,1000000,0.7,0.2,0.51,never reached,,0.2631578947368421
realistic,1000000,0.7,0.2,0.67,never reached,,0.2631578947368421
realistic,1000000,0.7,0.25,0.33,never reached,,0.3225806451612903
realistic,1000000,0.7,0.25,0.51,never reached,,0.3225806451612903
realistic,1000000,0.7,0.25,0.67,never reached,,0.3225806451612903
realistic,1000000,0.7,0.3,0.33,reached,5.591574006297419,0.379746835443038
realistic,1000000,0.7,0.3,0.51,never reached,,0.379746835443038
realistic,1000000,0.7,0.3,0.67,never reached,,0.379746835443038
realistic,1000000,0.7,0.34,0.33,reached,2.9167621243361905,0.4239401496259352
realistic,1000000,0.7,0.34,0.51,never reached,,0.4239401496259352
realistic,1000000,0.7,0.34,0.67,never reached,,0.4239401496259352
realistic,1000000,0.7,0.4,0.33,reached,1.6982137437982117,0.4878048780487805
realistic,1000000,0.7,0.4,0.51,never reached,,0.4878048780487805
realistic,1000000,0.7,0.4,0.67,never reached,,0.4878048780487805
realistic,1000000,0.7,0.52,0.33,reached,0.9251804414259371,0.6074766355140186
realistic,1000000,0.7,0.52,0.51,reached,4.070132695902669,0.6074766355140186
realistic,1000000,0.7,0.52,0.67,never reached,,0.6074766355140186
realistic,1000000,0.7,0.55,0.33,reached,0.8306515155830224,0.6358381502890174
realistic,1000000,0.7,0.55,0.51,reached,3.119998825412207,0.6358381502890174
realistic,1000000,0.7,0.55,0.67,never reached,,0.6358381502890174
realistic,1000000,0.7,0.6,0.33,reached,0.7097831345203119,0.6818181818181818
realistic,1000000,0.7,0.6,0.51,reached,2.2461102655166583,0.6818181818181818
realistic,1000000,0.7,0.6,0.67,reached,42.899689731881516,0.6818181818181818
realistic,1000000,0.7,0.75,0.33,reached,0.4940952410286421,0.8108108108108109
realistic,1000000,0.7,0.75,0.51,reached,1.2205278423939576,0.8108108108108109
realistic,1000000,0.7,0.75,0.67,reached,3.4253878941387157,0.8108108108108109
realistic,1000000,0.7,1.0,0.33,reached,0.3279833708171471,1.0
realistic,1000000,0.7,1.0,0.51,reached,0.693085453359426,1.0
realistic,1000000,0.7,1.0,0.67,reached,1.3519902218532356,1.0
realistic,1000000,0.8,0.05,0.33,never reached,,0.06172839506172839
realistic,1000000,0.8,0.05,0.51,never reached,,0.06172839506172839
realistic,1000000,0.8,0.05,0.67,never reached,,0.06172839506172839
realistic,1000000,0.8,0.1,0.33,never reached,,0.12195121951219512
realistic,1000000,0.8,0.1,0.51,never reached,,0.12195121951219512
realistic,1000000,0.8,0.1,0.67,never reached,,0.12195121951219512
realistic,1000000,0.8,0.2,0.33,never reached,,0.23809523809523808
realistic,1000000,0.8,0.2,0.51,never reached,,0.23809523809523808
realistic,1000000,0.8,0.2,0.67,never reached,,0.23809523809523808
realistic,1000000,0.8,0.25,0.33,never reached,,0.29411764705882354
realistic,1000000,0.8,0.25,0.51,never reached,,0.29411764705882354
realistic,1000000,0.8,0.25,0.67,never reached,,0.29411764705882354
realistic,1000000,0.8,0.3,0.33,reached,15.502564969840465,0.3488372093023256
realistic,1000000,0.8,0.3,0.51,never reached,,0.3488372093023256
realistic,1000000,0.8,0.3,0.67,never reached,,0.3488372093023256
realistic,1000000,0.8,0.34,0.33,reached,4.688975961751597,0.391705069124424
realistic,1000000,0.8,0.34,0.51,never reached,,0.391705069124424
realistic,1000000,0.8,0.34,0.67,never reached,,0.391705069124424
realistic,1000000,0.8,0.4,0.33,reached,2.291437522914375,0.45454545454545453
realistic,1000000,0.8,0.4,0.51,never reached,,0.45454545454545453
realistic,1000000,0.8,0.4,0.67,never reached,,0.45454545454545453
realistic,1000000,0.8,0.52,0.33,reached,1.1329012653889188,0.5752212389380531
realistic,1000000,0.8,0.52,0.51,reached,6.5829011852319965,0.5752212389380531
realistic,1000000,0.8,0.52,0.67,never reached,,0.5752212389380531
realistic,1000000,0.8,0.55,0.33,reached,1.0057731378110353,0.6043956043956044
realistic,1000000,0.8,0.55,0.51,reached,4.518368496871695,0.6043956043956044
realistic,1000000,0.8,0.55,0.67,never reached,,0.6043956043956044
realistic,1000000,0.8,0.6,0.33,reached,0.8473061825621306,0.6521739130434783
realistic,1000000,0.8,0.6,0.51,reached,2.967338332425677,0.6521739130434783
realistic,1000000,0.8,0.6,0.67,never reached,,0.6521739130434783
realistic,1000000,0.8,0.75,0.33,reached,0.5753529267157286,0.7894736842105263
realistic,1000000,0.8,0.75,0.51,reached,1.4618751558616894,0.7894736842105263
realistic,1000000,0.8,0.75,0.67,reached,4.492453348889291,0.7894736842105263
realistic,1000000,0.8,1.0,0.33,reached,0.3748381380767396,1.0
realistic,1000000,0.8,1.0,0.51,reached,0.7920976609822011,1.0
realistic,1000000,0.8,1.0,0.67,reached,1.5451316821179835,1.0
realistic,1000000,0.9,0.05,0.33,never reached,,0.055248618784530384
realistic,1000000,0.9,0.05,0.51,never reached,,0.055248618784530384
realistic,1000000,0.9,0.05,0.67,never reached,,0.055248618784530384
realistic,1000000,0.9,0.1,0.33,never reached,,0.10989010989010989
realistic,1000000,0.9,0.1,0.51,never reached,,0.10989010989010989
realistic,1000000,0.9,0.1,0.67,never reached,,0.10989010989010989
realistic,1000000,0.9,0.2,0.33,never reached,,0.21739130434782608
realistic,1000000,0.9,0.2,0.51,never reached,,0.21739130434782608
realistic,1000000,0.9,0.2,0.67,never reached,,0.21739130434782608
realistic,1000000,0.9,0.25,0.33,never reached,,0.2702702702702703
realistic,1000000,0.9,0.25,0.51,never reached,,0.2702702702702703
realistic,1000000,0.9,0.25,0.67,never reached,,0.2702702702702703
realistic,1000000,0.9,0.3,0.33,never reached,,0.3225806451612903
realistic,1000000,0.9,0.3,0.51,never reached,,0.3225806451612903
realistic,1000000,0.9,0.3,0.67,never reached,,0.3225806451612903
realistic,1000000,0.9,0.34,0.33,reached,8.890316128865402,0.3640256959314775
realistic,1000000,0.9,0.34,0.51,never reached,,0.3640256959314775
realistic,1000000,0.9,0.34,0.67,never reached,,0.3640256959314775
realistic,1000000,0.9,0.4,0.33,reached,3.146261097720963,0.425531914893617
realistic,1000000,0.9,0.4,0.51,never reached,,0.425531914893617
realistic,1000000,0.9,0.4,0.67,never reached,,0.425531914893617
realistic,1000000,0.9,0.52,0.33,reached,1.3725915593438713,0.5462184873949579
realistic,1000000,0.9,0.52,0.51,reached,12.663684327622923,0.5462184873949579
realistic,1000000,0.9,0.52,0.67,never reached,,0.5462184873949579
realistic,1000000,0.9,0.55,0.33,reached,1.2030412883770172,0.5759162303664922
realistic,1000000,0.9,0.55,0.51,reached,6.936359580880673,0.5759162303664922
realistic,1000000,0.9,0.55,0.67,never reached,,0.5759162303664922
realistic,1000000,0.9,0.6,0.33,reached,0.99764917576039,0.625
realistic,1000000,0.9,0.6,0.51,reached,3.9551072066706374,0.625
realistic,1000000,0.9,0.6,0.67,never reached,,0.625
realistic,1000000,0.9,0.75,0.33,reached,0.6597413813784996,0.7692307692307693
realistic,1000000,0.9,0.75,0.51,reached,1.72757204991667,0.7692307692307693
realistic,1000000,0.9,0.75,0.67,reached,5.9289936639411,0.7692307692307693
realistic,1000000,0.9,1.0,0.33,reached,0.421692905336332,1.0
realistic,1000000,0.9,1.0,0.51,reached,0.8911098686049762,1.0
realistic,1000000,0.9,1.0,0.67,reached,1.7382731423827313,1.0
realistic,1000000,1.0,0.05,0.33,never reached,,0.05
realistic,1000000,1.0,0.05,0.51,never reached,,0.05
realistic,1000000,1.0,0.05,0.67,never reached,,0.05
realistic,1000000,1.0,0.1,0.33,never reached,,0.1
realistic,1000000,1.0,0.1,0.51,never reached,,0.1
realistic,1000000,1.0,0.1,0.67,never reached,,0.1
realistic,1000000,1.0,0.2,0.33,never reached,,0.2
realistic,1000000,1.0,0.2,0.51,never reached,,0.2
realistic,1000000,1.0,0.2,0.67,never reached,,0.2
realistic,1000000,1.0,0.25,0.33,never reached,,0.25
realistic,1000000,1.0,0.25,0.51,never reached,,0.25
realistic,1000000,1.0,0.25,0.67,never reached,,0.25
realistic,1000000,1.0,0.3,0.33,never reached,,0.3
realistic,1000000,1.0,0.3,0.51,never reached,,0.3
realistic,1000000,1.0,0.3,0.67,never reached,,0.3
realistic,1000000,1.0,0.34,0.33,reached,31.39269406392694,0.34
realistic,1000000,1.0,0.34,0.51,never reached,,0.34
realistic,1000000,1.0,0.34,0.67,never reached,,0.34
realistic,1000000,1.0,0.4,0.33,reached,4.484670580560992,0.4
realistic,1000000,1.0,0.4,0.51,never reached,,0.4
realistic,1000000,1.0,0.4,0.67,never reached,,0.4
realistic,1000000,1.0,0.52,0.33,reached,1.6522470559961548,0.52
realistic,1000000,1.0,0.52,0.51,reached,48.51598173515982,0.52
realistic,1000000,1.0,0.52,0.67,never reached,,0.52
realistic,1000000,1.0,0.55,0.33,reached,1.4269406392694064,0.55
realistic,1000000,1.0,0.55,0.51,reached,12.128995433789955,0.55
realistic,1000000,1.0,0.55,0.67,never reached,,0.55
realistic,1000000,1.0,0.6,0.33,reached,1.162692372738035,0.6
realistic,1000000,1.0,0.6,0.51,reached,5.39066463723998,0.6
realistic,1000000,1.0,0.6,0.67,never reached,,0.6
realistic,1000000,1.0,0.75,0.33,reached,0.7474450967601652,0.75
realistic,1000000,1.0,0.75,0.51,reached,2.021499238964992,0.75
realistic,1000000,1.0,0.75,0.67,reached,7.967085235920853,0.75
realistic,1000000,1.0,1.0,0.33,reached,0.4685476725959245,1.0
realistic,1000000,1.0,1.0,0.51,reached,0.9901220762277514,1.0
realistic,1000000,1.0,1.0,0.67,reached,1.9314146026474794,1.0
realistic,2100000,0.5,0.05,0.33,never reached,,0.09523809523809523
realistic,2100000,0.5,0.05,0.51,never reached,,0.09523809523809523
realistic,2100000,0.5,0.05,0.67,never reached,,0.09523809523809523
realistic,2100000,0.5,0.1,0.33,never reached,,0.18181818181818182
realistic,2100000,0.5,0.1,0.51,never reached,,0.18181818181818182
realistic,2100000,0.5,0.1,0.67,never reached,,0.18181818181818182
realistic,2100000,0.5,0.2,0.33,reached,164.81164383561645,0.3333333333333333
realistic,2100000,0.5,0.2,0.51,never reached,,0.3333333333333333
realistic,2100000,0.5,0.2,0.67,never reached,,0.3333333333333333
realistic,2100000,0.5,0.25,0.33,reached,7.534246575342466,0.4
realistic,2100000,0.5,0.25,0.51,never reached,,0.4
realistic,2100000,0.5,0.25,0.67,never reached,,0.4
realistic,2100000,0.5,0.3,0.33,reached,3.8552431306576946,0.46153846153846156
realistic,2100000,0.5,0.3,0.51,never reached,,0.46153846153846156
realistic,2100000,0.5,0.3,0.67,never reached,,0.46153846153846156
realistic,2100000,0.5,0.34,0.33,reached,2.7722732352500663,0.5074626865671642
realistic,2100000,0.5,0.34,0.51,never reached,,0.5074626865671642
realistic,2100000,0.5,0.34,0.67,never reached,,0.5074626865671642
realistic,2100000,0.5,0.4,0.33,reached,1.9504336548593662,0.5714285714285714
realistic,2100000,0.5,0.4,0.51,reached,11.846925772539025,0.5714285714285714
realistic,2100000,0.5,0.4,0.67,never reached,,0.5714285714285714
realistic,2100000,0.5,0.52,0.33,reached,1.2244550062081458,0.6842105263157895
realistic,2100000,0.5,0.52,0.51,reached,3.847566527335182,0.6842105263157895
realistic,2100000,0.5,0.52,0.67,reached,61.966218501606626,0.6842105263157895
realistic,2100000,0.5,0.55,0.33,reached,1.1202150812956087,0.7096774193548387
realistic,2100000,0.5,0.55,0.51,reached,3.29187598203023,0.7096774193548387
realistic,2100000,0.5,0.55,0.67,reached,21.76374503471062,0.7096774193548387
realistic,2100000,0.5,0.6,0.33,reached,0.9810216894977168,0.75
realistic,2100000,0.5,0.6,0.51,reached,2.6532177511415527,0.75
realistic,2100000,0.5,0.6,0.67,reached,10.456799372146119,0.75
realistic,2100000,0.5,0.75,0.33,reached,0.7146304339755727,0.8571428571428571
realistic,2100000,0.5,0.75,0.51,reached,1.677095664919105,0.8571428571428571
realistic,2100000,0.5,0.75,0.67,reached,4.08693227369375,0.8571428571428571
realistic,2100000,0.5,1.0,0.33,reached,0.4919750562257207,1.0
realistic,2100000,0.5,1.0,0.51,reached,1.039628180039139,1.0
realistic,2100000,0.5,1.0,0.67,reached,2.027985332779853,1.0
realistic,2100000,0.6,0.05,0.33,never reached,,0.08064516129032258
realistic,2100000,0.6,0.05,0.51,never reached,,0.08064516129032258
realistic,2100000,0.6,0.05,0.67,never reached,,0.08064516129032258
realistic,2100000,0.6,0.1,0.33,never reached,,0.15625
realistic,2100000,0.6,0.1,0.51,never reached,,0.15625
realistic,2100000,0.6,0.1,0.67,never reached,,0.15625
realistic,2100000,0.6,0.2,0.33,never reached,,0.29411764705882354
realistic,2100000,0.6,0.2,0.51,never reached,,0.29411764705882354
realistic,2100000,0.6,0.2,0.67,never reached,,0.29411764705882354
realistic,2100000,0.6,0.25,0.33,reached,20.81831290555155,0.35714285714285715
realistic,2100000,0.6,0.25,0.51,never reached,,0.35714285714285715
realistic,2100000,0.6,0.25,0.67,never reached,,0.35714285714285715
realistic,2100000,0.6,0.3,0.33,reached,6.33890937829294,0.4166666666666667
realistic,2100000,0.6,0.3,0.51,never reached,,0.4166666666666667
realistic,2100000,0.6,0.3,0.67,never reached,,0.4166666666666667
realistic,2100000,0.6,0.34,0.33,reached,4.072775383087721,0.46195652173913043
realistic,2100000,0.6,0.34,0.51,never reached,,0.46195652173913043
realistic,2100000,0.6,0.34,0.67,never reached,,0.46195652173913043
realistic,2100000,0.6,0.4,0.33,reached,2.6511256381064308,0.5263157894736842
realistic,2100000,0.6,0.4,0.51,reached,49.29849756959788,0.5263157894736842
realistic,2100000,0.6,0.4,0.67,never reached,,0.5263157894736842
realistic,2100000,0.6,0.52,0.33,reached,1.5612091301131965,0.6435643564356436
realistic,2100000,0.6,0.52,0.51,reached,5.664393716299237,0.6435643564356436
realistic,2100000,0.6,0.52,0.67,never reached,,0.6435643564356436
realistic,2100000,0.6,0.55,0.33,reached,1.415704886204293,0.6707317073170732
realistic,2100000,0.6,0.55,0.51,reached,4.638098405637433,0.6707317073170732
realistic,2100000,0.6,0.55,0.67,reached,1338.4703196347032,0.6707317073170732
realistic,2100000,0.6,0.6,0.33,reached,1.2253653816774457,0.7142857142857143
realistic,2100000,0.6,0.6,0.51,reached,3.5623622952390077,0.7142857142857143
realistic,2100000,0.6,0.6,0.67,reached,21.58823096185005,0.7142857142857143
realistic,2100000,0.6,0.75,0.33,reached,0.8731742719767759,0.8333333333333334
realistic,2100000,0.6,0.75,0.51,reached,2.1006919926564045,0.8333333333333334
realistic,2100000,0.6,0.75,0.67,reached,5.463144161774299,0.8333333333333334
realistic,2100000,0.6,1.0,0.33,reached,0.5903700674708648,1.0
realistic,2100000,0.6,1.0,0.51,reached,1.2475538160469668,1.0
realistic,2100000,0.6,1.0,0.67,reached,2.433582399335824,1.0
realistic,2100000,0.7,0.05,0.33,never reached,,0.06993006993006994
realistic,2100000,0.7,0.05,0.51,never reached,,0.06993006993006994
realistic,2100000,0.7,0.05,0.67,never reached,,0.06993006993006994
realistic,2100000,0.7,0.1,0.33,never reached,,0.136986301369863
realistic,2100000,0.7,0.1,0.51,never reached,,0.136986301369863
realistic,2100000,0.7,0.1,0.67,never reached,,0.136986301369863
realistic,2100000,0.7,0.2,0.33,never reached,,0.2631578947368421
realistic,2100000,0.7,0.2,0.51,never reached,,0.2631578947368421
realistic,2100000,0.7,0.2,0.67,never reached,,0.2631578947368421
realistic,2100000,0.7,0.25,0.33,never reached,,0.3225806451612903
realistic,2100000,0.7,0.25,0.51,never reached,,0.3225806451612903
realistic,2100000,0.7,0.25,0.67,never reached,,0.3225806451612903
realistic,2100000,0.7,0.3,0.33,reached,11.742305413224582,0.379746835443038
realistic,2100000,0.7,0.3,0.51,never reached,,0.379746835443038
realistic,2100000,0.7,0.3,0.67,never reached,,0.379746835443038
realistic,2100000,0.7,0.34,0.33,reached,6.125200461106,0.4239401496259352
realistic,2100000,0.7,0.34,0.51,never reached,,0.4239401496259352
realistic,2100000,0.7,0.34,0.67,never reached,,0.4239401496259352
realistic,2100000,0.7,0.4,0.33,reached,3.5662488619762445,0.4878048780487805
realistic,2100000,0.7,0.4,0.51,never reached,,0.4878048780487805
realistic,2100000,0.7,0.4,0.67,never reached,,0.4878048780487805
realistic,2100000,0.7,0.52,0.33,reached,1.942878926994468,0.6074766355140186
realistic,2100000,0.7,0.52,0.51,reached,8.547278661395605,0.6074766355140186
realistic,2100000,0.7,0.52,0.67,never reached,,0.6074766355140186
realistic,2100000,0.7,0.55,0.33,reached,1.7443681827243471,0.6358381502890174
realistic,2100000,0.7,0.55,0.51,reached,6.551997533365634,0.6358381502890174
realistic,2100000,0.7,0.55,0.67,never reached,,0.6358381502890174
realistic,2100000,0.7,0.6,0.33,reached,1.490544582492655,0.6818181818181818
realistic,2100000,0.7,0.6,0.51,reached,4.716831557584983,0.6818181818181818
realistic,2100000,0.7,0.6,0.67,reached,90.08934843695117,0.6818181818181818
realistic,2100000,0.7,0.75,0.33,reached,1.0376000061601485,0.8108108108108109
realistic,2100000,0.7,0.75,0.51,reached,2.563108469027311,0.8108108108108109
realistic,2100000,0.7,0.75,0.67,reached,7.193314577691303,0.8108108108108109
realistic,2100000,0.7,1.0,0.33,reached,0.688765078716009,1.0
realistic,2100000,0.7,1.0,0.51,reached,1.4554794520547945,1.0
realistic,2100000,0.7,1.0,0.67,reached,2.8391794658917946,1.0
realistic,2100000,0.8,0.05,0.33,never reached,,0.06172839506172839
realistic,2100000,0.8,0.05,0.51,never reached,,0.06172839506172839
realistic,2100000,0.8,0.05,0.67,never reached,,0.06172839506172839
realistic,2100000,0.8,0.1,0.33,never reached,,0.12195121951219512
realistic,2100000,0.8,0.1,0.51,never reached,,0.12195121951219512
realistic,2100000,0.8,0.1,0.67,never reached,,0.12195121951219512
realistic,2100000,0.8,0.2,0.33,never reached,,0.23809523809523808
realistic,2100000,0.8,0.2,0.51,never reached,,0.23809523809523808
realistic,2100000,0.8,0.2,0.67,never reached,,0.23809523809523808
realistic,2100000,0.8,0.25,0.33,never reached,,0.29411764705882354
realistic,2100000,0.8,0.25,0.51,never reached,,0.29411764705882354
realistic,2100000,0.8,0.25,0.67,never reached,,0.29411764705882354
realistic,2100000,0.8,0.3,0.33,reached,32.555386436664975,0.3488372093023256
realistic,2100000,0.8,0.3,0.51,never reached,,0.3488372093023256
realistic,2100000,0.8,0.3,0.67,never reached,,0.3488372093023256
realistic,2100000,0.8,0.34,0.33,reached,9.846849519678353,0.391705069124424
realistic,2100000,0.8,0.34,0.51,never reached,,0.391705069124424
realistic,2100000,0.8,0.34,0.67,never reached,,0.391705069124424
realistic,2100000,0.8,0.4,0.33,reached,4.812018798120188,0.45454545454545453
realistic,2100000,0.8,0.4,0.51,never reached,,0.45454545454545453
realistic,2100000,0.8,0.4,0.67,never reached,,0.45454545454545453
realistic,2100000,0.8,0.52,0.33,reached,2.3790926573167295,0.5752212389380531
realistic,2100000,0.8,0.52,0.51,reached,13.824092488987194,0.5752212389380531
realistic,2100000,0.8,0.52,0.67,never reached,,0.5752212389380531
realistic,2100000,0.8,0.55,0.33,reached,2.1121235894031742,0.6043956043956044
realistic,2100000,0.8,0.55,0.51,reached,9.488573843430558,0.6043956043956044
realistic,2100000,0.8,0.55,0.67,never reached,,0.6043956043956044
realistic,2100000,0.8,0.6,0.33,reached,1.7793429833804744,0.6521739130434783
realistic,2100000,0.8,0.6,0.51,reached,6.231410498093921,0.6521739130434783
realistic,2100000,0.8,0.6,0.67,never reached,,0.6521739130434783
realistic,2100000,0.8,0.75,0.33,reached,1.20824114610303,0.7894736842105263
realistic,2100000,0.8,0.75,0.51,reached,3.069937827309548,0.7894736842105263
realistic,2100000,0.8,0.75,0.67,reached,9.434152032667512,0.7894736842105263
realistic,2100000,0.8,1.0,0.33,reached,0.7871600899611532,1.0
realistic,2100000,0.8,1.0,0.51,reached,1.6634050880626223,1.0
realistic,2100000,0.8,1.0,0.67,reached,3.2447765324477653,1.0
realistic,2100000,0.9,0.05,0.33,never reached,,0.055248618784530384
realistic,2100000,0.9,0.05,0.51,never reached,,0.055248618784530384
realistic,2100000,0.9,0.05,0.67,never reached,,0.055248618784530384
realistic,2100000,0.9,0.1,0.33,never reached,,0.10989010989010989
realistic,2100000,0.9,0.1,0.51,never reached,,0.10989010989010989
realistic,2100000,0.9,0.1,0.67,never reached,,0.10989010989010989
realistic,2100000,0.9,0.2,0.33,never reached,,0.21739130434782608
realistic,2100000,0.9,0.2,0.51,never reached,,0.21739130434782608
realistic,2100000,0.9,0.2,0.67,never reached,,0.21739130434782608
realistic,2100000,0.9,0.25,0.33,never reached,,0.2702702702702703
realistic,2100000,0.9,0.25,0.51,never reached,,0.2702702702702703
realistic,2100000,0.9,0.25,0.67,never reached,,0.2702702702702703
realistic,2100000,0.9,0.3,0.33,never reached,,0.3225806451612903
realistic,2100000,0.9,0.3,0.51,never reached,,0.3225806451612903
realistic,2100000,0.9,0.3,0.67,never reached,,0.3225806451612903
realistic,2100000,0.9,0.34,0.33,reached,18.669663870617345,0.3640256959314775
realistic,2100000,0.9,0.34,0.51,never reached,,0.3640256959314775
realistic,2100000,0.9,0.34,0.67,never reached,,0.3640256959314775
realistic,2100000,0.9,0.4,0.33,reached,6.607148305214022,0.425531914893617
realistic,2100000,0.9,0.4,0.51,never reached,,0.425531914893617
realistic,2100000,0.9,0.4,0.67,never reached,,0.425531914893617
realistic,2100000,0.9,0.52,0.33,reached,2.8824422746221297,0.5462184873949579
realistic,2100000,0.9,0.52,0.51,reached,26.593737088008137,0.5462184873949579
realistic,2100000,0.9,0.52,0.67,never reached,,0.5462184873949579
realistic,2100000,0.9,0.55,0.33,reached,2.5263867055917357,0.5759162303664922
realistic,2100000,0.9,0.55,0.51,reached,14.566355119849414,0.5759162303664922
realistic,2100000,0.9,0.55,0.67,never reached,,0.5759162303664922
realistic,2100000,0.9,0.6,0.33,reached,2.095063269096819,0.625
realistic,2100000,0.9,0.6,0.51,reached,8.305725134008338,0.625
realistic,2100000,0.9,0.6,0.67,never reached,,0.625
realistic,2100000,0.9,0.75,0.33,reached,1.3854569008948492,0.7692307692307693
realistic,2100000,0.9,0.75,0.51,reached,3.627901304825007,0.7692307692307693
realistic,2100000,0.9,0.75,0.67,reached,12.450886694276308,0.7692307692307693
realistic,2100000,0.9,1.0,0.33,reached,0.8855551012062973,1.0
realistic,2100000,0.9,1.0,0.51,reached,1.8713307240704502,1.0
realistic,2100000,0.9,1.0,0.67,reached,3.650373599003736,1.0
realistic,2100000,1.0,0.05,0.33,never reached,,0.05
realistic,2100000,1.0,0.05,0.51,never reached,,0.05
realistic,2100000,1.0,0.05,0.67,never reached,,0.05
realistic,2100000,1.0,0.1,0.33,never reached,,0.1
realistic,2100000,1.0,0.1,0.51,never reached,,0.1
realistic,2100000,1.0,0.1,0.67,never reached,,0.1
realistic,2100000,1.0,0.2,0.33,never reached,,0.2
realistic,2100000,1.0,0.2,0.51,never reached,,0.2
realistic,2100000,1.0,0.2,0.67,never reached,,0.2
realistic,2100000,1.0,0.25,0.33,never reached,,0.25
realistic,2100000,1.0,0.25,0.51,never reached,,0.25
realistic,2100000,1.0,0.25,0.67,never reached,,0.25
realistic,2100000,1.0,0.3,0.33,never reached,,0.3
realistic,2100000,1.0,0.3,0.51,never reached,,0.3
realistic,2100000,1.0,0.3,0.67,never reached,,0.3
realistic,2100000,1.0,0.34,0.33,reached,65.92465753424658,0.34
realistic,2100000,1.0,0.34,0.51,never reached,,0.34
realistic,2100000,1.0,0.34,0.67,never reached,,0.34
realistic,2100000,1.0,0.4,0.33,reached,9.417808219178083,0.4
realistic,2100000,1.0,0.4,0.51,never reached,,0.4
realistic,2100000,1.0,0.4,0.67,never reached,,0.4
realistic,2100000,1.0,0.52,0.33,reached,3.469718817591925,0.52
realistic,2100000,1.0,0.52,0.51,reached,101.88356164383562,0.52
realistic,2100000,1.0,0.52,0.67,never reached,,0.52
realistic,2100000,1.0,0.55,0.33,reached,2.9965753424657535,0.55
realistic,2100000,1.0,0.55,0.51,reached,25.470890410958905,0.55
realistic,2100000,1.0,0.55,0.67,never reached,,0.55
realistic,2100000,1.0,0.6,0.33,reached,2.441653982749873,0.6
realistic,2100000,1.0,0.6,0.51,reached,11.320395738203958,0.6
realistic,2100000,1.0,0.6,0.67,never reached,,0.6
realistic,2100000,1.0,0.75,0.33,reached,1.5696347031963471,0.75
realistic,2100000,1.0,0.75,0.51,reached,4.2451484018264845,0.75
realistic,2100000,1.0,0.75,0.67,reached,16.73087899543379,0.75
realistic,2100000,1.0,1.0,0.33,reached,0.9839501124514414,1.0
realistic,2100000,1.0,1.0,0.51,reached,2.079256360078278,1.0
realistic,2100000,1.0,1.0,0.67,reached,4.055970665559706,1.0
realistic,2900000,0.5,0.05,0.33,never reached,,0.09523809523809523
realistic,2900000,0.5,0.05,0.51,never reached,,0.09523809523809523
realistic,2900000,0.5,0.05,0.67,never reached,,0.09523809523809523
realistic,2900000,0.5,0.1,0.33,never reached,,0.18181818181818182
realistic,2900000,0.5,0.1,0.51,never reached,,0.18181818181818182
realistic,2900000,0.5,0.1,0.67,never reached,,0.18181818181818182
realistic,2900000,0.5,0.2,0.33,reached,227.59703196347033,0.3333333333333333
realistic,2900000,0.5,0.2,0.51,never reached,,0.3333333333333333
realistic,2900000,0.5,0.2,0.67,never reached,,0.3333333333333333
realistic,2900000,0.5,0.25,0.33,reached,10.4044357469015,0.4
realistic,2900000,0.5,0.25,0.51,never reached,,0.4
realistic,2900000,0.5,0.25,0.67,never reached,,0.4
realistic,2900000,0.5,0.3,0.33,reached,5.323907180432054,0.46153846153846156
realistic,2900000,0.5,0.3,0.51,never reached,,0.46153846153846156
realistic,2900000,0.5,0.3,0.67,never reached,,0.46153846153846156
realistic,2900000,0.5,0.34,0.33,reached,3.8283773248691393,0.5074626865671642
realistic,2900000,0.5,0.34,0.51,never reached,,0.5074626865671642
realistic,2900000,0.5,0.34,0.67,never reached,,0.5074626865671642
realistic,2900000,0.5,0.4,0.33,reached,2.693455999567696,0.5714285714285714
realistic,2900000,0.5,0.4,0.51,reached,16.36004035255389,0.5714285714285714
realistic,2900000,0.5,0.4,0.67,never reached,,0.5714285714285714
realistic,2900000,0.5,0.52,0.33,reached,1.6909140561922016,0.6842105263157895
realistic,2900000,0.5,0.52,0.51,reached,5.313306156796203,0.6842105263157895
realistic,2900000,0.5,0.52,0.67,reached,85.57239697840916,0.6842105263157895
realistic,2900000,0.5,0.55,0.33,reached,1.546963683693936,0.7096774193548387
realistic,2900000,0.5,0.55,0.51,reached,4.5459239751846034,0.7096774193548387
realistic,2900000,0.5,0.55,0.67,reached,30.05469552412419,0.7096774193548387
realistic,2900000,0.5,0.6,0.33,reached,1.3547442378777996,0.75
realistic,2900000,0.5,0.6,0.51,reached,3.6639673706240488,0.75
realistic,2900000,0.5,0.6,0.67,reached,14.440341990106544,0.75
realistic,2900000,0.5,0.75,0.33,reached,0.9868705992996003,0.8571428571428571
realistic,2900000,0.5,0.75,0.51,reached,2.3159892515549543,0.8571428571428571
realistic,2900000,0.5,0.75,0.67,reached,5.643858854148513,0.8571428571428571
realistic,2900000,0.5,1.0,0.33,reached,0.6793941252640905,1.0
realistic,2900000,0.5,1.0,0.51,reached,1.4356770105302394,1.0
realistic,2900000,0.5,1.0,0.67,reached,2.800551173838845,1.0
realistic,2900000,0.6,0.05,0.33,never reached,,0.08064516129032258
realistic,2900000,0.6,0.05,0.51,never reached,,0.08064516129032258
realistic,2900000,0.6,0.05,0.67,never reached,,0.08064516129032258
realistic,2900000,0.6,0.1,0.33,never reached,,0.15625
realistic,2900000,0.6,0.1,0.51,never reached,,0.15625
realistic,2900000,0.6,0.1,0.67,never reached,,0.15625
realistic,2900000,0.6,0.2,0.33,never reached,,0.29411764705882354
realistic,2900000,0.6,0.2,0.51,never reached,,0.29411764705882354
realistic,2900000,0.6,0.2,0.67,never reached,,0.29411764705882354
realistic,2900000,0.6,0.25,0.33,reached,28.749098774333092,0.35714285714285715
realistic,2900000,0.6,0.25,0.51,never reached,,0.35714285714285715
realistic,2900000,0.6,0.25,0.67,never reached,,0.35714285714285715
realistic,2900000,0.6,0.3,0.33,reached,8.753731998595013,0.4166666666666667
realistic,2900000,0.6,0.3,0.51,never reached,,0.4166666666666667
realistic,2900000,0.6,0.3,0.67,never reached,,0.4166666666666667
realistic,2900000,0.6,0.34,0.33,reached,5.624308862359234,0.46195652173913043
realistic,2900000,0.6,0.34,0.51,never reached,,0.46195652173913043
realistic,2900000,0.6,0.34,0.67,never reached,,0.46195652173913043
realistic,2900000,0.6,0.4,0.33,reached,3.6610782621469755,0.5263157894736842
realistic,2900000,0.6,0.4,0.51,reached,68.07887759611135,0.5263157894736842
realistic,2900000,0.6,0.4,0.67,never reached,,0.5263157894736842
realistic,2900000,0.6,0.52,0.33,reached,2.155955465394414,0.6435643564356436
realistic,2900000,0.6,0.52,0.51,reached,7.822257989175137,0.6435643564356436
realistic,2900000,0.6,0.52,0.67,never reached,,0.6435643564356436
realistic,2900000,0.6,0.55,0.33,reached,1.955021033329738,0.6707317073170732
realistic,2900000,0.6,0.55,0.51,reached,6.404993036356456,0.6707317073170732
realistic,2900000,0.6,0.55,0.67,reached,1848.3637747336377,0.6707317073170732
realistic,2900000,0.6,0.6,0.33,reached,1.6921712413640917,0.7142857142857143
realistic,2900000,0.6,0.6,0.51,reached,4.9194526934252965,0.7142857142857143
realistic,2900000,0.6,0.6,0.67,reached,29.812318947316736,0.7142857142857143
realistic,2900000,0.6,0.75,0.33,reached,1.2058120898726905,0.8333333333333334
realistic,2900000,0.6,0.75,0.51,reached,2.900955608906463,0.8333333333333334
realistic,2900000,0.6,0.75,0.67,reached,7.544341937688317,0.8333333333333334
realistic,2900000,0.6,1.0,0.33,reached,0.8152729503169086,1.0
realistic,2900000,0.6,1.0,0.51,reached,1.7228124126362874,1.0
realistic,2900000,0.6,1.0,0.67,reached,3.360661408606614,1.0
realistic,2900000,0.7,0.05,0.33,never reached,,0.06993006993006994
realistic,2900000,0.7,0.05,0.51,never reached,,0.06993006993006994
realistic,2900000,0.7,0.05,0.67,never reached,,0.06993006993006994
realistic,2900000,0.7,0.1,0.33,never reached,,0.136986301369863
realistic,2900000,0.7,0.1,0.51,never reached,,0.136986301369863
realistic,2900000,0.7,0.1,0.67,never reached,,0.136986301369863
realistic,2900000,0.7,0.2,0.33,never reached,,0.2631578947368421
realistic,2900000,0.7,0.2,0.51,never reached,,0.2631578947368421
realistic,2900000,0.7,0.2,0.67,never reached,,0.2631578947368421
realistic,2900000,0.7,0.25,0.33,never reached,,0.3225806451612903
realistic,2900000,0.7,0.25,0.51,never reached,,0.3225806451612903
realistic,2900000,0.7,0.25,0.67,never reached,,0.3225806451612903
realistic,2900000,0.7,0.3,0.33,reached,16.215564618262515,0.379746835443038
realistic,2900000,0.7,0.3,0.51,never reached,,0.379746835443038
realistic,2900000,0.7,0.3,0.67,never reached,,0.379746835443038
realistic,2900000,0.7,0.34,0.33,reached,8.458610160574953,0.4239401496259352
realistic,2900000,0.7,0.34,0.51,never reached,,0.4239401496259352
realistic,2900000,0.7,0.34,0.67,never reached,,0.4239401496259352
realistic,2900000,0.7,0.4,0.33,reached,4.924819857014814,0.4878048780487805
realistic,2900000,0.7,0.4,0.51,never reached,,0.4878048780487805
realistic,2900000,0.7,0.4,0.67,never reached,,0.4878048780487805
realistic,2900000,0.7,0.52,0.33,reached,2.6830232801352176,0.6074766355140186
realistic,2900000,0.7,0.52,0.51,reached,11.80338481811774,0.6074766355140186
realistic,2900000,0.7,0.52,0.67,never reached,,0.6074766355140186
realistic,2900000,0.7,0.55,0.33,reached,2.408889395190765,0.6358381502890174
realistic,2900000,0.7,0.55,0.51,reached,9.0479965936954,0.6358381502890174
realistic,2900000,0.7,0.55,0.67,never reached,,0.6358381502890174
realistic,2900000,0.7,0.6,0.33,reached,2.0583710901089045,0.6818181818181818
realistic,2900000,0.7,0.6,0.51,reached,6.513719769998309,0.6818181818181818
realistic,2900000,0.7,0.6,0.67,reached,124.40910022245639,0.6818181818181818
realistic,2900000,0.7,0.75,0.33,reached,1.432876198983062,0.8108108108108109
realistic,2900000,0.7,0.75,0.51,reached,3.5395307429424774,0.8108108108108109
realistic,2900000,0.7,0.75,0.67,reached,9.933624893002277,0.8108108108108109
realistic,2900000,0.7,1.0,0.33,reached,0.9511517753697267,1.0
realistic,2900000,0.7,1.0,0.51,reached,2.0099478147423353,1.0
realistic,2900000,0.7,1.0,0.67,reached,3.920771643374383,1.0
realistic,2900000,0.8,0.05,0.33,never reached,,0.06172839506172839
realistic,2900000,0.8,0.05,0.51,never reached,,0.06172839506172839
realistic,2900000,0.8,0.05,0.67,never reached,,0.06172839506172839
realistic,2900000,0.8,0.1,0.33,never reached,,0.12195121951219512
realistic,2900000,0.8,0.1,0.51,never reached,,0.12195121951219512
realistic,2900000,0.8,0.1,0.67,never reached,,0.12195121951219512
realistic,2900000,0.8,0.2,0.33,never reached,,0.23809523809523808
realistic,2900000,0.8,0.2,0.51,never reached,,0.23809523809523808
realistic,2900000,0.8,0.2,0.67,never reached,,0.23809523809523808
realistic,2900000,0.8,0.25,0.33,never reached,,0.29411764705882354
realistic,2900000,0.8,0.25,0.51,never reached,,0.29411764705882354
realistic,2900000,0.8,0.25,0.67,never reached,,0.29411764705882354
realistic,2900000,0.8,0.3,0.33,reached,44.95743841253735,0.3488372093023256
realistic,2900000,0.8,0.3,0.51,never reached,,0.3488372093023256
realistic,2900000,0.8,0.3,0.67,never reached,,0.3488372093023256
realistic,2900000,0.8,0.34,0.33,reached,13.598030289079631,0.391705069124424
realistic,2900000,0.8,0.34,0.51,never reached,,0.391705069124424
realistic,2900000,0.8,0.34,0.67,never reached,,0.391705069124424
realistic,2900000,0.8,0.4,0.33,reached,6.645168816451688,0.45454545454545453
realistic,2900000,0.8,0.4,0.51,never reached,,0.45454545454545453
realistic,2900000,0.8,0.4,0.67,never reached,,0.45454545454545453
realistic,2900000,0.8,0.52,0.33,reached,3.2854136696278644,0.5752212389380531
realistic,2900000,0.8,0.52,0.51,reached,19.090413437172792,0.5752212389380531
realistic,2900000,0.8,0.52,0.67,never reached,,0.5752212389380531
realistic,2900000,0.8,0.55,0.33,reached,2.9167420996520024,0.6043956043956044
realistic,2900000,0.8,0.55,0.51,reached,13.103268640927913,0.6043956043956044
realistic,2900000,0.8,0.55,0.67,never reached,,0.6043956043956044
realistic,2900000,0.8,0.6,0.33,reached,2.457187929430179,0.6521739130434783
realistic,2900000,0.8,0.6,0.51,reached,8.605281164034462,0.6521739130434783
realistic,2900000,0.8,0.6,0.67,never reached,,0.6521739130434783
realistic,2900000,0.8,0.75,0.33,reached,1.668523487475613,0.7894736842105263
realistic,2900000,0.8,0.75,0.51,reached,4.239437951998899,0.7894736842105263
realistic,2900000,0.8,0.75,0.67,reached,13.028114711778944,0.7894736842105263
realistic,2900000,0.8,1.0,0.33,reached,1.0870306004225447,1.0
realistic,2900000,0.8,1.0,0.51,reached,2.297083216848383,1.0
realistic,2900000,0.8,1.0,0.67,reached,4.480881878142152,1.0
realistic,2900000,0.9,0.05,0.33,never reached,,0.055248618784530384
realistic,2900000,0.9,0.05,0.51,never reached,,0.055248618784530384
realistic,2900000,0.9,0.05,0.67,never reached,,0.055248618784530384
realistic,2900000,0.9,0.1,0.33,never reached,,0.10989010989010989
realistic,2900000,0.9,0.1,0.51,never reached,,0.10989010989010989
realistic,2900000,0.9,0.1,0.67,never reached,,0.10989010989010989
realistic,2900000,0.9,0.2,0.33,never reached,,0.21739130434782608
realistic,2900000,0.9,0.2,0.51,never reached,,0.21739130434782608
realistic,2900000,0.9,0.2,0.67,never reached,,0.21739130434782608
realistic,2900000,0.9,0.25,0.33,never reached,,0.2702702702702703
realistic,2900000,0.9,0.25,0.51,never reached,,0.2702702702702703
realistic,2900000,0.9,0.25,0.67,never reached,,0.2702702702702703
realistic,2900000,0.9,0.3,0.33,never reached,,0.3225806451612903
realistic,2900000,0.9,0.3,0.51,never reached,,0.3225806451612903
realistic,2900000,0.9,0.3,0.67,never reached,,0.3225806451612903
realistic,2900000,0.9,0.34,0.33,reached,25.781916773709664,0.3640256959314775
realistic,2900000,0.9,0.34,0.51,never reached,,0.3640256959314775
realistic,2900000,0.9,0.34,0.67,never reached,,0.3640256959314775
realistic,2900000,0.9,0.4,0.33,reached,9.124157183390793,0.425531914893617
realistic,2900000,0.9,0.4,0.51,never reached,,0.425531914893617
realistic,2900000,0.9,0.4,0.67,never reached,,0.425531914893617
realistic,2900000,0.9,0.52,0.33,reached,3.980515522097227,0.5462184873949579
realistic,2900000,0.9,0.52,0.51,reached,36.724684550106474,0.5462184873949579
realistic,2900000,0.9,0.52,0.67,never reached,,0.5462184873949579
realistic,2900000,0.9,0.55,0.33,reached,3.4888197362933497,0.5759162303664922
realistic,2900000,0.9,0.55,0.51,reached,20.115442784553952,0.5759162303664922
realistic,2900000,0.9,0.55,0.67,never reached,,0.5759162303664922
realistic,2900000,0.9,0.6,0.33,reached,2.893182609705131,0.625
realistic,2900000,0.9,0.6,0.51,reached,11.469810899344848,0.625
realistic,2900000,0.9,0.6,0.67,never reached,,0.625
realistic,2900000,0.9,0.75,0.33,reached,1.913250005997649,0.7692307692307693
realistic,2900000,0.9,0.75,0.51,reached,5.009958944758343,0.7692307692307693
realistic,2900000,0.9,0.75,0.67,reached,17.194081625429188,0.7692307692307693
realistic,2900000,0.9,1.0,0.33,reached,1.222909425475363,1.0
realistic,2900000,0.9,1.0,0.51,reached,2.584218618954431,1.0
realistic,2900000,0.9,1.0,0.67,reached,5.0409921129099216,1.0
realistic,2900000,1.0,0.05,0.33,never reached,,0.05
realistic,2900000,1.0,0.05,0.51,never reached,,0.05
realistic,2900000,1.0,0.05,0.67,never reached,,0.05
realistic,2900000,1.0,0.1,0.33,never reached,,0.1
realistic,2900000,1.0,0.1,0.51,never reached,,0.1
realistic,2900000,1.0,0.1,0.67,never reached,,0.1
realistic,2900000,1.0,0.2,0.33,never reached,,0.2
realistic,2900000,1.0,0.2,0.51,never reached,,0.2
realistic,2900000,1.0,0.2,0.67,never reached,,0.2
realistic,2900000,1.0,0.25,0.33,never reached,,0.25
realistic,2900000,1.0,0.25,0.51,never reached,,0.25
realistic,2900000,1.0,0.25,0.67,never reached,,0.25
realistic,2900000,1.0,0.3,0.33,never reached,,0.3
realistic,2900000,1.0,0.3,0.51,never reached,,0.3
realistic,2900000,1.0,0.3,0.67,never reached,,0.3
realistic,2900000,1.0,0.34,0.33,reached,91.03881278538813,0.34
realistic,2900000,1.0,0.34,0.51,never reached,,0.34
realistic,2900000,1.0,0.34,0.67,never reached,,0.34
realistic,2900000,1.0,0.4,0.33,reached,13.005544683626875,0.4
realistic,2900000,1.0,0.4,0.51,never reached,,0.4
realistic,2900000,1.0,0.4,0.67,never reached,,0.4
realistic,2900000,1.0,0.52,0.33,reached,4.791516462388849,0.52
realistic,2900000,1.0,0.52,0.51,reached,140.69634703196348,0.52
realistic,2900000,1.0,0.52,0.67,never reached,,0.52
realistic,2900000,1.0,0.55,0.33,reached,4.1381278538812785,0.55
realistic,2900000,1.0,0.55,0.51,reached,35.17408675799087,0.55
realistic,2900000,1.0,0.55,0.67,never reached,,0.55
realistic,2900000,1.0,0.6,0.33,reached,3.371807880940301,0.6
realistic,2900000,1.0,0.6,0.51,reached,15.632927447995941,0.6
realistic,2900000,1.0,0.6,0.67,never reached,,0.6
realistic,2900000,1.0,0.75,0.33,reached,2.1675907806044794,0.75
realistic,2900000,1.0,0.75,0.51,reached,5.862347792998478,0.75
realistic,2900000,1.0,0.75,0.67,reached,23.10454718417047,0.75
realistic,2900000,1.0,1.0,0.33,reached,1.358788250528181,1.0
realistic,2900000,1.0,1.0,0.51,reached,2.871354021060479,1.0
realistic,2900000,1.0,1.0,0.67,reached,5.60110234767769,1.0
realistic,5000000,0.5,0.05,0.33,never reached,,0.09523809523809523
realistic,5000000,0.5,0.05,0.51,never reached,,0.09523809523809523
realistic,5000000,0.5,0.05,0.67,never reached,,0.09523809523809523
realistic,5000000,0.5,0.1,0.33,never reached,,0.18181818181818182
realistic,5000000,0.5,0.1,0.51,never reached,,0.18181818181818182
realistic,5000000,0.5,0.1,0.67,never reached,,0.18181818181818182
realistic,5000000,0.5,0.2,0.33,reached,392.4086757990868,0.3333333333333333
realistic,5000000,0.5,0.2,0.51,never reached,,0.3333333333333333
realistic,5000000,0.5,0.2,0.67,never reached,,0.3333333333333333
realistic,5000000,0.5,0.25,0.33,reached,17.938682322243967,0.4
realistic,5000000,0.5,0.25,0.51,never reached,,0.4
realistic,5000000,0.5,0.25,0.67,never reached,,0.4
realistic,5000000,0.5,0.3,0.33,reached,9.17915031108975,0.46153846153846156
realistic,5000000,0.5,0.3,0.51,never reached,,0.46153846153846156
realistic,5000000,0.5,0.3,0.67,never reached,,0.46153846153846156
realistic,5000000,0.5,0.34,0.33,reached,6.600650560119205,0.5074626865671642
realistic,5000000,0.5,0.34,0.51,never reached,,0.5074626865671642
realistic,5000000,0.5,0.34,0.67,never reached,,0.5074626865671642
realistic,5000000,0.5,0.4,0.33,reached,4.6438896544270625,0.5714285714285714
realistic,5000000,0.5,0.4,0.51,reached,28.20696612509292,0.5714285714285714
realistic,5000000,0.5,0.4,0.67,never reached,,0.5714285714285714
realistic,5000000,0.5,0.52,0.33,reached,2.915369062400347,0.6842105263157895
realistic,5000000,0.5,0.52,0.51,reached,9.160872684131386,0.6842105263157895
realistic,5000000,0.5,0.52,0.67,reached,147.53861548001578,0.6842105263157895
realistic,5000000,0.5,0.55,0.33,reached,2.667178764989545,0.7096774193548387
realistic,5000000,0.5,0.55,0.51,reached,7.837799957214833,0.7096774193548387
realistic,5000000,0.5,0.55,0.67,reached,51.818440558834816,0.7096774193548387
realistic,5000000,0.5,0.6,0.33,reached,2.3357659273755162,0.75
realistic,5000000,0.5,0.6,0.51,reached,6.317185121765601,0.75
realistic,5000000,0.5,0.6,0.67,reached,24.897141362252665,0.75
realistic,5000000,0.5,0.75,0.33,reached,1.701501033275173,0.8571428571428571
realistic,5000000,0.5,0.75,0.51,reached,3.993084916474059,0.8571428571428571
realistic,5000000,0.5,0.75,0.67,reached,9.730791127842263,0.8571428571428571
realistic,5000000,0.5,1.0,0.33,reached,1.1713691814898113,1.0
realistic,5000000,0.5,1.0,0.51,reached,2.4753051905693786,1.0
realistic,5000000,0.5,1.0,0.67,reached,4.828536506618699,1.0
realistic,5000000,0.6,0.05,0.33,never reached,,0.08064516129032258
realistic,5000000,0.6,0.05,0.51,never reached,,0.08064516129032258
realistic,5000000,0.6,0.05,0.67,never reached,,0.08064516129032258
realistic,5000000,0.6,0.1,0.33,never reached,,0.15625
realistic,5000000,0.6,0.1,0.51,never reached,,0.15625
realistic,5000000,0.6,0.1,0.67,never reached,,0.15625
realistic,5000000,0.6,0.2,0.33,never reached,,0.29411764705882354
realistic,5000000,0.6,0.2,0.51,never reached,,0.29411764705882354
realistic,5000000,0.6,0.2,0.67,never reached,,0.29411764705882354
realistic,5000000,0.6,0.25,0.33,reached,49.56741167988464,0.35714285714285715
realistic,5000000,0.6,0.25,0.51,never reached,,0.35714285714285715
realistic,5000000,0.6,0.25,0.67,never reached,,0.35714285714285715
realistic,5000000,0.6,0.3,0.33,reached,15.092641376887952,0.4166666666666667
realistic,5000000,0.6,0.3,0.51,never reached,,0.4166666666666667
realistic,5000000,0.6,0.3,0.67,never reached,,0.4166666666666667
realistic,5000000,0.6,0.34,0.33,reached,9.697084245446954,0.46195652173913043
realistic,5000000,0.6,0.34,0.51,never reached,,0.46195652173913043
realistic,5000000,0.6,0.34,0.67,never reached,,0.46195652173913043
realistic,5000000,0.6,0.4,0.33,reached,6.312203900253406,0.5263157894736842
realistic,5000000,0.6,0.4,0.51,reached,117.37737516570924,0.5263157894736842
realistic,5000000,0.6,0.4,0.67,never reached,,0.5263157894736842
realistic,5000000,0.6,0.52,0.33,reached,3.7171645955076107,0.6435643564356436
realistic,5000000,0.6,0.52,0.51,reached,13.486651705474374,0.6435643564356436
realistic,5000000,0.6,0.52,0.67,never reached,,0.6435643564356436
realistic,5000000,0.6,0.55,0.33,reached,3.370725919534031,0.6707317073170732
realistic,5000000,0.6,0.55,0.51,reached,11.043091441993889,0.6707317073170732
realistic,5000000,0.6,0.55,0.67,reached,3186.834094368341,0.6707317073170732
realistic,5000000,0.6,0.6,0.33,reached,2.917536623041537,0.7142857142857143
realistic,5000000,0.6,0.6,0.51,reached,8.481814988664304,0.7142857142857143
realistic,5000000,0.6,0.6,0.67,reached,51.40054990916679,0.7142857142857143
realistic,5000000,0.6,0.75,0.33,reached,2.0789863618494664,0.8333333333333334
realistic,5000000,0.6,0.75,0.51,reached,5.001647601562868,0.8333333333333334
realistic,5000000,0.6,0.75,0.67,reached,13.007486099462616,0.8333333333333334
realistic,5000000,0.6,1.0,0.33,reached,1.4056430177877735,1.0
realistic,5000000,0.6,1.0,0.51,reached,2.970366228683254,1.0
realistic,5000000,0.6,1.0,0.67,reached,5.794243807942438,1.0
realistic,5000000,0.7,0.05,0.33,never reached,,0.06993006993006994
realistic,5000000,0.7,0.05,0.51,never reached,,0.06993006993006994
realistic,5000000,0.7,0.05,0.67,never reached,,0.06993006993006994
realistic,5000000,0.7,0.1,0.33,never reached,,0.136986301369863
realistic,5000000,0.7,0.1,0.51,never reached,,0.136986301369863
realistic,5000000,0.7,0.1,0.67,never reached,,0.136986301369863
realistic,5000000,0.7,0.2,0.33,never reached,,0.2631578947368421
realistic,5000000,0.7,0.2,0.51,never reached,,0.2631578947368421
realistic,5000000,0.7,0.2,0.67,never reached,,0.2631578947368421
realistic,5000000,0.7,0.25,0.33,never reached,,0.3225806451612903
realistic,5000000,0.7,0.25,0.51,never reached,,0.3225806451612903
realistic,5000000,0.7,0.25,0.67,never reached,,0.3225806451612903
realistic,5000000,0.7,0.3,0.33,reached,27.957870031487097,0.379746835443038
realistic,5000000,0.7,0.3,0.51,never reached,,0.379746835443038
realistic,5000000,0.7,0.3,0.67,never reached,,0.379746835443038
realistic,5000000,0.7,0.34,0.33,reached,14.583810621680952,0.4239401496259352
realistic,5000000,0.7,0.34,0.51,never reached,,0.4239401496259352
realistic,5000000,0.7,0.34,0.67,never reached,,0.4239401496259352
realistic,5000000,0.7,0.4,0.33,reached,8.491068718991059,0.4878048780487805
realistic,5000000,0.7,0.4,0.51,never reached,,0.4878048780487805
realistic,5000000,0.7,0.4,0.67,never reached,,0.4878048780487805
realistic,5000000,0.7,0.52,0.33,reached,4.625902207129686,0.6074766355140186
realistic,5000000,0.7,0.52,0.51,reached,20.350663479513347,0.6074766355140186
realistic,5000000,0.7,0.52,0.67,never reached,,0.6074766355140186
realistic,5000000,0.7,0.55,0.33,reached,4.153257577915112,0.6358381502890174
realistic,5000000,0.7,0.55,0.51,reached,15.599994127061034,0.6358381502890174
realistic,5000000,0.7,0.55,0.67,never reached,,0.6358381502890174
realistic,5000000,0.7,0.6,0.33,reached,3.54891567260156,0.6818181818181818
realistic,5000000,0.7,0.6,0.51,reached,11.23055132758329,0.6818181818181818
realistic,5000000,0.7,0.6,0.67,reached,214.49844865940756,0.6818181818181818
realistic,5000000,0.7,0.75,0.33,reached,2.4704762051432105,0.8108108108108109
realistic,5000000,0.7,0.75,0.51,reached,6.102639211969788,0.8108108108108109
realistic,5000000,0.7,0.75,0.67,reached,17.12693947069358,0.8108108108108109
realistic,5000000,0.7,1.0,0.33,reached,1.6399168540857356,1.0
realistic,5000000,0.7,1.0,0.51,reached,3.4654272667971298,1.0
realistic,5000000,0.7,1.0,0.67,reached,6.7599511092661775,1.0
realistic,5000000,0.8,0.05,0.33,never reached,,0.06172839506172839
realistic,5000000,0.8,0.05,0.51,never reached,,0.06172839506172839
realistic,5000000,0.8,0.05,0.67,never reached,,0.06172839506172839
realistic,5000000,0.8,0.1,0.33,never reached,,0.12195121951219512
realistic,5000000,0.8,0.1,0.51,never reached,,0.12195121951219512
realistic,5000000,0.8,0.1,0.67,never reached,,0.12195121951219512
realistic,5000000,0.8,0.2,0.33,never reached,,0.23809523809523808
realistic,5000000,0.8,0.2,0.51,never reached,,0.23809523809523808
realistic,5000000,0.8,0.2,0.67,never reached,,0.23809523809523808
realistic,5000000,0.8,0.25,0.33,never reached,,0.29411764705882354
realistic,5000000,0.8,0.25,0.51,never reached,,0.29411764705882354
realistic,5000000,0.8,0.25,0.67,never reached,,0.29411764705882354
realistic,5000000,0.8,0.3,0.33,reached,77.51282484920232,0.3488372093023256
realistic,5000000,0.8,0.3,0.51,never reached,,0.3488372093023256
realistic,5000000,0.8,0.3,0.67,never reached,,0.3488372093023256
realistic,5000000,0.8,0.34,0.33,reached,23.444879808757985,0.391705069124424
realistic,5000000,0.8,0.34,0.51,never reached,,0.391705069124424
realistic,5000000,0.8,0.34,0.67,never reached,,0.391705069124424
realistic,5000000,0.8,0.4,0.33,reached,11.457187614571875,0.45454545454545453
realistic,5000000,0.8,0.4,0.51,never reached,,0.45454545454545453
realistic,5000000,0.8,0.4,0.67,never reached,,0.45454545454545453
realistic,5000000,0.8,0.52,0.33,reached,5.664506326944594,0.5752212389380531
realistic,5000000,0.8,0.52,0.51,reached,32.91450592615998,0.5752212389380531
realistic,5000000,0.8,0.52,0.67,never reached,,0.5752212389380531
realistic,5000000,0.8,0.55,0.33,reached,5.028865689055177,0.6043956043956044
realistic,5000000,0.8,0.55,0.51,reached,22.591842484358473,0.6043956043956044
realistic,5000000,0.8,0.55,0.67,never reached,,0.6043956043956044
realistic,5000000,0.8,0.6,0.33,reached,4.236530912810653,0.6521739130434783
realistic,5000000,0.8,0.6,0.51,reached,14.836691662128384,0.6521739130434783
realistic,5000000,0.8,0.6,0.67,never reached,,0.6521739130434783
realistic,5000000,0.8,0.75,0.33,reached,2.876764633578643,0.7894736842105263
realistic,5000000,0.8,0.75,0.51,reached,7.309375779308447,0.7894736842105263
realistic,5000000,0.8,0.75,0.67,reached,22.462266744446456,0.7894736842105263
realistic,5000000,0.8,1.0,0.33,reached,1.874190690383698,1.0
realistic,5000000,0.8,1.0,0.51,reached,3.9604883049110056,1.0
realistic,5000000,0.8,1.0,0.67,reached,7.725658410589918,1.0
realistic,5000000,0.9,0.05,0.33,never reached,,0.055248618784530384
realistic,5000000,0.9,0.05,0.51,never reached,,0.055248618784530384
realistic,5000000,0.9,0.05,0.67,never reached,,0.055248618784530384
realistic,5000000,0.9,0.1,0.33,never reached,,0.10989010989010989
realistic,5000000,0.9,0.1,0.51,never reached,,0.10989010989010989
realistic,5000000,0.9,0.1,0.67,never reached,,0.10989010989010989
realistic,5000000,0.9,0.2,0.33,never reached,,0.21739130434782608
realistic,5000000,0.9,0.2,0.51,never reached,,0.21739130434782608
realistic,5000000,0.9,0.2,0.67,never reached,,0.21739130434782608
realistic,5000000,0.9,0.25,0.33,never reached,,0.2702702702702703
realistic,5000000,0.9,0.25,0.51,never reached,,0.2702702702702703
realistic,5000000,0.9,0.25,0.67,never reached,,0.2702702702702703
realistic,5000000,0.9,0.3,0.33,never reached,,0.3225806451612903
realistic,5000000,0.9,0.3,0.51,never reached,,0.3225806451612903
realistic,5000000,0.9,0.3,0.67,never reached,,0.3225806451612903
realistic,5000000,0.9,0.34,0.33,reached,44.45158064432701,0.3640256959314775
realistic,5000000,0.9,0.34,0.51,never reached,,0.3640256959314775
realistic,5000000,0.9,0.34,0.67,never reached,,0.3640256959314775
realistic,5000000,0.9,0.4,0.33,reached,15.731305488604814,0.425531914893617
realistic,5000000,0.9,0.4,0.51,never reached,,0.425531914893617
realistic,5000000,0.9,0.4,0.67,never reached,,0.425531914893617
realistic,5000000,0.9,0.52,0.33,reached,6.862957796719356,0.5462184873949579
realistic,5000000,0.9,0.52,0.51,reached,63.318421638114614,0.5462184873949579
realistic,5000000,0.9,0.52,0.67,never reached,,0.5462184873949579
realistic,5000000,0.9,0.55,0.33,reached,6.015206441885086,0.5759162303664922
realistic,5000000,0.9,0.55,0.51,reached,34.68179790440337,0.5759162303664922
realistic,5000000,0.9,0.55,0.67,never reached,,0.5759162303664922
realistic,5000000,0.9,0.6,0.33,reached,4.98824587880195,0.625
realistic,5000000,0.9,0.6,0.51,reached,19.775536033353188,0.625
realistic,5000000,0.9,0.6,0.67,never reached,,0.625
realistic,5000000,0.9,0.75,0.33,reached,3.298706906892498,0.7692307692307693
realistic,5000000,0.9,0.75,0.51,reached,8.63786024958335,0.7692307692307693
realistic,5000000,0.9,0.75,0.67,reached,29.644968319705498,0.7692307692307693
realistic,5000000,0.9,1.0,0.33,reached,2.10846452668166,1.0
realistic,5000000,0.9,1.0,0.51,reached,4.455549343024881,1.0
realistic,5000000,0.9,1.0,0.67,reached,8.691365711913656,1.0
realistic,5000000,1.0,0.05,0.33,never reached,,0.05
realistic,5000000,1.0,0.05,0.51,never reached,,0.05
realistic,5000000,1.0,0.05,0.67,never reached,,0.05
realistic,5000000,1.0,0.1,0.33,never reached,,0.1
realistic,5000000,1.0,0.1,0.51,never reached,,0.1
realistic,5000000,1.0,0.1,0.67,never reached,,0.1
realistic,5000000,1.0,0.2,0.33,never reached,,0.2
realistic,5000000,1.0,0.2,0.51,never reached,,0.2
realistic,5000000,1.0,0.2,0.67,never reached,,0.2
realistic,5000000,1.0,0.25,0.33,never reached,,0.25
realistic,5000000,1.0,0.25,0.51,never reached,,0.25
realistic,5000000,1.0,0.25,0.67,never reached,,0.25
realistic,5000000,1.0,0.3,0.33,never reached,,0.3
realistic,5000000,1.0,0.3,0.51,never reached,,0.3
realistic,5000000,1.0,0.3,0.67,never reached,,0.3
realistic,5000000,1.0,0.34,0.33,reached,156.9634703196347,0.34
realistic,5000000,1.0,0.34,0.51,never reached,,0.34
realistic,5000000,1.0,0.34,0.67,never reached,,0.34
realistic,5000000,1.0,0.4,0.33,reached,22.423352902804957,0.4
realistic,5000000,1.0,0.4,0.51,never reached,,0.4
realistic,5000000,1.0,0.4,0.67,never reached,,0.4
realistic,5000000,1.0,0.52,0.33,reached,8.261235279980774,0.52
realistic,5000000,1.0,0.52,0.51,reached,242.5799086757991,0.52
realistic,5000000,1.0,0.52,0.67,never reached,,0.52
realistic,5000000,1.0,0.55,0.33,reached,7.134703196347032,0.55
realistic,5000000,1.0,0.55,0.51,reached,60.64497716894977,0.55
realistic,5000000,1.0,0.55,0.67,never reached,,0.55
realistic,5000000,1.0,0.6,0.33,reached,5.813461863690174,0.6
realistic,5000000,1.0,0.6,0.51,reached,26.9533231861999,0.6
realistic,5000000,1.0,0.6,0.67,never reached,,0.6
realistic,5000000,1.0,0.75,0.33,reached,3.737225483800826,0.75
realistic,5000000,1.0,0.75,0.51,reached,10.107496194824963,0.75
realistic,5000000,1.0,0.75,0.67,reached,39.83542617960426,0.75
realistic,5000000,1.0,1.0,0.33,reached,2.3427383629796226,1.0
realistic,5000000,1.0,1.0,0.51,reached,4.950610381138757,1.0
realistic,5000000,1.0,1.0,0.67,reached,9.657073013237397,1.0
realistic,10000000,0.5,0.05,0.33,never reached,,0.09523809523809523
realistic,10000000,0.5,0.05,0.51,never reached,,0.09523809523809523
realistic,10000000,0.5,0.05,0.67,never reached,,0.09523809523809523
realistic,10000000,0.5,0.1,0.33,never reached,,0.18181818181818182
realistic,10000000,0.5,0.1,0.51,never reached,,0.18181818181818182
realistic,10000000,0.5,0.1,0.67,never reached,,0.18181818181818182
realistic,10000000,0.5,0.2,0.33,reached,784.8173515981736,0.3333333333333333
realistic,10000000,0.5,0.2,0.51,never reached,,0.3333333333333333
realistic,10000000,0.5,0.2,0.67,never reached,,0.3333333333333333
realistic,10000000,0.5,0.25,0.33,reached,35.87736464448793,0.4
realistic,10000000,0.5,0.25,0.51,never reached,,0.4
realistic,10000000,0.5,0.25,0.67,never reached,,0.4
realistic,10000000,0.5,0.3,0.33,reached,18.3583006221795,0.46153846153846156
realistic,10000000,0.5,0.3,0.51,never reached,,0.46153846153846156
realistic,10000000,0.5,0.3,0.67,never reached,,0.46153846153846156
realistic,10000000,0.5,0.34,0.33,reached,13.20130112023841,0.5074626865671642
realistic,10000000,0.5,0.34,0.51,never reached,,0.5074626865671642
realistic,10000000,0.5,0.34,0.67,never reached,,0.5074626865671642
realistic,10000000,0.5,0.4,0.33,reached,9.287779308854125,0.5714285714285714
realistic,10000000,0.5,0.4,0.51,reached,56.41393225018584,0.5714285714285714
realistic,10000000,0.5,0.4,0.67,never reached,,0.5714285714285714
realistic,10000000,0.5,0.52,0.33,reached,5.830738124800694,0.6842105263157895
realistic,10000000,0.5,0.52,0.51,reached,18.32174536826277,0.6842105263157895
realistic,10000000,0.5,0.52,0.67,reached,295.07723096003156,0.6842105263157895
realistic,10000000,0.5,0.55,0.33,reached,5.33435752997909,0.7096774193548387
realistic,10000000,0.5,0.55,0.51,reached,15.675599914429666,0.7096774193548387
realistic,10000000,0.5,0.55,0.67,reached,103.63688111766963,0.7096774193548387
realistic,10000000,0.5,0.6,0.33,reached,4.6715318547510325,0.75
realistic,10000000,0.5,0.6,0.51,reached,12.634370243531203,0.75
realistic,10000000,0.5,0.6,0.67,reached,49.79428272450533,0.75
realistic,10000000,0.5,0.75,0.33,reached,3.403002066550346,0.8571428571428571
realistic,10000000,0.5,0.75,0.51,reached,7.986169832948118,0.8571428571428571
realistic,10000000,0.5,0.75,0.67,reached,19.461582255684526,0.8571428571428571
realistic,10000000,0.5,1.0,0.33,reached,2.3427383629796226,1.0
realistic,10000000,0.5,1.0,0.51,reached,4.950610381138757,1.0
realistic,10000000,0.5,1.0,0.67,reached,9.657073013237397,1.0
realistic,10000000,0.6,0.05,0.33,never reached,,0.08064516129032258
realistic,10000000,0.6,0.05,0.51,never reached,,0.08064516129032258
realistic,10000000,0.6,0.05,0.67,never reached,,0.08064516129032258
realistic,10000000,0.6,0.1,0.33,never reached,,0.15625
realistic,10000000,0.6,0.1,0.51,never reached,,0.15625
realistic,10000000,0.6,0.1,0.67,never reached,,0.15625
realistic,10000000,0.6,0.2,0.33,never reached,,0.29411764705882354
realistic,10000000,0.6,0.2,0.51,never reached,,0.29411764705882354
realistic,10000000,0.6,0.2,0.67,never reached,,0.29411764705882354
realistic,10000000,0.6,0.25,0.33,reached,99.13482335976929,0.35714285714285715
realistic,10000000,0.6,0.25,0.51,never reached,,0.35714285714285715
realistic,10000000,0.6,0.25,0.67,never reached,,0.35714285714285715
realistic,10000000,0.6,0.3,0.33,reached,30.185282753775905,0.4166666666666667
realistic,10000000,0.6,0.3,0.51,never reached,,0.4166666666666667
realistic,10000000,0.6,0.3,0.67,never reached,,0.4166666666666667
realistic,10000000,0.6,0.34,0.33,reached,19.394168490893907,0.46195652173913043
realistic,10000000,0.6,0.34,0.51,never reached,,0.46195652173913043
realistic,10000000,0.6,0.34,0.67,never reached,,0.46195652173913043
realistic,10000000,0.6,0.4,0.33,reached,12.624407800506813,0.5263157894736842
realistic,10000000,0.6,0.4,0.51,reached,234.75475033141848,0.5263157894736842
realistic,10000000,0.6,0.4,0.67,never reached,,0.5263157894736842
realistic,10000000,0.6,0.52,0.33,reached,7.434329191015221,0.6435643564356436
realistic,10000000,0.6,0.52,0.51,reached,26.97330341094875,0.6435643564356436
realistic,10000000,0.6,0.52,0.67,never reached,,0.6435643564356436
realistic,10000000,0.6,0.55,0.33,reached,6.741451839068062,0.6707317073170732
realistic,10000000,0.6,0.55,0.51,reached,22.086182883987778,0.6707317073170732
realistic,10000000,0.6,0.55,0.67,reached,6373.668188736682,0.6707317073170732
realistic,10000000,0.6,0.6,0.33,reached,5.835073246083074,0.7142857142857143
realistic,10000000,0.6,0.6,0.51,reached,16.96362997732861,0.7142857142857143
realistic,10000000,0.6,0.6,0.67,reached,102.80109981833358,0.7142857142857143
realistic,10000000,0.6,0.75,0.33,reached,4.157972723698933,0.8333333333333334
realistic,10000000,0.6,0.75,0.51,reached,10.003295203125736,0.8333333333333334
realistic,10000000,0.6,0.75,0.67,reached,26.014972198925232,0.8333333333333334
realistic,10000000,0.6,1.0,0.33,reached,2.811286035575547,1.0
realistic,10000000,0.6,1.0,0.51,reached,5.940732457366508,1.0
realistic,10000000,0.6,1.0,0.67,reached,11.588487615884876,1.0
realistic,10000000,0.7,0.05,0.33,never reached,,0.06993006993006994
realistic,10000000,0.7,0.05,0.51,never reached,,0.06993006993006994
realistic,10000000,0.7,0.05,0.67,never reached,,0.06993006993006994
realistic,10000000,0.7,0.1,0.33,never reached,,0.136986301369863
realistic,10000000,0.7,0.1,0.51,never reached,,0.136986301369863
realistic,10000000,0.7,0.1,0.67,never reached,,0.136986301369863
realistic,10000000,0.7,0.2,0.33,never reached,,0.2631578947368421
realistic,10000000,0.7,0.2,0.51,never reached,,0.2631578947368421
realistic,10000000,0.7,0.2,0.67,never reached,,0.2631578947368421
realistic,10000000,0.7,0.25,0.33,never reached,,0.3225806451612903
realistic,10000000,0.7,0.25,0.51,never reached,,0.3225806451612903
realistic,10000000,0.7,0.25,0.67,never reached,,0.3225806451612903
realistic,10000000,0.7,0.3,0.33,reached,55.915740062974194,0.379746835443038
realistic,10000000,0.7,0.3,0.51,never reached,,0.379746835443038
realistic,10000000,0.7,0.3,0.67,never reached,,0.379746835443038
realistic,10000000,0.7,0.34,0.33,reached,29.167621243361904,0.4239401496259352
realistic,10000000,0.7,0.34,0.51,never reached,,0.4239401496259352
realistic,10000000,0.7,0.34,0.67,never reached,,0.4239401496259352
realistic,10000000,0.7,0.4,0.33,reached,16.982137437982118,0.4878048780487805
realistic,10000000,0.7,0.4,0.51,never reached,,0.4878048780487805
realistic,10000000,0.7,0.4,0.67,never reached,,0.4878048780487805
realistic,10000000,0.7,0.52,0.33,reached,9.251804414259372,0.6074766355140186
realistic,10000000,0.7,0.52,0.51,reached,40.701326959026694,0.6074766355140186
realistic,10000000,0.7,0.52,0.67,never reached,,0.6074766355140186
realistic,10000000,0.7,0.55,0.33,reached,8.306515155830224,0.6358381502890174
realistic,10000000,0.7,0.55,0.51,reached,31.19998825412207,0.6358381502890174
realistic,10000000,0.7,0.55,0.67,never reached,,0.6358381502890174
realistic,10000000,0.7,0.6,0.33,reached,7.09783134520312,0.6818181818181818
realistic,10000000,0.7,0.6,0.51,reached,22.46110265516658,0.6818181818181818
realistic,10000000,0.7,0.6,0.67,reached,428.9968973188151,0.6818181818181818
realistic,10000000,0.7,0.75,0.33,reached,4.940952410286421,0.8108108108108109
realistic,10000000,0.7,0.75,0.51,reached,12.205278423939577,0.8108108108108109
realistic,10000000,0.7,0.75,0.67,reached,34.25387894138716,0.8108108108108109
realistic,10000000,0.7,1.0,0.33,reached,3.2798337081714712,1.0
realistic,10000000,0.7,1.0,0.51,reached,6.9308545335942595,1.0
realistic,10000000,0.7,1.0,0.67,reached,13.519902218532355,1.0
realistic,10000000,0.8,0.05,0.33,never reached,,0.06172839506172839
realistic,10000000,0.8,0.05,0.51,never reached,,0.06172839506172839
realistic,10000000,0.8,0.05,0.67,never reached,,0.06172839506172839
realistic,10000000,0.8,0.1,0.33,never reached,,0.12195121951219512
realistic,10000000,0.8,0.1,0.51,never reached,,0.12195121951219512
realistic,10000000,0.8,0.1,0.67,never reached,,0.12195121951219512
realistic,10000000,0.8,0.2,0.33,never reached,,0.23809523809523808
realistic,10000000,0.8,0.2,0.51,never reached,,0.23809523809523808
realistic,10000000,0.8,0.2,0.67,never reached,,0.23809523809523808
realistic,10000000,0.8,0.25,0.33,never reached,,0.29411764705882354
realistic,10000000,0.8,0.25,0.51,never reached,,0.29411764705882354
realistic,10000000,0.8,0.25,0.67,never reached,,0.29411764705882354
realistic,10000000,0.8,0.3,0.33,reached,155.02564969840464,0.3488372093023256
realistic,10000000,0.8,0.3,0.51,never reached,,0.3488372093023256
realistic,10000000,0.8,0.3,0.67,never reached,,0.3488372093023256
realistic,10000000,0.8,0.34,0.33,reached,46.88975961751597,0.391705069124424
realistic,10000000,0.8,0.34,0.51,never reached,,0.391705069124424
realistic,10000000,0.8,0.34,0.67,never reached,,0.391705069124424
realistic,10000000,0.8,0.4,0.33,reached,22.91437522914375,0.45454545454545453
realistic,10000000,0.8,0.4,0.51,never reached,,0.45454545454545453
realistic,10000000,0.8,0.4,0.67,never reached,,0.45454545454545453
realistic,10000000,0.8,0.52,0.33,reached,11.329012653889189,0.5752212389380531
realistic,10000000,0.8,0.52,0.51,reached,65.82901185231997,0.5752212389380531
realistic,10000000,0.8,0.52,0.67,never reached,,0.5752212389380531
realistic,10000000,0.8,0.55,0.33,reached,10.057731378110354,0.6043956043956044
realistic,10000000,0.8,0.55,0.51,reached,45.183684968716946,0.6043956043956044
realistic,10000000,0.8,0.55,0.67,never reached,,0.6043956043956044
realistic,10000000,0.8,0.6,0.33,reached,8.473061825621306,0.6521739130434783
realistic,10000000,0.8,0.6,0.51,reached,29.67338332425677,0.6521739130434783
realistic,10000000,0.8,0.6,0.67,never reached,,0.6521739130434783
realistic,10000000,0.8,0.75,0.33,reached,5.753529267157286,0.7894736842105263
realistic,10000000,0.8,0.75,0.51,reached,14.618751558616895,0.7894736842105263
realistic,10000000,0.8,0.75,0.67,reached,44.92453348889291,0.7894736842105263
realistic,10000000,0.8,1.0,0.33,reached,3.748381380767396,1.0
realistic,10000000,0.8,1.0,0.51,reached,7.920976609822011,1.0
realistic,10000000,0.8,1.0,0.67,reached,15.451316821179836,1.0
realistic,10000000,0.9,0.05,0.33,never reached,,0.055248618784530384
realistic,10000000,0.9,0.05,0.51,never reached,,0.055248618784530384
realistic,10000000,0.9,0.05,0.67,never reached,,0.055248618784530384
realistic,10000000,0.9,0.1,0.33,never reached,,0.10989010989010989
realistic,10000000,0.9,0.1,0.51,never reached,,0.10989010989010989
realistic,10000000,0.9,0.1,0.67,never reached,,0.10989010989010989
realistic,10000000,0.9,0.2,0.33,never reached,,0.21739130434782608
realistic,10000000,0.9,0.2,0.51,never reached,,0.21739130434782608
realistic,10000000,0.9,0.2,0.67,never reached,,0.21739130434782608
realistic,10000000,0.9,0.25,0.33,never reached,,0.2702702702702703
realistic,10000000,0.9,0.25,0.51,never reached,,0.2702702702702703
realistic,10000000,0.9,0.25,0.67,never reached,,0.2702702702702703
realistic,10000000,0.9,0.3,0.33,never reached,,0.3225806451612903
realistic,10000000,0.9,0.3,0.51,never reached,,0.3225806451612903
realistic,10000000,0.9,0.3,0.67,never reached,,0.3225806451612903
realistic,10000000,0.9,0.34,0.33,reached,88.90316128865402,0.3640256959314775
realistic,10000000,0.9,0.34,0.51,never reached,,0.3640256959314775
realistic,10000000,0.9,0.34,0.67,never reached,,0.3640256959314775
realistic,10000000,0.9,0.4,0.33,reached,31.46261097720963,0.425531914893617
realistic,10000000,0.9,0.4,0.51,never reached,,0.425531914893617
realistic,10000000,0.9,0.4,0.67,never reached,,0.425531914893617
realistic,10000000,0.9,0.52,0.33,reached,13.725915593438712,0.5462184873949579
realistic,10000000,0.9,0.52,0.51,reached,126.63684327622923,0.5462184873949579
realistic,10000000,0.9,0.52,0.67,never reached,,0.5462184873949579
realistic,10000000,0.9,0.55,0.33,reached,12.030412883770172,0.5759162303664922
realistic,10000000,0.9,0.55,0.51,reached,69.36359580880674,0.5759162303664922
realistic,10000000,0.9,0.55,0.67,never reached,,0.5759162303664922
realistic,10000000,0.9,0.6,0.33,reached,9.9764917576039,0.625
realistic,10000000,0.9,0.6,0.51,reached,39.551072066706375,0.625
realistic,10000000,0.9,0.6,0.67,never reached,,0.625
realistic,10000000,0.9,0.75,0.33,reached,6.597413813784996,0.7692307692307693
realistic,10000000,0.9,0.75,0.51,reached,17.2757204991667,0.7692307692307693
realistic,10000000,0.9,0.75,0.67,reached,59.289936639410996,0.7692307692307693
realistic,10000000,0.9,1.0,0.33,reached,4.21692905336332,1.0
realistic,10000000,0.9,1.0,0.51,reached,8.911098686049762,1.0
realistic,10000000,0.9,1.0,0.67,reached,17.382731423827313,1.0
realistic,10000000,1.0,0.05,0.33,never reached,,0.05
realistic,10000000,1.0,0.05,0.51,never reached,,0.05
realistic,10000000,1.0,0.05,0.67,never reached,,0.05
realistic,10000000,1.0,0.1,0.33,never reached,,0.1
realistic,10000000,1.0,0.1,0.51,never reached,,0.1
realistic,10000000,1.0,0.1,0.67,never reached,,0.1
realistic,10000000,1.0,0.2,0.33,never reached,,0.2
realistic,10000000,1.0,0.2,0.51,never reached,,0.2
realistic,10000000,1.0,0.2,0.67,never reached,,0.2
realistic,10000000,1.0,0.25,0.33,never reached,,0.25
realistic,10000000,1.0,0.25,0.51,never reached,,0.25
realistic,10000000,1.0,0.25,0.67,never reached,,0.25
realistic,10000000,1.0,0.3,0.33,never reached,,0.3
realistic,10000000,1.0,0.3,0.51,never reached,,0.3
realistic,10000000,1.0,0.3,0.67,never reached,,0.3
realistic,10000000,1.0,0.34,0.33,reached,313.9269406392694,0.34
realistic,10000000,1.0,0.34,0.51,never reached,,0.34
realistic,10000000,1.0,0.34,0.67,never reached,,0.34
realistic,10000000,1.0,0.4,0.33,reached,44.846705805609915,0.4
realistic,10000000,1.0,0.4,0.51,never reached,,0.4
realistic,10000000,1.0,0.4,0.67,never reached,,0.4
realistic,10000000,1.0,0.52,0.33,reached,16.522470559961548,0.52
realistic,10000000,1.0,0.52,0.51,reached,485.1598173515982,0.52
realistic,10000000,1.0,0.52,0.67,never reached,,0.52
realistic,10000000,1.0,0.55,0.33,reached,14.269406392694064,0.55
realistic,10000000,1.0,0.55,0.51,reached,121.28995433789954,0.55
realistic,10000000,1.0,0.55,0.67,never reached,,0.55
realistic,10000000,1.0,0.6,0.33,reached,11.626923727380348,0.6
realistic,10000000,1.0,0.6,0.51,reached,53.9066463723998,0.6
realistic,10000000,1.0,0.6,0.67,never reached,,0.6
realistic,10000000,1.0,0.75,0.33,reached,7.474450967601652,0.75
realistic,10000000,1.0,0.75,0.51,reached,20.214992389649925,0.75
realistic,10000000,1.0,0.75,0.67,reached,79.67085235920852,0.75
realistic,10000000,1.0,1.0,0.33,reached,4.685476725959245,1.0
realistic,10000000,1.0,1.0,0.51,reached,9.901220762277514,1.0
realistic,10000000,1.0,1.0,0.67,reached,19.314146026474795,1.0
optimistic bound,1000000,0.5,0.05,0.33,never reached,,0.05
optimistic bound,1000000,0.5,0.05,0.51,never reached,,0.05
optimistic bound,1000000,0.5,0.05,0.67,never reached,,0.05
optimistic bound,1000000,0.5,0.1,0.33,never reached,,0.1
optimistic bound,1000000,0.5,0.1,0.51,never reached,,0.1
optimistic bound,1000000,0.5,0.1,0.67,never reached,,0.1
optimistic bound,1000000,0.5,0.2,0.33,never reached,,0.2
optimistic bound,1000000,0.5,0.2,0.51,never reached,,0.2
optimistic bound,1000000,0.5,0.2,0.67,never reached,,0.2
optimistic bound,1000000,0.5,0.25,0.33,never reached,,0.25
optimistic bound,1000000,0.5,0.25,0.51,never reached,,0.25
optimistic bound,1000000,0.5,0.25,0.67,never reached,,0.25
optimistic bound,1000000,0.5,0.3,0.33,never reached,,0.3
optimistic bound,1000000,0.5,0.3,0.51,never reached,,0.3
optimistic bound,1000000,0.5,0.3,0.67,never reached,,0.3
optimistic bound,1000000,0.5,0.34,0.33,reached,15.69634703196347,0.34
optimistic bound,1000000,0.5,0.34,0.51,never reached,,0.34
optimistic bound,1000000,0.5,0.34,0.67,never reached,,0.34
optimistic bound,1000000,0.5,0.4,0.33,reached,2.242335290280496,0.4
optimistic bound,1000000,0.5,0.4,0.51,never reached,,0.4
optimistic bound,1000000,0.5,0.4,0.67,never reached,,0.4
optimistic bound,1000000,0.5,0.52,0.33,reached,0.8261235279980774,0.52
optimistic bound,1000000,0.5,0.52,0.51,reached,24.25799086757991,0.52
optimistic bound,1000000,0.5,0.52,0.67,never reached,,0.52
optimistic bound,1000000,0.5,0.55,0.33,reached,0.7134703196347032,0.55
optimistic bound,1000000,0.5,0.55,0.51,reached,6.064497716894977,0.55
optimistic bound,1000000,0.5,0.55,0.67,never reached,,0.55
optimistic bound,1000000,0.5,0.6,0.33,reached,0.5813461863690175,0.6
optimistic bound,1000000,0.5,0.6,0.51,reached,2.69533231861999,0.6
optimistic bound,1000000,0.5,0.6,0.67,never reached,,0.6
optimistic bound,1000000,0.5,0.75,0.33,reached,0.3737225483800826,0.75
optimistic bound,1000000,0.5,0.75,0.51,reached,1.010749619482496,0.75
optimistic bound,1000000,0.5,0.75,0.67,reached,3.9835426179604263,0.75
optimistic bound,1000000,0.5,1.0,0.33,reached,0.23427383629796225,1.0
optimistic bound,1000000,0.5,1.0,0.51,reached,0.4950610381138757,1.0
optimistic bound,1000000,0.5,1.0,0.67,reached,0.9657073013237397,1.0
optimistic bound,1000000,0.6,0.05,0.33,never reached,,0.05
optimistic bound,1000000,0.6,0.05,0.51,never reached,,0.05
optimistic bound,1000000,0.6,0.05,0.67,never reached,,0.05
optimistic bound,1000000,0.6,0.1,0.33,never reached,,0.1
optimistic bound,1000000,0.6,0.1,0.51,never reached,,0.1
optimistic bound,1000000,0.6,0.1,0.67,never reached,,0.1
optimistic bound,1000000,0.6,0.2,0.33,never reached,,0.2
optimistic bound,1000000,0.6,0.2,0.51,never reached,,0.2
optimistic bound,1000000,0.6,0.2,0.67,never reached,,0.2
optimistic bound,1000000,0.6,0.25,0.33,never reached,,0.25
optimistic bound,1000000,0.6,0.25,0.51,never reached,,0.25
optimistic bound,1000000,0.6,0.25,0.67,never reached,,0.25
optimistic bound,1000000,0.6,0.3,0.33,never reached,,0.3
optimistic bound,1000000,0.6,0.3,0.51,never reached,,0.3
optimistic bound,1000000,0.6,0.3,0.67,never reached,,0.3
optimistic bound,1000000,0.6,0.34,0.33,reached,18.835616438356166,0.34
optimistic bound,1000000,0.6,0.34,0.51,never reached,,0.34
optimistic bound,1000000,0.6,0.34,0.67,never reached,,0.34
optimistic bound,1000000,0.6,0.4,0.33,reached,2.690802348336595,0.4
optimistic bound,1000000,0.6,0.4,0.51,never reached,,0.4
optimistic bound,1000000,0.6,0.4,0.67,never reached,,0.4
optimistic bound,1000000,0.6,0.52,0.33,reached,0.9913482335976929,0.52
optimistic bound,1000000,0.6,0.52,0.51,reached,29.10958904109589,0.52
optimistic bound,1000000,0.6,0.52,0.67,never reached,,0.52
optimistic bound,1000000,0.6,0.55,0.33,reached,0.8561643835616438,0.55
optimistic bound,1000000,0.6,0.55,0.51,reached,7.277397260273973,0.55
optimistic bound,1000000,0.6,0.55,0.67,never reached,,0.55
optimistic bound,1000000,0.6,0.6,0.33,reached,0.6976154236428209,0.6
optimistic bound,1000000,0.6,0.6,0.51,reached,3.234398782343988,0.6
optimistic bound,1000000,0.6,0.6,0.67,never reached,,0.6
optimistic bound,1000000,0.6,0.75,0.33,reached,0.44846705805609915,0.75
optimistic bound,1000000,0.6,0.75,0.51,reached,1.2128995433789955,0.75
optimistic bound,1000000,0.6,0.75,0.67,reached,4.780251141552512,0.75
optimistic bound,1000000,0.6,1.0,0.33,reached,0.2811286035575547,1.0
optimistic bound,1000000,0.6,1.0,0.51,reached,0.5940732457366509,1.0
optimistic bound,1000000,0.6,1.0,0.67,reached,1.1588487615884877,1.0
optimistic bound,1000000,0.7,0.05,0.33,never reached,,0.05
optimistic bound,1000000,0.7,0.05,0.51,never reached,,0.05
optimistic bound,1000000,0.7,0.05,0.67,never reached,,0.05
optimistic bound,1000000,0.7,0.1,0.33,never reached,,0.1
optimistic bound,1000000,0.7,0.1,0.51,never reached,,0.1
optimistic bound,1000000,0.7,0.1,0.67,never reached,,0.1
optimistic bound,1000000,0.7,0.2,0.33,never reached,,0.2
optimistic bound,1000000,0.7,0.2,0.51,never reached,,0.2
optimistic bound,1000000,0.7,0.2,0.67,never reached,,0.2
optimistic bound,1000000,0.7,0.25,0.33,never reached,,0.25
optimistic bound,1000000,0.7,0.25,0.51,never reached,,0.25
optimistic bound,1000000,0.7,0.25,0.67,never reached,,0.25
optimistic bound,1000000,0.7,0.3,0.33,never reached,,0.3
optimistic bound,1000000,0.7,0.3,0.51,never reached,,0.3
optimistic bound,1000000,0.7,0.3,0.67,never reached,,0.3
optimistic bound,1000000,0.7,0.34,0.33,reached,21.974885844748858,0.34
optimistic bound,1000000,0.7,0.34,0.51,never reached,,0.34
optimistic bound,1000000,0.7,0.34,0.67,never reached,,0.34
optimistic bound,1000000,0.7,0.4,0.33,reached,3.1392694063926943,0.4
optimistic bound,1000000,0.7,0.4,0.51,never reached,,0.4
optimistic bound,1000000,0.7,0.4,0.67,never reached,,0.4
optimistic bound,1000000,0.7,0.52,0.33,reached,1.1565729391973083,0.52
optimistic bound,1000000,0.7,0.52,0.51,reached,33.961187214611876,0.52
optimistic bound,1000000,0.7,0.52,0.67,never reached,,0.52
optimistic bound,1000000,0.7,0.55,0.33,reached,0.9988584474885844,0.55
optimistic bound,1000000,0.7,0.55,0.51,reached,8.490296803652969,0.55
optimistic bound,1000000,0.7,0.55,0.67,never reached,,0.55
optimistic bound,1000000,0.7,0.6,0.33,reached,0.8138846609166244,0.6
optimistic bound,1000000,0.7,0.6,0.51,reached,3.773465246067986,0.6
optimistic bound,1000000,0.7,0.6,0.67,never reached,,0.6
optimistic bound,1000000,0.7,0.75,0.33,reached,0.5232115677321156,0.75
optimistic bound,1000000,0.7,0.75,0.51,reached,1.4150494672754947,0.75
optimistic bound,1000000,0.7,0.75,0.67,reached,5.576959665144597,0.75
optimistic bound,1000000,0.7,1.0,0.33,reached,0.3279833708171471,1.0
optimistic bound,1000000,0.7,1.0,0.51,reached,0.693085453359426,1.0
optimistic bound,1000000,0.7,1.0,0.67,reached,1.3519902218532356,1.0
optimistic bound,1000000,0.8,0.05,0.33,never reached,,0.05
optimistic bound,1000000,0.8,0.05,0.51,never reached,,0.05
optimistic bound,1000000,0.8,0.05,0.67,never reached,,0.05
optimistic bound,1000000,0.8,0.1,0.33,never reached,,0.1
optimistic bound,1000000,0.8,0.1,0.51,never reached,,0.1
optimistic bound,1000000,0.8,0.1,0.67,never reached,,0.1
optimistic bound,1000000,0.8,0.2,0.33,never reached,,0.2
optimistic bound,1000000,0.8,0.2,0.51,never reached,,0.2
optimistic bound,1000000,0.8,0.2,0.67,never reached,,0.2
optimistic bound,1000000,0.8,0.25,0.33,never reached,,0.25
optimistic bound,1000000,0.8,0.25,0.51,never reached,,0.25
optimistic bound,1000000,0.8,0.25,0.67,never reached,,0.25
optimistic bound,1000000,0.8,0.3,0.33,never reached,,0.3
optimistic bound,1000000,0.8,0.3,0.51,never reached,,0.3
optimistic bound,1000000,0.8,0.3,0.67,never reached,,0.3
optimistic bound,1000000,0.8,0.34,0.33,reached,25.114155251141554,0.34
optimistic bound,1000000,0.8,0.34,0.51,never reached,,0.34
optimistic bound,1000000,0.8,0.34,0.67,never reached,,0.34
optimistic bound,1000000,0.8,0.4,0.33,reached,3.5877364644487932,0.4
optimistic bound,1000000,0.8,0.4,0.51,never reached,,0.4
optimistic bound,1000000,0.8,0.4,0.67,never reached,,0.4
optimistic bound,1000000,0.8,0.52,0.33,reached,1.3217976447969237,0.52
optimistic bound,1000000,0.8,0.52,0.51,reached,38.81278538812786,0.52
optimistic bound,1000000,0.8,0.52,0.67,never reached,,0.52
optimistic bound,1000000,0.8,0.55,0.33,reached,1.1415525114155252,0.55
optimistic bound,1000000,0.8,0.55,0.51,reached,9.703196347031964,0.55
optimistic bound,1000000,0.8,0.55,0.67,never reached,,0.55
optimistic bound,1000000,0.8,0.6,0.33,reached,0.9301538981904278,0.6
optimistic bound,1000000,0.8,0.6,0.51,reached,4.312531709791984,0.6
optimistic bound,1000000,0.8,0.6,0.67,never reached,,0.6
optimistic bound,1000000,0.8,0.75,0.33,reached,0.5979560774081322,0.75
optimistic bound,1000000,0.8,0.75,0.51,reached,1.617199391171994,0.75
optimistic bound,1000000,0.8,0.75,0.67,reached,6.373668188736682,0.75
optimistic bound,1000000,0.8,1.0,0.33,reached,0.3748381380767396,1.0
optimistic bound,1000000,0.8,1.0,0.51,reached,0.7920976609822011,1.0
optimistic bound,1000000,0.8,1.0,0.67,reached,1.5451316821179835,1.0
optimistic bound,1000000,0.9,0.05,0.33,never reached,,0.05
optimistic bound,1000000,0.9,0.05,0.51,never reached,,0.05
optimistic bound,1000000,0.9,0.05,0.67,never reached,,0.05
optimistic bound,1000000,0.9,0.1,0.33,never reached,,0.1
optimistic bound,1000000,0.9,0.1,0.51,never reached,,0.1
optimistic bound,1000000,0.9,0.1,0.67,never reached,,0.1
optimistic bound,1000000,0.9,0.2,0.33,never reached,,0.2
optimistic bound,1000000,0.9,0.2,0.51,never reached,,0.2
optimistic bound,1000000,0.9,0.2,0.67,never reached,,0.2
optimistic bound,1000000,0.9,0.25,0.33,never reached,,0.25
optimistic bound,1000000,0.9,0.25,0.51,never reached,,0.25
optimistic bound,1000000,0.9,0.25,0.67,never reached,,0.25
optimistic bound,1000000,0.9,0.3,0.33,never reached,,0.3
optimistic bound,1000000,0.9,0.3,0.51,never reached,,0.3
optimistic bound,1000000,0.9,0.3,0.67,never reached,,0.3
optimistic bound,1000000,0.9,0.34,0.33,reached,28.253424657534246,0.34
optimistic bound,1000000,0.9,0.34,0.51,never reached,,0.34
optimistic bound,1000000,0.9,0.34,0.67,never reached,,0.34
optimistic bound,1000000,0.9,0.4,0.33,reached,4.036203522504892,0.4
optimistic bound,1000000,0.9,0.4,0.51,never reached,,0.4
optimistic bound,1000000,0.9,0.4,0.67,never reached,,0.4
optimistic bound,1000000,0.9,0.52,0.33,reached,1.4870223503965392,0.52
optimistic bound,1000000,0.9,0.52,0.51,reached,43.66438356164384,0.52
optimistic bound,1000000,0.9,0.52,0.67,never reached,,0.52
optimistic bound,1000000,0.9,0.55,0.33,reached,1.2842465753424657,0.55
optimistic bound,1000000,0.9,0.55,0.51,reached,10.91609589041096,0.55
optimistic bound,1000000,0.9,0.55,0.67,never reached,,0.55
optimistic bound,1000000,0.9,0.6,0.33,reached,1.0464231354642313,0.6
optimistic bound,1000000,0.9,0.6,0.51,reached,4.851598173515982,0.6
optimistic bound,1000000,0.9,0.6,0.67,never reached,,0.6
optimistic bound,1000000,0.9,0.75,0.33,reached,0.6727005870841487,0.75
optimistic bound,1000000,0.9,0.75,0.51,reached,1.8193493150684932,0.75
optimistic bound,1000000,0.9,0.75,0.67,reached,7.170376712328767,0.75
optimistic bound,1000000,0.9,1.0,0.33,reached,0.421692905336332,1.0
optimistic bound,1000000,0.9,1.0,0.51,reached,0.8911098686049762,1.0
optimistic bound,1000000,0.9,1.0,0.67,reached,1.7382731423827313,1.0
optimistic bound,1000000,1.0,0.05,0.33,never reached,,0.05
optimistic bound,1000000,1.0,0.05,0.51,never reached,,0.05
optimistic bound,1000000,1.0,0.05,0.67,never reached,,0.05
optimistic bound,1000000,1.0,0.1,0.33,never reached,,0.1
optimistic bound,1000000,1.0,0.1,0.51,never reached,,0.1
optimistic bound,1000000,1.0,0.1,0.67,never reached,,0.1
optimistic bound,1000000,1.0,0.2,0.33,never reached,,0.2
optimistic bound,1000000,1.0,0.2,0.51,never reached,,0.2
optimistic bound,1000000,1.0,0.2,0.67,never reached,,0.2
optimistic bound,1000000,1.0,0.25,0.33,never reached,,0.25
optimistic bound,1000000,1.0,0.25,0.51,never reached,,0.25
optimistic bound,1000000,1.0,0.25,0.67,never reached,,0.25
optimistic bound,1000000,1.0,0.3,0.33,never reached,,0.3
optimistic bound,1000000,1.0,0.3,0.51,never reached,,0.3
optimistic bound,1000000,1.0,0.3,0.67,never reached,,0.3
optimistic bound,1000000,1.0,0.34,0.33,reached,31.39269406392694,0.34
optimistic bound,1000000,1.0,0.34,0.51,never reached,,0.34
optimistic bound,1000000,1.0,0.34,0.67,never reached,,0.34
optimistic bound,1000000,1.0,0.4,0.33,reached,4.484670580560992,0.4
optimistic bound,1000000,1.0,0.4,0.51,never reached,,0.4
optimistic bound,1000000,1.0,0.4,0.67,never reached,,0.4
optimistic bound,1000000,1.0,0.52,0.33,reached,1.6522470559961548,0.52
optimistic bound,1000000,1.0,0.52,0.51,reached,48.51598173515982,0.52
optimistic bound,1000000,1.0,0.52,0.67,never reached,,0.52
optimistic bound,1000000,1.0,0.55,0.33,reached,1.4269406392694064,0.55
optimistic bound,1000000,1.0,0.55,0.51,reached,12.128995433789955,0.55
optimistic bound,1000000,1.0,0.55,0.67,never reached,,0.55
optimistic bound,1000000,1.0,0.6,0.33,reached,1.162692372738035,0.6
optimistic bound,1000000,1.0,0.6,0.51,reached,5.39066463723998,0.6
optimistic bound,1000000,1.0,0.6,0.67,never reached,,0.6
optimistic bound,1000000,1.0,0.75,0.33,reached,0.7474450967601652,0.75
optimistic bound,1000000,1.0,0.75,0.51,reached,2.021499238964992,0.75
optimistic bound,1000000,1.0,0.75,0.67,reached,7.967085235920853,0.75
optimistic bound,1000000,1.0,1.0,0.33,reached,0.4685476725959245,1.0
optimistic bound,1000000,1.0,1.0,0.51,reached,0.9901220762277514,1.0
optimistic bound,1000000,1.0,1.0,0.67,reached,1.9314146026474794,1.0
optimistic bound,2100000,0.5,0.05,0.33,never reached,,0.05
optimistic bound,2100000,0.5,0.05,0.51,never reached,,0.05
optimistic bound,2100000,0.5,0.05,0.67,never reached,,0.05
optimistic bound,2100000,0.5,0.1,0.33,never reached,,0.1
optimistic bound,2100000,0.5,0.1,0.51,never reached,,0.1
optimistic bound,2100000,0.5,0.1,0.67,never reached,,0.1
optimistic bound,2100000,0.5,0.2,0.33,never reached,,0.2
optimistic bound,2100000,0.5,0.2,0.51,never reached,,0.2
optimistic bound,2100000,0.5,0.2,0.67,never reached,,0.2
optimistic bound,2100000,0.5,0.25,0.33,never reached,,0.25
optimistic bound,2100000,0.5,0.25,0.51,never reached,,0.25
optimistic bound,2100000,0.5,0.25,0.67,never reached,,0.25
optimistic bound,2100000,0.5,0.3,0.33,never reached,,0.3
optimistic bound,2100000,0.5,0.3,0.51,never reached,,0.3
optimistic bound,2100000,0.5,0.3,0.67,never reached,,0.3
optimistic bound,2100000,0.5,0.34,0.33,reached,32.96232876712329,0.34
optimistic bound,2100000,0.5,0.34,0.51,never reached,,0.34
optimistic bound,2100000,0.5,0.34,0.67,never reached,,0.34
optimistic bound,2100000,0.5,0.4,0.33,reached,4.708904109589041,0.4
optimistic bound,2100000,0.5,0.4,0.51,never reached,,0.4
optimistic bound,2100000,0.5,0.4,0.67,never reached,,0.4
optimistic bound,2100000,0.5,0.52,0.33,reached,1.7348594087959626,0.52
optimistic bound,2100000,0.5,0.52,0.51,reached,50.94178082191781,0.52
optimistic bound,2100000,0.5,0.52,0.67,never reached,,0.52
optimistic bound,2100000,0.5,0.55,0.33,reached,1.4982876712328768,0.55
optimistic bound,2100000,0.5,0.55,0.51,reached,12.735445205479452,0.55
optimistic bound,2100000,0.5,0.55,0.67,never reached,,0.55
optimistic bound,2100000,0.5,0.6,0.33,reached,1.2208269913749366,0.6
optimistic bound,2100000,0.5,0.6,0.51,reached,5.660197869101979,0.6
optimistic bound,2100000,0.5,0.6,0.67,never reached,,0.6
optimistic bound,2100000,0.5,0.75,0.33,reached,0.7848173515981736,0.75
optimistic bound,2100000,0.5,0.75,0.51,reached,2.1225742009132422,0.75
optimistic bound,2100000,0.5,0.75,0.67,reached,8.365439497716896,0.75
optimistic bound,2100000,0.5,1.0,0.33,reached,0.4919750562257207,1.0
optimistic bound,2100000,0.5,1.0,0.51,reached,1.039628180039139,1.0
optimistic bound,2100000,0.5,1.0,0.67,reached,2.027985332779853,1.0
optimistic bound,2100000,0.6,0.05,0.33,never reached,,0.05
optimistic bound,2100000,0.6,0.05,0.51,never reached,,0.05
optimistic bound,2100000,0.6,0.05,0.67,never reached,,0.05
optimistic bound,2100000,0.6,0.1,0.33,never reached,,0.1
optimistic bound,2100000,0.6,0.1,0.51,never reached,,0.1
optimistic bound,2100000,0.6,0.1,0.67,never reached,,0.1
optimistic bound,2100000,0.6,0.2,0.33,never reached,,0.2
optimistic bound,2100000,0.6,0.2,0.51,never reached,,0.2
optimistic bound,2100000,0.6,0.2,0.67,never reached,,0.2
optimistic bound,2100000,0.6,0.25,0.33,never reached,,0.25
optimistic bound,2100000,0.6,0.25,0.51,never reached,,0.25
optimistic bound,2100000,0.6,0.25,0.67,never reached,,0.25
optimistic bound,2100000,0.6,0.3,0.33,never reached,,0.3
optimistic bound,2100000,0.6,0.3,0.51,never reached,,0.3
optimistic bound,2100000,0.6,0.3,0.67,never reached,,0.3
optimistic bound,2100000,0.6,0.34,0.33,reached,39.554794520547944,0.34
optimistic bound,2100000,0.6,0.34,0.51,never reached,,0.34
optimistic bound,2100000,0.6,0.34,0.67,never reached,,0.34
optimistic bound,2100000,0.6,0.4,0.33,reached,5.6506849315068495,0.4
optimistic bound,2100000,0.6,0.4,0.51,never reached,,0.4
optimistic bound,2100000,0.6,0.4,0.67,never reached,,0.4
optimistic bound,2100000,0.6,0.52,0.33,reached,2.081831290555155,0.52
optimistic bound,2100000,0.6,0.52,0.51,reached,61.13013698630137,0.52
optimistic bound,2100000,0.6,0.52,0.67,never reached,,0.52
optimistic bound,2100000,0.6,0.55,0.33,reached,1.797945205479452,0.55
optimistic bound,2100000,0.6,0.55,0.51,reached,15.282534246575343,0.55
optimistic bound,2100000,0.6,0.55,0.67,never reached,,0.55
optimistic bound,2100000,0.6,0.6,0.33,reached,1.464992389649924,0.6
optimistic bound,2100000,0.6,0.6,0.51,reached,6.792237442922374,0.6
optimistic bound,2100000,0.6,0.6,0.67,never reached,,0.6
optimistic bound,2100000,0.6,0.75,0.33,reached,0.9417808219178082,0.75
optimistic bound,2100000,0.6,0.75,0.51,reached,2.5470890410958904,0.75
optimistic bound,2100000,0.6,0.75,0.67,reached,10.038527397260275,0.75
optimistic bound,2100000,0.6,1.0,0.33,reached,0.5903700674708648,1.0
optimistic bound,2100000,0.6,1.0,0.51,reached,1.2475538160469668,1.0
optimistic bound,2100000,0.6,1.0,0.67,reached,2.433582399335824,1.0
optimistic bound,2100000,0.7,0.05,0.33,never reached,,0.05
optimistic bound,2100000,0.7,0.05,0.51,never reached,,0.05
optimistic bound,2100000,0.7,0.05,0.67,never reached,,0.05
optimistic bound,2100000,0.7,0.1,0.33,never reached,,0.1
optimistic bound,2100000,0.7,0.1,0.51,never reached,,0.1
optimistic bound,2100000,0.7,0.1,0.67,never reached,,0.1
optimistic bound,2100000,0.7,0.2,0.33,never reached,,0.2
optimistic bound,2100000,0.7,0.2,0.51,never reached,,0.2
optimistic bound,2100000,0.7,0.2,0.67,never reached,,0.2
optimistic bound,2100000,0.7,0.25,0.33,never reached,,0.25
optimistic bound,2100000,0.7,0.25,0.51,never reached,,0.25
optimistic bound,2100000,0.7,0.25,0.67,never reached,,0.25
optimistic bound,2100000,0.7,0.3,0.33,never reached,,0.3
optimistic bound,2100000,0.7,0.3,0.51,never reached,,0.3
optimistic bound,2100000,0.7,0.3,0.67,never reached,,0.3
optimistic bound,2100000,0.7,0.34,0.33,reached,46.147260273972606,0.34
optimistic bound,2100000,0.7,0.34,0.51,never reached,,0.34
optimistic bound,2100000,0.7,0.34,0.67,never reached,,0.34
optimistic bound,2100000,0.7,0.4,0.33,reached,6.592465753424658,0.4
optimistic bound,2100000,0.7,0.4,0.51,never reached,,0.4
optimistic bound,2100000,0.7,0.4,0.67,never reached,,0.4
optimistic bound,2100000,0.7,0.52,0.33,reached,2.4288031723143475,0.52
optimistic bound,2100000,0.7,0.52,0.51,reached,71.31849315068493,0.52
optimistic bound,2100000,0.7,0.52,0.67,never reached,,0.52
optimistic bound,2100000,0.7,0.55,0.33,reached,2.0976027397260273,0.55
optimistic bound,2100000,0.7,0.55,0.51,reached,17.829623287671232,0.55
optimistic bound,2100000,0.7,0.55,0.67,never reached,,0.55
optimistic bound,2100000,0.7,0.6,0.33,reached,1.7091577879249111,0.6
optimistic bound,2100000,0.7,0.6,0.51,reached,7.92427701674277,0.6
optimistic bound,2100000,0.7,0.6,0.67,never reached,,0.6
optimistic bound,2100000,0.7,0.75,0.33,reached,1.0987442922374429,0.75
optimistic bound,2100000,0.7,0.75,0.51,reached,2.971603881278539,0.75
optimistic bound,2100000,0.7,0.75,0.67,reached,11.711615296803654,0.75
optimistic bound,2100000,0.7,1.0,0.33,reached,0.688765078716009,1.0
optimistic bound,2100000,0.7,1.0,0.51,reached,1.4554794520547945,1.0
optimistic bound,2100000,0.7,1.0,0.67,reached,2.8391794658917946,1.0
optimistic bound,2100000,0.8,0.05,0.33,never reached,,0.05
optimistic bound,2100000,0.8,0.05,0.51,never reached,,0.05
optimistic bound,2100000,0.8,0.05,0.67,never reached,,0.05
optimistic bound,2100000,0.8,0.1,0.33,never reached,,0.1
optimistic bound,2100000,0.8,0.1,0.51,never reached,,0.1
optimistic bound,2100000,0.8,0.1,0.67,never reached,,0.1
optimistic bound,2100000,0.8,0.2,0.33,never reached,,0.2
optimistic bound,2100000,0.8,0.2,0.51,never reached,,0.2
optimistic bound,2100000,0.8,0.2,0.67,never reached,,0.2
optimistic bound,2100000,0.8,0.25,0.33,never reached,,0.25
optimistic bound,2100000,0.8,0.25,0.51,never reached,,0.25
optimistic bound,2100000,0.8,0.25,0.67,never reached,,0.25
optimistic bound,2100000,0.8,0.3,0.33,never reached,,0.3
optimistic bound,2100000,0.8,0.3,0.51,never reached,,0.3
optimistic bound,2100000,0.8,0.3,0.67,never reached,,0.3
optimistic bound,2100000,0.8,0.34,0.33,reached,52.73972602739726,0.34
optimistic bound,2100000,0.8,0.34,0.51,never reached,,0.34
optimistic bound,2100000,0.8,0.34,0.67,never reached,,0.34
optimistic bound,2100000,0.8,0.4,0.33,reached,7.534246575342466,0.4
optimistic bound,2100000,0.8,0.4,0.51,never reached,,0.4
optimistic bound,2100000,0.8,0.4,0.67,never reached,,0.4
optimistic bound,2100000,0.8,0.52,0.33,reached,2.77577505407354,0.52
optimistic bound,2100000,0.8,0.52,0.51,reached,81.5068493150685,0.52
optimistic bound,2100000,0.8,0.52,0.67,never reached,,0.52
optimistic bound,2100000,0.8,0.55,0.33,reached,2.3972602739726026,0.55
optimistic bound,2100000,0.8,0.55,0.51,reached,20.376712328767123,0.55
optimistic bound,2100000,0.8,0.55,0.67,never reached,,0.55
optimistic bound,2100000,0.8,0.6,0.33,reached,1.9533231861998985,0.6
optimistic bound,2100000,0.8,0.6,0.51,reached,9.056316590563165,0.6
optimistic bound,2100000,0.8,0.6,0.67,never reached,,0.6
optimistic bound,2100000,0.8,0.75,0.33,reached,1.2557077625570776,0.75
optimistic bound,2100000,0.8,0.75,0.51,reached,3.396118721461187,0.75
optimistic bound,2100000,0.8,0.75,0.67,reached,13.384703196347031,0.75
optimistic bound,2100000,0.8,1.0,0.33,reached,0.7871600899611532,1.0
optimistic bound,2100000,0.8,1.0,0.51,reached,1.6634050880626223,1.0
optimistic bound,2100000,0.8,1.0,0.67,reached,3.2447765324477653,1.0
optimistic bound,2100000,0.9,0.05,0.33,never reached,,0.05
optimistic bound,2100000,0.9,0.05,0.51,never reached,,0.05
optimistic bound,2100000,0.9,0.05,0.67,never reached,,0.05
optimistic bound,2100000,0.9,0.1,0.33,never reached,,0.1
optimistic bound,2100000,0.9,0.1,0.51,never reached,,0.1
optimistic bound,2100000,0.9,0.1,0.67,never reached,,0.1
optimistic bound,2100000,0.9,0.2,0.33,never reached,,0.2
optimistic bound,2100000,0.9,0.2,0.51,never reached,,0.2
optimistic bound,2100000,0.9,0.2,0.67,never reached,,0.2
optimistic bound,2100000,0.9,0.25,0.33,never reached,,0.25
optimistic bound,2100000,0.9,0.25,0.51,never reached,,0.25
optimistic bound,2100000,0.9,0.25,0.67,never reached,,0.25
optimistic bound,2100000,0.9,0.3,0.33,never reached,,0.3
optimistic bound,2100000,0.9,0.3,0.51,never reached,,0.3
optimistic bound,2100000,0.9,0.3,0.67,never reached,,0.3
optimistic bound,2100000,0.9,0.34,0.33,reached,59.332191780821915,0.34
optimistic bound,2100000,0.9,0.34,0.51,never reached,,0.34
optimistic bound,2100000,0.9,0.34,0.67,never reached,,0.34
optimistic bound,2100000,0.9,0.4,0.33,reached,8.476027397260275,0.4
optimistic bound,2100000,0.9,0.4,0.51,never reached,,0.4
optimistic bound,2100000,0.9,0.4,0.67,never reached,,0.4
optimistic bound,2100000,0.9,0.52,0.33,reached,3.1227469358327324,0.52
optimistic bound,2100000,0.9,0.52,0.51,reached,91.69520547945206,0.52
optimistic bound,2100000,0.9,0.52,0.67,never reached,,0.52
optimistic bound,2100000,0.9,0.55,0.33,reached,2.6969178082191783,0.55
optimistic bound,2100000,0.9,0.55,0.51,reached,22.923801369863014,0.55
optimistic bound,2100000,0.9,0.55,0.67,never reached,,0.55
optimistic bound,2100000,0.9,0.6,0.33,reached,2.1974885844748857,0.6
optimistic bound,2100000,0.9,0.6,0.51,reached,10.188356164383562,0.6
optimistic bound,2100000,0.9,0.6,0.67,never reached,,0.6
optimistic bound,2100000,0.9,0.75,0.33,reached,1.4126712328767124,0.75
optimistic bound,2100000,0.9,0.75,0.51,reached,3.820633561643836,0.75
optimistic bound,2100000,0.9,0.75,0.67,reached,15.05779109589041,0.75
optimistic bound,2100000,0.9,1.0,0.33,reached,0.8855551012062973,1.0
optimistic bound,2100000,0.9,1.0,0.51,reached,1.8713307240704502,1.0
optimistic bound,2100000,0.9,1.0,0.67,reached,3.650373599003736,1.0
optimistic bound,2100000,1.0,0.05,0.33,never reached,,0.05
optimistic bound,2100000,1.0,0.05,0.51,never reached,,0.05
optimistic bound,2100000,1.0,0.05,0.67,never reached,,0.05
optimistic bound,2100000,1.0,0.1,0.33,never reached,,0.1
optimistic bound,2100000,1.0,0.1,0.51,never reached,,0.1
optimistic bound,2100000,1.0,0.1,0.67,never reached,,0.1
optimistic bound,2100000,1.0,0.2,0.33,never reached,,0.2
optimistic bound,2100000,1.0,0.2,0.51,never reached,,0.2
optimistic bound,2100000,1.0,0.2,0.67,never reached,,0.2
optimistic bound,2100000,1.0,0.25,0.33,never reached,,0.25
optimistic bound,2100000,1.0,0.25,0.51,never reached,,0.25
optimistic bound,2100000,1.0,0.25,0.67,never reached,,0.25
optimistic bound,2100000,1.0,0.3,0.33,never reached,,0.3
optimistic bound,2100000,1.0,0.3,0.51,never reached,,0.3
optimistic bound,2100000,1.0,0.3,0.67,never reached,,0.3
optimistic bound,2100000,1.0,0.34,0.33,reached,65.92465753424658,0.34
optimistic bound,2100000,1.0,0.34,0.51,never reached,,0.34
optimistic bound,2100000,1.0,0.34,0.67,never reached,,0.34
optimistic bound,2100000,1.0,0.4,0.33,reached,9.417808219178083,0.4
optimistic bound,2100000,1.0,0.4,0.51,never reached,,0.4
optimistic bound,2100000,1.0,0.4,0.67,never reached,,0.4
optimistic bound,2100000,1.0,0.52,0.33,reached,3.469718817591925,0.52
optimistic bound,2100000,1.0,0.52,0.51,reached,101.88356164383562,0.52
optimistic bound,2100000,1.0,0.52,0.67,never reached,,0.52
optimistic bound,2100000,1.0,0.55,0.33,reached,2.9965753424657535,0.55
optimistic bound,2100000,1.0,0.55,0.51,reached,25.470890410958905,0.55
optimistic bound,2100000,1.0,0.55,0.67,never reached,,0.55
optimistic bound,2100000,1.0,0.6,0.33,reached,2.441653982749873,0.6
optimistic bound,2100000,1.0,0.6,0.51,reached,11.320395738203958,0.6
optimistic bound,2100000,1.0,0.6,0.67,never reached,,0.6
optimistic bound,2100000,1.0,0.75,0.33,reached,1.5696347031963471,0.75
optimistic bound,2100000,1.0,0.75,0.51,reached,4.2451484018264845,0.75
optimistic bound,2100000,1.0,0.75,0.67,reached,16.73087899543379,0.75
optimistic bound,2100000,1.0,1.0,0.33,reached,0.9839501124514414,1.0
optimistic bound,2100000,1.0,1.0,0.51,reached,2.079256360078278,1.0
optimistic bound,2100000,1.0,1.0,0.67,reached,4.055970665559706,1.0
optimistic bound,2900000,0.5,0.05,0.33,never reached,,0.05
optimistic bound,2900000,0.5,0.05,0.51,never reached,,0.05
optimistic bound,2900000,0.5,0.05,0.67,never reached,,0.05
optimistic bound,2900000,0.5,0.1,0.33,never reached,,0.1
optimistic bound,2900000,0.5,0.1,0.51,never reached,,0.1
optimistic bound,2900000,0.5,0.1,0.67,never reached,,0.1
optimistic bound,2900000,0.5,0.2,0.33,never reached,,0.2
optimistic bound,2900000,0.5,0.2,0.51,never reached,,0.2
optimistic bound,2900000,0.5,0.2,0.67,never reached,,0.2
optimistic bound,2900000,0.5,0.25,0.33,never reached,,0.25
optimistic bound,2900000,0.5,0.25,0.51,never reached,,0.25
optimistic bound,2900000,0.5,0.25,0.67,never reached,,0.25
optimistic bound,2900000,0.5,0.3,0.33,never reached,,0.3
optimistic bound,2900000,0.5,0.3,0.51,never reached,,0.3
optimistic bound,2900000,0.5,0.3,0.67,never reached,,0.3
optimistic bound,2900000,0.5,0.34,0.33,reached,45.519406392694066,0.34
optimistic bound,2900000,0.5,0.34,0.51,never reached,,0.34
optimistic bound,2900000,0.5,0.34,0.67,never reached,,0.34
optimistic bound,2900000,0.5,0.4,0.33,reached,6.502772341813437,0.4
optimistic bound,2900000,0.5,0.4,0.51,never reached,,0.4
optimistic bound,2900000,0.5,0.4,0.67,never reached,,0.4
optimistic bound,2900000,0.5,0.52,0.33,reached,2.3957582311944243,0.52
optimistic bound,2900000,0.5,0.52,0.51,reached,70.34817351598174,0.52
optimistic bound,2900000,0.5,0.52,0.67,never reached,,0.52
optimistic bound,2900000,0.5,0.55,0.33,reached,2.0690639269406392,0.55
optimistic bound,2900000,0.5,0.55,0.51,reached,17.587043378995435,0.55
optimistic bound,2900000,0.5,0.55,0.67,never reached,,0.55
optimistic bound,2900000,0.5,0.6,0.33,reached,1.6859039404701506,0.6
optimistic bound,2900000,0.5,0.6,0.51,reached,7.816463723997971,0.6
optimistic bound,2900000,0.5,0.6,0.67,never reached,,0.6
optimistic bound,2900000,0.5,0.75,0.33,reached,1.0837953903022397,0.75
optimistic bound,2900000,0.5,0.75,0.51,reached,2.931173896499239,0.75
optimistic bound,2900000,0.5,0.75,0.67,reached,11.552273592085236,0.75
optimistic bound,2900000,0.5,1.0,0.33,reached,0.6793941252640905,1.0
optimistic bound,2900000,0.5,1.0,0.51,reached,1.4356770105302394,1.0
optimistic bound,2900000,0.5,1.0,0.67,reached,2.800551173838845,1.0
optimistic bound,2900000,0.6,0.05,0.33,never reached,,0.05
optimistic bound,2900000,0.6,0.05,0.51,never reached,,0.05
optimistic bound,2900000,0.6,0.05,0.67,never reached,,0.05
optimistic bound,2900000,0.6,0.1,0.33,never reached,,0.1
optimistic bound,2900000,0.6,0.1,0.51,never reached,,0.1
optimistic bound,2900000,0.6,0.1,0.67,never reached,,0.1
optimistic bound,2900000,0.6,0.2,0.33,never reached,,0.2
optimistic bound,2900000,0.6,0.2,0.51,never reached,,0.2
optimistic bound,2900000,0.6,0.2,0.67,never reached,,0.2
optimistic bound,2900000,0.6,0.25,0.33,never reached,,0.25
optimistic bound,2900000,0.6,0.25,0.51,never reached,,0.25
optimistic bound,2900000,0.6,0.25,0.67,never reached,,0.25
optimistic bound,2900000,0.6,0.3,0.33,never reached,,0.3
optimistic bound,2900000,0.6,0.3,0.51,never reached,,0.3
optimistic bound,2900000,0.6,0.3,0.67,never reached,,0.3
optimistic bound,2900000,0.6,0.34,0.33,reached,54.62328767123287,0.34
optimistic bound,2900000,0.6,0.34,0.51,never reached,,0.34
optimistic bound,2900000,0.6,0.34,0.67,never reached,,0.34
optimistic bound,2900000,0.6,0.4,0.33,reached,7.8033268101761255,0.4
optimistic bound,2900000,0.6,0.4,0.51,never reached,,0.4
optimistic bound,2900000,0.6,0.4,0.67,never reached,,0.4
optimistic bound,2900000,0.6,0.52,0.33,reached,2.8749098774333093,0.52
optimistic bound,2900000,0.6,0.52,0.51,reached,84.41780821917808,0.52
optimistic bound,2900000,0.6,0.52,0.67,never reached,,0.52
optimistic bound,2900000,0.6,0.55,0.33,reached,2.482876712328767,0.55
optimistic bound,2900000,0.6,0.55,0.51,reached,21.10445205479452,0.55
optimistic bound,2900000,0.6,0.55,0.67,never reached,,0.55
optimistic bound,2900000,0.6,0.6,0.33,reached,2.0230847285641804,0.6
optimistic bound,2900000,0.6,0.6,0.51,reached,9.379756468797565,0.6
optimistic bound,2900000,0.6,0.6,0.67,never reached,,0.6
optimistic bound,2900000,0.6,0.75,0.33,reached,1.3005544683626875,0.75
optimistic bound,2900000,0.6,0.75,0.51,reached,3.5174086757990866,0.75
optimistic bound,2900000,0.6,0.75,0.67,reached,13.862728310502282,0.75
optimistic bound,2900000,0.6,1.0,0.33,reached,0.8152729503169086,1.0
optimistic bound,2900000,0.6,1.0,0.51,reached,1.7228124126362874,1.0
optimistic bound,2900000,0.6,1.0,0.67,reached,3.360661408606614,1.0
optimistic bound,2900000,0.7,0.05,0.33,never reached,,0.05
optimistic bound,2900000,0.7,0.05,0.51,never reached,,0.05
optimistic bound,2900000,0.7,0.05,0.67,never reached,,0.05
optimistic bound,2900000,0.7,0.1,0.33,never reached,,0.1
optimistic bound,2900000,0.7,0.1,0.51,never reached,,0.1
optimistic bound,2900000,0.7,0.1,0.67,never reached,,0.1
optimistic bound,2900000,0.7,0.2,0.33,never reached,,0.2
optimistic bound,2900000,0.7,0.2,0.51,never reached,,0.2
optimistic bound,2900000,0.7,0.2,0.67,never reached,,0.2
optimistic bound,2900000,0.7,0.25,0.33,never reached,,0.25
optimistic bound,2900000,0.7,0.25,0.51,never reached,,0.25
optimistic bound,2900000,0.7,0.25,0.67,never reached,,0.25
optimistic bound,2900000,0.7,0.3,0.33,never reached,,0.3
optimistic bound,2900000,0.7,0.3,0.51,never reached,,0.3
optimistic bound,2900000,0.7,0.3,0.67,never reached,,0.3
optimistic bound,2900000,0.7,0.34,0.33,reached,63.72716894977169,0.34
optimistic bound,2900000,0.7,0.34,0.51,never reached,,0.34
optimistic bound,2900000,0.7,0.34,0.67,never reached,,0.34
optimistic bound,2900000,0.7,0.4,0.33,reached,9.103881278538813,0.4
optimistic bound,2900000,0.7,0.4,0.51,never reached,,0.4
optimistic bound,2900000,0.7,0.4,0.67,never reached,,0.4
optimistic bound,2900000,0.7,0.52,0.33,reached,3.3540615236721942,0.52
optimistic bound,2900000,0.7,0.52,0.51,reached,98.48744292237443,0.52
optimistic bound,2900000,0.7,0.52,0.67,never reached,,0.52
optimistic bound,2900000,0.7,0.55,0.33,reached,2.896689497716895,0.55
optimistic bound,2900000,0.7,0.55,0.51,reached,24.621860730593607,0.55
optimistic bound,2900000,0.7,0.55,0.67,never reached,,0.55
optimistic bound,2900000,0.7,0.6,0.33,reached,2.360265516658211,0.6
optimistic bound,2900000,0.7,0.6,0.51,reached,10.943049213597158,0.6
optimistic bound,2900000,0.7,0.6,0.67,never reached,,0.6
optimistic bound,2900000,0.7,0.75,0.33,reached,1.5173135464231355,0.75
optimistic bound,2900000,0.7,0.75,0.51,reached,4.1036434550989345,0.75
optimistic bound,2900000,0.7,0.75,0.67,reached,16.17318302891933,0.75
optimistic bound,2900000,0.7,1.0,0.33,reached,0.9511517753697267,1.0
optimistic bound,2900000,0.7,1.0,0.51,reached,2.0099478147423353,1.0
optimistic bound,2900000,0.7,1.0,0.67,reached,3.920771643374383,1.0
optimistic bound,2900000,0.8,0.05,0.33,never reached,,0.05
optimistic bound,2900000,0.8,0.05,0.51,never reached,,0.05
optimistic bound,2900000,0.8,0.05,0.67,never reached,,0.05
optimistic bound,2900000,0.8,0.1,0.33,never reached,,0.1
optimistic bound,2900000,0.8,0.1,0.51,never reached,,0.1
optimistic bound,2900000,0.8,0.1,0.67,never reached,,0.1
optimistic bound,2900000,0.8,0.2,0.33,never reached,,0.2
optimistic bound,2900000,0.8,0.2,0.51,never reached,,0.2
optimistic bound,2900000,0.8,0.2,0.67,never reached,,0.2
optimistic bound,2900000,0.8,0.25,0.33,never reached,,0.25
optimistic bound,2900000,0.8,0.25,0.51,never reached,,0.25
optimistic bound,2900000,0.8,0.25,0.67,never reached,,0.25
optimistic bound,2900000,0.8,0.3,0.33,never reached,,0.3
optimistic bound,2900000,0.8,0.3,0.51,never reached,,0.3
optimistic bound,2900000,0.8,0.3,0.67,never reached,,0.3
optimistic bound,2900000,0.8,0.34,0.33,reached,72.8310502283105,0.34
optimistic bound,2900000,0.8,0.34,0.51,never reached,,0.34
optimistic bound,2900000,0.8,0.34,0.67,never reached,,0.34
optimistic bound,2900000,0.8,0.4,0.33,reached,10.4044357469015,0.4
optimistic bound,2900000,0.8,0.4,0.51,never reached,,0.4
optimistic bound,2900000,0.8,0.4,0.67,never reached,,0.4
optimistic bound,2900000,0.8,0.52,0.33,reached,3.833213169911079,0.52
optimistic bound,2900000,0.8,0.52,0.51,reached,112.55707762557077,0.52
optimistic bound,2900000,0.8,0.52,0.67,never reached,,0.52
optimistic bound,2900000,0.8,0.55,0.33,reached,3.310502283105023,0.55
optimistic bound,2900000,0.8,0.55,0.51,reached,28.139269406392692,0.55
optimistic bound,2900000,0.8,0.55,0.67,never reached,,0.55
optimistic bound,2900000,0.8,0.6,0.33,reached,2.697446304752241,0.6
optimistic bound,2900000,0.8,0.6,0.51,reached,12.506341958396753,0.6
optimistic bound,2900000,0.8,0.6,0.67,never reached,,0.6
optimistic bound,2900000,0.8,0.75,0.33,reached,1.7340726244835833,0.75
optimistic bound,2900000,0.8,0.75,0.51,reached,4.689878234398782,0.75
optimistic bound,2900000,0.8,0.75,0.67,reached,18.483637747336378,0.75
optimistic bound,2900000,0.8,1.0,0.33,reached,1.0870306004225447,1.0
optimistic bound,2900000,0.8,1.0,0.51,reached,2.297083216848383,1.0
optimistic bound,2900000,0.8,1.0,0.67,reached,4.480881878142152,1.0
optimistic bound,2900000,0.9,0.05,0.33,never reached,,0.05
optimistic bound,2900000,0.9,0.05,0.51,never reached,,0.05
optimistic bound,2900000,0.9,0.05,0.67,never reached,,0.05
optimistic bound,2900000,0.9,0.1,0.33,never reached,,0.1
optimistic bound,2900000,0.9,0.1,0.51,never reached,,0.1
optimistic bound,2900000,0.9,0.1,0.67,never reached,,0.1
optimistic bound,2900000,0.9,0.2,0.33,never reached,,0.2
optimistic bound,2900000,0.9,0.2,0.51,never reached,,0.2
optimistic bound,2900000,0.9,0.2,0.67,never reached,,0.2
optimistic bound,2900000,0.9,0.25,0.33,never reached,,0.25
optimistic bound,2900000,0.9,0.25,0.51,never reached,,0.25
optimistic bound,2900000,0.9,0.25,0.67,never reached,,0.25
optimistic bound,2900000,0.9,0.3,0.33,never reached,,0.3
optimistic bound,2900000,0.9,0.3,0.51,never reached,,0.3
optimistic bound,2900000,0.9,0.3,0.67,never reached,,0.3
optimistic bound,2900000,0.9,0.34,0.33,reached,81.93493150684931,0.34
optimistic bound,2900000,0.9,0.34,0.51,never reached,,0.34
optimistic bound,2900000,0.9,0.34,0.67,never reached,,0.34
optimistic bound,2900000,0.9,0.4,0.33,reached,11.704990215264187,0.4
optimistic bound,2900000,0.9,0.4,0.51,never reached,,0.4
optimistic bound,2900000,0.9,0.4,0.67,never reached,,0.4
optimistic bound,2900000,0.9,0.52,0.33,reached,4.312364816149964,0.52
optimistic bound,2900000,0.9,0.52,0.51,reached,126.62671232876713,0.52
optimistic bound,2900000,0.9,0.52,0.67,never reached,,0.52
optimistic bound,2900000,0.9,0.55,0.33,reached,3.7243150684931505,0.55
optimistic bound,2900000,0.9,0.55,0.51,reached,31.65667808219178,0.55
optimistic bound,2900000,0.9,0.55,0.67,never reached,,0.55
optimistic bound,2900000,0.9,0.6,0.33,reached,3.034627092846271,0.6
optimistic bound,2900000,0.9,0.6,0.51,reached,14.069634703196346,0.6
optimistic bound,2900000,0.9,0.6,0.67,never reached,,0.6
optimistic bound,2900000,0.9,0.75,0.33,reached,1.9508317025440314,0.75
optimistic bound,2900000,0.9,0.75,0.51,reached,5.27611301369863,0.75
optimistic bound,2900000,0.9,0.75,0.67,reached,20.794092465753426,0.75
optimistic bound,2900000,0.9,1.0,0.33,reached,1.222909425475363,1.0
optimistic bound,2900000,0.9,1.0,0.51,reached,2.584218618954431,1.0
optimistic bound,2900000,0.9,1.0,0.67,reached,5.0409921129099216,1.0
optimistic bound,2900000,1.0,0.05,0.33,never reached,,0.05
optimistic bound,2900000,1.0,0.05,0.51,never reached,,0.05
optimistic bound,2900000,1.0,0.05,0.67,never reached,,0.05
optimistic bound,2900000,1.0,0.1,0.33,never reached,,0.1
optimistic bound,2900000,1.0,0.1,0.51,never reached,,0.1
optimistic bound,2900000,1.0,0.1,0.67,never reached,,0.1
optimistic bound,2900000,1.0,0.2,0.33,never reached,,0.2
optimistic bound,2900000,1.0,0.2,0.51,never reached,,0.2
optimistic bound,2900000,1.0,0.2,0.67,never reached,,0.2
optimistic bound,2900000,1.0,0.25,0.33,never reached,,0.25
optimistic bound,2900000,1.0,0.25,0.51,never reached,,0.25
optimistic bound,2900000,1.0,0.25,0.67,never reached,,0.25
optimistic bound,2900000,1.0,0.3,0.33,never reached,,0.3
optimistic bound,2900000,1.0,0.3,0.51,never reached,,0.3
optimistic bound,2900000,1.0,0.3,0.67,never reached,,0.3
optimistic bound,2900000,1.0,0.34,0.33,reached,91.03881278538813,0.34
optimistic bound,2900000,1.0,0.34,0.51,never reached,,0.34
optimistic bound,2900000,1.0,0.34,0.67,never reached,,0.34
optimistic bound,2900000,1.0,0.4,0.33,reached,13.005544683626875,0.4
optimistic bound,2900000,1.0,0.4,0.51,never reached,,0.4
optimistic bound,2900000,1.0,0.4,0.67,never reached,,0.4
optimistic bound,2900000,1.0,0.52,0.33,reached,4.791516462388849,0.52
optimistic bound,2900000,1.0,0.52,0.51,reached,140.69634703196348,0.52
optimistic bound,2900000,1.0,0.52,0.67,never reached,,0.52
optimistic bound,2900000,1.0,0.55,0.33,reached,4.1381278538812785,0.55
optimistic bound,2900000,1.0,0.55,0.51,reached,35.17408675799087,0.55
optimistic bound,2900000,1.0,0.55,0.67,never reached,,0.55
optimistic bound,2900000,1.0,0.6,0.33,reached,3.371807880940301,0.6
optimistic bound,2900000,1.0,0.6,0.51,reached,15.632927447995941,0.6
optimistic bound,2900000,1.0,0.6,0.67,never reached,,0.6
optimistic bound,2900000,1.0,0.75,0.33,reached,2.1675907806044794,0.75
optimistic bound,2900000,1.0,0.75,0.51,reached,5.862347792998478,0.75
optimistic bound,2900000,1.0,0.75,0.67,reached,23.10454718417047,0.75
optimistic bound,2900000,1.0,1.0,0.33,reached,1.358788250528181,1.0
optimistic bound,2900000,1.0,1.0,0.51,reached,2.871354021060479,1.0
optimistic bound,2900000,1.0,1.0,0.67,reached,5.60110234767769,1.0
optimistic bound,5000000,0.5,0.05,0.33,never reached,,0.05
optimistic bound,5000000,0.5,0.05,0.51,never reached,,0.05
optimistic bound,5000000,0.5,0.05,0.67,never reached,,0.05
optimistic bound,5000000,0.5,0.1,0.33,never reached,,0.1
optimistic bound,5000000,0.5,0.1,0.51,never reached,,0.1
optimistic bound,5000000,0.5,0.1,0.67,never reached,,0.1
optimistic bound,5000000,0.5,0.2,0.33,never reached,,0.2
optimistic bound,5000000,0.5,0.2,0.51,never reached,,0.2
optimistic bound,5000000,0.5,0.2,0.67,never reached,,0.2
optimistic bound,5000000,0.5,0.25,0.33,never reached,,0.25
optimistic bound,5000000,0.5,0.25,0.51,never reached,,0.25
optimistic bound,5000000,0.5,0.25,0.67,never reached,,0.25
optimistic bound,5000000,0.5,0.3,0.33,never reached,,0.3
optimistic bound,5000000,0.5,0.3,0.51,never reached,,0.3
optimistic bound,5000000,0.5,0.3,0.67,never reached,,0.3
optimistic bound,5000000,0.5,0.34,0.33,reached,78.48173515981735,0.34
optimistic bound,5000000,0.5,0.34,0.51,never reached,,0.34
optimistic bound,5000000,0.5,0.34,0.67,never reached,,0.34
optimistic bound,5000000,0.5,0.4,0.33,reached,11.211676451402479,0.4
optimistic bound,5000000,0.5,0.4,0.51,never reached,,0.4
optimistic bound,5000000,0.5,0.4,0.67,never reached,,0.4
optimistic bound,5000000,0.5,0.52,0.33,reached,4.130617639990387,0.52
optimistic bound,5000000,0.5,0.52,0.51,reached,121.28995433789954,0.52
optimistic bound,5000000,0.5,0.52,0.67,never reached,,0.52
optimistic bound,5000000,0.5,0.55,0.33,reached,3.567351598173516,0.55
optimistic bound,5000000,0.5,0.55,0.51,reached,30.322488584474886,0.55
optimistic bound,5000000,0.5,0.55,0.67,never reached,,0.55
optimistic bound,5000000,0.5,0.6,0.33,reached,2.906730931845087,0.6
optimistic bound,5000000,0.5,0.6,0.51,reached,13.47666159309995,0.6
optimistic bound,5000000,0.5,0.6,0.67,never reached,,0.6
optimistic bound,5000000,0.5,0.75,0.33,reached,1.868612741900413,0.75
optimistic bound,5000000,0.5,0.75,0.51,reached,5.053748097412481,0.75
optimistic bound,5000000,0.5,0.75,0.67,reached,19.91771308980213,0.75
optimistic bound,5000000,0.5,1.0,0.33,reached,1.1713691814898113,1.0
optimistic bound,5000000,0.5,1.0,0.51,reached,2.4753051905693786,1.0
optimistic bound,5000000,0.5,1.0,0.67,reached,4.828536506618699,1.0
optimistic bound,5000000,0.6,0.05,0.33,never reached,,0.05
optimistic bound,5000000,0.6,0.05,0.51,never reached,,0.05
optimistic bound,5000000,0.6,0.05,0.67,never reached,,0.05
optimistic bound,5000000,0.6,0.1,0.33,never reached,,0.1
optimistic bound,5000000,0.6,0.1,0.51,never reached,,0.1
optimistic bound,5000000,0.6,0.1,0.67,never reached,,0.1
optimistic bound,5000000,0.6,0.2,0.33,never reached,,0.2
optimistic bound,5000000,0.6,0.2,0.51,never reached,,0.2
optimistic bound,5000000,0.6,0.2,0.67,never reached,,0.2
optimistic bound,5000000,0.6,0.25,0.33,never reached,,0.25
optimistic bound,5000000,0.6,0.25,0.51,never reached,,0.25
optimistic bound,5000000,0.6,0.25,0.67,never reached,,0.25
optimistic bound,5000000,0.6,0.3,0.33,never reached,,0.3
optimistic bound,5000000,0.6,0.3,0.51,never reached,,0.3
optimistic bound,5000000,0.6,0.3,0.67,never reached,,0.3
optimistic bound,5000000,0.6,0.34,0.33,reached,94.17808219178082,0.34
optimistic bound,5000000,0.6,0.34,0.51,never reached,,0.34
optimistic bound,5000000,0.6,0.34,0.67,never reached,,0.34
optimistic bound,5000000,0.6,0.4,0.33,reached,13.454011741682974,0.4
optimistic bound,5000000,0.6,0.4,0.51,never reached,,0.4
optimistic bound,5000000,0.6,0.4,0.67,never reached,,0.4
optimistic bound,5000000,0.6,0.52,0.33,reached,4.956741167988464,0.52
optimistic bound,5000000,0.6,0.52,0.51,reached,145.54794520547946,0.52
optimistic bound,5000000,0.6,0.52,0.67,never reached,,0.52
optimistic bound,5000000,0.6,0.55,0.33,reached,4.280821917808219,0.55
optimistic bound,5000000,0.6,0.55,0.51,reached,36.386986301369866,0.55
optimistic bound,5000000,0.6,0.55,0.67,never reached,,0.55
optimistic bound,5000000,0.6,0.6,0.33,reached,3.4880771182141044,0.6
optimistic bound,5000000,0.6,0.6,0.51,reached,16.171993911719937,0.6
optimistic bound,5000000,0.6,0.6,0.67,never reached,,0.6
optimistic bound,5000000,0.6,0.75,0.33,reached,2.242335290280496,0.75
optimistic bound,5000000,0.6,0.75,0.51,reached,6.064497716894977,0.75
optimistic bound,5000000,0.6,0.75,0.67,reached,23.90125570776256,0.75
optimistic bound,5000000,0.6,1.0,0.33,reached,1.4056430177877735,1.0
optimistic bound,5000000,0.6,1.0,0.51,reached,2.970366228683254,1.0
optimistic bound,5000000,0.6,1.0,0.67,reached,5.794243807942438,1.0
optimistic bound,5000000,0.7,0.05,0.33,never reached,,0.05
optimistic bound,5000000,0.7,0.05,0.51,never reached,,0.05
optimistic bound,5000000,0.7,0.05,0.67,never reached,,0.05
optimistic bound,5000000,0.7,0.1,0.33,never reached,,0.1
optimistic bound,5000000,0.7,0.1,0.51,never reached,,0.1
optimistic bound,5000000,0.7,0.1,0.67,never reached,,0.1
optimistic bound,5000000,0.7,0.2,0.33,never reached,,0.2
optimistic bound,5000000,0.7,0.2,0.51,never reached,,0.2
optimistic bound,5000000,0.7,0.2,0.67,never reached,,0.2
optimistic bound,5000000,0.7,0.25,0.33,never reached,,0.25
optimistic bound,5000000,0.7,0.25,0.51,never reached,,0.25
optimistic bound,5000000,0.7,0.25,0.67,never reached,,0.25
optimistic bound,5000000,0.7,0.3,0.33,never reached,,0.3
optimistic bound,5000000,0.7,0.3,0.51,never reached,,0.3
optimistic bound,5000000,0.7,0.3,0.67,never reached,,0.3
optimistic bound,5000000,0.7,0.34,0.33,reached,109.87442922374429,0.34
optimistic bound,5000000,0.7,0.34,0.51,never reached,,0.34
optimistic bound,5000000,0.7,0.34,0.67,never reached,,0.34
optimistic bound,5000000,0.7,0.4,0.33,reached,15.69634703196347,0.4
optimistic bound,5000000,0.7,0.4,0.51,never reached,,0.4
optimistic bound,5000000,0.7,0.4,0.67,never reached,,0.4
optimistic bound,5000000,0.7,0.52,0.33,reached,5.782864695986541,0.52
optimistic bound,5000000,0.7,0.52,0.51,reached,169.80593607305937,0.52
optimistic bound,5000000,0.7,0.52,0.67,never reached,,0.52
optimistic bound,5000000,0.7,0.55,0.33,reached,4.994292237442922,0.55
optimistic bound,5000000,0.7,0.55,0.51,reached,42.45148401826484,0.55
optimistic bound,5000000,0.7,0.55,0.67,never reached,,0.55
optimistic bound,5000000,0.7,0.6,0.33,reached,4.069423304583122,0.6
optimistic bound,5000000,0.7,0.6,0.51,reached,18.86732623033993,0.6
optimistic bound,5000000,0.7,0.6,0.67,never reached,,0.6
optimistic bound,5000000,0.7,0.75,0.33,reached,2.6160578386605784,0.75
optimistic bound,5000000,0.7,0.75,0.51,reached,7.0752473363774735,0.75
optimistic bound,5000000,0.7,0.75,0.67,reached,27.884798325722983,0.75
optimistic bound,5000000,0.7,1.0,0.33,reached,1.6399168540857356,1.0
optimistic bound,5000000,0.7,1.0,0.51,reached,3.4654272667971298,1.0
optimistic bound,5000000,0.7,1.0,0.67,reached,6.7599511092661775,1.0
optimistic bound,5000000,0.8,0.05,0.33,never reached,,0.05
optimistic bound,5000000,0.8,0.05,0.51,never reached,,0.05
optimistic bound,5000000,0.8,0.05,0.67,never reached,,0.05
optimistic bound,5000000,0.8,0.1,0.33,never reached,,0.1
optimistic bound,5000000,0.8,0.1,0.51,never reached,,0.1
optimistic bound,5000000,0.8,0.1,0.67,never reached,,0.1
optimistic bound,5000000,0.8,0.2,0.33,never reached,,0.2
optimistic bound,5000000,0.8,0.2,0.51,never reached,,0.2
optimistic bound,5000000,0.8,0.2,0.67,never reached,,0.2
optimistic bound,5000000,0.8,0.25,0.33,never reached,,0.25
optimistic bound,5000000,0.8,0.25,0.51,never reached,,0.25
optimistic bound,5000000,0.8,0.25,0.67,never reached,,0.25
optimistic bound,5000000,0.8,0.3,0.33,never reached,,0.3
optimistic bound,5000000,0.8,0.3,0.51,never reached,,0.3
optimistic bound,5000000,0.8,0.3,0.67,never reached,,0.3
optimistic bound,5000000,0.8,0.34,0.33,reached,125.57077625570776,0.34
optimistic bound,5000000,0.8,0.34,0.51,never reached,,0.34
optimistic bound,5000000,0.8,0.34,0.67,never reached,,0.34
optimistic bound,5000000,0.8,0.4,0.33,reached,17.938682322243967,0.4
optimistic bound,5000000,0.8,0.4,0.51,never reached,,0.4
optimistic bound,5000000,0.8,0.4,0.67,never reached,,0.4
optimistic bound,5000000,0.8,0.52,0.33,reached,6.608988223984619,0.52
optimistic bound,5000000,0.8,0.52,0.51,reached,194.06392694063928,0.52
optimistic bound,5000000,0.8,0.52,0.67,never reached,,0.52
optimistic bound,5000000,0.8,0.55,0.33,reached,5.707762557077626,0.55
optimistic bound,5000000,0.8,0.55,0.51,reached,48.51598173515982,0.55
optimistic bound,5000000,0.8,0.55,0.67,never reached,,0.55
optimistic bound,5000000,0.8,0.6,0.33,reached,4.65076949095214,0.6
optimistic bound,5000000,0.8,0.6,0.51,reached,21.56265854895992,0.6
optimistic bound,5000000,0.8,0.6,0.67,never reached,,0.6
optimistic bound,5000000,0.8,0.75,0.33,reached,2.989780387040661,0.75
optimistic bound,5000000,0.8,0.75,0.51,reached,8.085996955859969,0.75
optimistic bound,5000000,0.8,0.75,0.67,reached,31.86834094368341,0.75
optimistic bound,5000000,0.8,1.0,0.33,reached,1.874190690383698,1.0
optimistic bound,5000000,0.8,1.0,0.51,reached,3.9604883049110056,1.0
optimistic bound,5000000,0.8,1.0,0.67,reached,7.725658410589918,1.0
optimistic bound,5000000,0.9,0.05,0.33,never reached,,0.05
optimistic bound,5000000,0.9,0.05,0.51,never reached,,0.05
optimistic bound,5000000,0.9,0.05,0.67,never reached,,0.05
optimistic bound,5000000,0.9,0.1,0.33,never reached,,0.1
optimistic bound,5000000,0.9,0.1,0.51,never reached,,0.1
optimistic bound,5000000,0.9,0.1,0.67,never reached,,0.1
optimistic bound,5000000,0.9,0.2,0.33,never reached,,0.2
optimistic bound,5000000,0.9,0.2,0.51,never reached,,0.2
optimistic bound,5000000,0.9,0.2,0.67,never reached,,0.2
optimistic bound,5000000,0.9,0.25,0.33,never reached,,0.25
optimistic bound,5000000,0.9,0.25,0.51,never reached,,0.25
optimistic bound,5000000,0.9,0.25,0.67,never reached,,0.25
optimistic bound,5000000,0.9,0.3,0.33,never reached,,0.3
optimistic bound,5000000,0.9,0.3,0.51,never reached,,0.3
optimistic bound,5000000,0.9,0.3,0.67,never reached,,0.3
optimistic bound,5000000,0.9,0.34,0.33,reached,141.26712328767124,0.34
optimistic bound,5000000,0.9,0.34,0.51,never reached,,0.34
optimistic bound,5000000,0.9,0.34,0.67,never reached,,0.34
optimistic bound,5000000,0.9,0.4,0.33,reached,20.18101761252446,0.4
optimistic bound,5000000,0.9,0.4,0.51,never reached,,0.4
optimistic bound,5000000,0.9,0.4,0.67,never reached,,0.4
optimistic bound,5000000,0.9,0.52,0.33,reached,7.435111751982697,0.52
optimistic bound,5000000,0.9,0.52,0.51,reached,218.32191780821918,0.52
optimistic bound,5000000,0.9,0.52,0.67,never reached,,0.52
optimistic bound,5000000,0.9,0.55,0.33,reached,6.421232876712328,0.55
optimistic bound,5000000,0.9,0.55,0.51,reached,54.580479452054796,0.55
optimistic bound,5000000,0.9,0.55,0.67,never reached,,0.55
optimistic bound,5000000,0.9,0.6,0.33,reached,5.232115677321157,0.6
optimistic bound,5000000,0.9,0.6,0.51,reached,24.25799086757991,0.6
optimistic bound,5000000,0.9,0.6,0.67,never reached,,0.6
optimistic bound,5000000,0.9,0.75,0.33,reached,3.3635029354207435,0.75
optimistic bound,5000000,0.9,0.75,0.51,reached,9.096746575342467,0.75
optimistic bound,5000000,0.9,0.75,0.67,reached,35.85188356164384,0.75
optimistic bound,5000000,0.9,1.0,0.33,reached,2.10846452668166,1.0
optimistic bound,5000000,0.9,1.0,0.51,reached,4.455549343024881,1.0
optimistic bound,5000000,0.9,1.0,0.67,reached,8.691365711913656,1.0
optimistic bound,5000000,1.0,0.05,0.33,never reached,,0.05
optimistic bound,5000000,1.0,0.05,0.51,never reached,,0.05
optimistic bound,5000000,1.0,0.05,0.67,never reached,,0.05
optimistic bound,5000000,1.0,0.1,0.33,never reached,,0.1
optimistic bound,5000000,1.0,0.1,0.51,never reached,,0.1
optimistic bound,5000000,1.0,0.1,0.67,never reached,,0.1
optimistic bound,5000000,1.0,0.2,0.33,never reached,,0.2
optimistic bound,5000000,1.0,0.2,0.51,never reached,,0.2
optimistic bound,5000000,1.0,0.2,0.67,never reached,,0.2
optimistic bound,5000000,1.0,0.25,0.33,never reached,,0.25
optimistic bound,5000000,1.0,0.25,0.51,never reached,,0.25
optimistic bound,5000000,1.0,0.25,0.67,never reached,,0.25
optimistic bound,5000000,1.0,0.3,0.33,never reached,,0.3
optimistic bound,5000000,1.0,0.3,0.51,never reached,,0.3
optimistic bound,5000000,1.0,0.3,0.67,never reached,,0.3
optimistic bound,5000000,1.0,0.34,0.33,reached,156.9634703196347,0.34
optimistic bound,5000000,1.0,0.34,0.51,never reached,,0.34
optimistic bound,5000000,1.0,0.34,0.67,never reached,,0.34
optimistic bound,5000000,1.0,0.4,0.33,reached,22.423352902804957,0.4
optimistic bound,5000000,1.0,0.4,0.51,never reached,,0.4
optimistic bound,5000000,1.0,0.4,0.67,never reached,,0.4
optimistic bound,5000000,1.0,0.52,0.33,reached,8.261235279980774,0.52
optimistic bound,5000000,1.0,0.52,0.51,reached,242.5799086757991,0.52
optimistic bound,5000000,1.0,0.52,0.67,never reached,,0.52
optimistic bound,5000000,1.0,0.55,0.33,reached,7.134703196347032,0.55
optimistic bound,5000000,1.0,0.55,0.51,reached,60.64497716894977,0.55
optimistic bound,5000000,1.0,0.55,0.67,never reached,,0.55
optimistic bound,5000000,1.0,0.6,0.33,reached,5.813461863690174,0.6
optimistic bound,5000000,1.0,0.6,0.51,reached,26.9533231861999,0.6
optimistic bound,5000000,1.0,0.6,0.67,never reached,,0.6
optimistic bound,5000000,1.0,0.75,0.33,reached,3.737225483800826,0.75
optimistic bound,5000000,1.0,0.75,0.51,reached,10.107496194824963,0.75
optimistic bound,5000000,1.0,0.75,0.67,reached,39.83542617960426,0.75
optimistic bound,5000000,1.0,1.0,0.33,reached,2.3427383629796226,1.0
optimistic bound,5000000,1.0,1.0,0.51,reached,4.950610381138757,1.0
optimistic bound,5000000,1.0,1.0,0.67,reached,9.657073013237397,1.0
optimistic bound,10000000,0.5,0.05,0.33,never reached,,0.05
optimistic bound,10000000,0.5,0.05,0.51,never reached,,0.05
optimistic bound,10000000,0.5,0.05,0.67,never reached,,0.05
optimistic bound,10000000,0.5,0.1,0.33,never reached,,0.1
optimistic bound,10000000,0.5,0.1,0.51,never reached,,0.1
optimistic bound,10000000,0.5,0.1,0.67,never reached,,0.1
optimistic bound,10000000,0.5,0.2,0.33,never reached,,0.2
optimistic bound,10000000,0.5,0.2,0.51,never reached,,0.2
optimistic bound,10000000,0.5,0.2,0.67,never reached,,0.2
optimistic bound,10000000,0.5,0.25,0.33,never reached,,0.25
optimistic bound,10000000,0.5,0.25,0.51,never reached,,0.25
optimistic bound,10000000,0.5,0.25,0.67,never reached,,0.25
optimistic bound,10000000,0.5,0.3,0.33,never reached,,0.3
optimistic bound,10000000,0.5,0.3,0.51,never reached,,0.3
optimistic bound,10000000,0.5,0.3,0.67,never reached,,0.3
optimistic bound,10000000,0.5,0.34,0.33,reached,156.9634703196347,0.34
optimistic bound,10000000,0.5,0.34,0.51,never reached,,0.34
optimistic bound,10000000,0.5,0.34,0.67,never reached,,0.34
optimistic bound,10000000,0.5,0.4,0.33,reached,22.423352902804957,0.4
optimistic bound,10000000,0.5,0.4,0.51,never reached,,0.4
optimistic bound,10000000,0.5,0.4,0.67,never reached,,0.4
optimistic bound,10000000,0.5,0.52,0.33,reached,8.261235279980774,0.52
optimistic bound,10000000,0.5,0.52,0.51,reached,242.5799086757991,0.52
optimistic bound,10000000,0.5,0.52,0.67,never reached,,0.52
optimistic bound,10000000,0.5,0.55,0.33,reached,7.134703196347032,0.55
optimistic bound,10000000,0.5,0.55,0.51,reached,60.64497716894977,0.55
optimistic bound,10000000,0.5,0.55,0.67,never reached,,0.55
optimistic bound,10000000,0.5,0.6,0.33,reached,5.813461863690174,0.6
optimistic bound,10000000,0.5,0.6,0.51,reached,26.9533231861999,0.6
optimistic bound,10000000,0.5,0.6,0.67,never reached,,0.6
optimistic bound,10000000,0.5,0.75,0.33,reached,3.737225483800826,0.75
optimistic bound,10000000,0.5,0.75,0.51,reached,10.107496194824963,0.75
optimistic bound,10000000,0.5,0.75,0.67,reached,39.83542617960426,0.75
optimistic bound,10000000,0.5,1.0,0.33,reached,2.3427383629796226,1.0
optimistic bound,10000000,0.5,1.0,0.51,reached,4.950610381138757,1.0
optimistic bound,10000000,0.5,1.0,0.67,reached,9.657073013237397,1.0
optimistic bound,10000000,0.6,0.05,0.33,never reached,,0.05
optimistic bound,10000000,0.6,0.05,0.51,never reached,,0.05
optimistic bound,10000000,0.6,0.05,0.67,never reached,,0.05
optimistic bound,10000000,0.6,0.1,0.33,never reached,,0.1
optimistic bound,10000000,0.6,0.1,0.51,never reached,,0.1
optimistic bound,10000000,0.6,0.1,0.67,never reached,,0.1
optimistic bound,10000000,0.6,0.2,0.33,never reached,,0.2
optimistic bound,10000000,0.6,0.2,0.51,never reached,,0.2
optimistic bound,10000000,0.6,0.2,0.67,never reached,,0.2
optimistic bound,10000000,0.6,0.25,0.33,never reached,,0.25
optimistic bound,10000000,0.6,0.25,0.51,never reached,,0.25
optimistic bound,10000000,0.6,0.25,0.67,never reached,,0.25
optimistic bound,10000000,0.6,0.3,0.33,never reached,,0.3
optimistic bound,10000000,0.6,0.3,0.51,never reached,,0.3
optimistic bound,10000000,0.6,0.3,0.67,never reached,,0.3
optimistic bound,10000000,0.6,0.34,0.33,reached,188.35616438356163,0.34
optimistic bound,10000000,0.6,0.34,0.51,never reached,,0.34
optimistic bound,10000000,0.6,0.34,0.67,never reached,,0.34
optimistic bound,10000000,0.6,0.4,0.33,reached,26.908023483365948,0.4
optimistic bound,10000000,0.6,0.4,0.51,never reached,,0.4
optimistic bound,10000000,0.6,0.4,0.67,never reached,,0.4
optimistic bound,10000000,0.6,0.52,0.33,reached,9.913482335976928,0.52
optimistic bound,10000000,0.6,0.52,0.51,reached,291.09589041095893,0.52
optimistic bound,10000000,0.6,0.52,0.67,never reached,,0.52
optimistic bound,10000000,0.6,0.55,0.33,reached,8.561643835616438,0.55
optimistic bound,10000000,0.6,0.55,0.51,reached,72.77397260273973,0.55
optimistic bound,10000000,0.6,0.55,0.67,never reached,,0.55
optimistic bound,10000000,0.6,0.6,0.33,reached,6.976154236428209,0.6
optimistic bound,10000000,0.6,0.6,0.51,reached,32.343987823439875,0.6
optimistic bound,10000000,0.6,0.6,0.67,never reached,,0.6
optimistic bound,10000000,0.6,0.75,0.33,reached,4.484670580560992,0.75
optimistic bound,10000000,0.6,0.75,0.51,reached,12.128995433789955,0.75
optimistic bound,10000000,0.6,0.75,0.67,reached,47.80251141552512,0.75
optimistic bound,10000000,0.6,1.0,0.33,reached,2.811286035575547,1.0
optimistic bound,10000000,0.6,1.0,0.51,reached,5.940732457366508,1.0
optimistic bound,10000000,0.6,1.0,0.67,reached,11.588487615884876,1.0
optimistic bound,10000000,0.7,0.05,0.33,never reached,,0.05
optimistic bound,10000000,0.7,0.05,0.51,never reached,,0.05
optimistic bound,10000000,0.7,0.05,0.67,never reached,,0.05
optimistic bound,10000000,0.7,0.1,0.33,never reached,,0.1
optimistic bound,10000000,0.7,0.1,0.51,never reached,,0.1
optimistic bound,10000000,0.7,0.1,0.67,never reached,,0.1
optimistic bound,10000000,0.7,0.2,0.33,never reached,,0.2
optimistic bound,10000000,0.7,0.2,0.51,never reached,,0.2
optimistic bound,10000000,0.7,0.2,0.67,never reached,,0.2
optimistic bound,10000000,0.7,0.25,0.33,never reached,,0.25
optimistic bound,10000000,0.7,0.25,0.51,never reached,,0.25
optimistic bound,10000000,0.7,0.25,0.67,never reached,,0.25
optimistic bound,10000000,0.7,0.3,0.33,never reached,,0.3
optimistic bound,10000000,0.7,0.3,0.51,never reached,,0.3
optimistic bound,10000000,0.7,0.3,0.67,never reached,,0.3
optimistic bound,10000000,0.7,0.34,0.33,reached,219.74885844748857,0.34
optimistic bound,10000000,0.7,0.34,0.51,never reached,,0.34
optimistic bound,10000000,0.7,0.34,0.67,never reached,,0.34
optimistic bound,10000000,0.7,0.4,0.33,reached,31.39269406392694,0.4
optimistic bound,10000000,0.7,0.4,0.51,never reached,,0.4
optimistic bound,10000000,0.7,0.4,0.67,never reached,,0.4
optimistic bound,10000000,0.7,0.52,0.33,reached,11.565729391973083,0.52
optimistic bound,10000000,0.7,0.52,0.51,reached,339.61187214611874,0.52
optimistic bound,10000000,0.7,0.52,0.67,never reached,,0.52
optimistic bound,10000000,0.7,0.55,0.33,reached,9.988584474885844,0.55
optimistic bound,10000000,0.7,0.55,0.51,reached,84.90296803652969,0.55
optimistic bound,10000000,0.7,0.55,0.67,never reached,,0.55
optimistic bound,10000000,0.7,0.6,0.33,reached,8.138846609166244,0.6
optimistic bound,10000000,0.7,0.6,0.51,reached,37.73465246067986,0.6
optimistic bound,10000000,0.7,0.6,0.67,never reached,,0.6
optimistic bound,10000000,0.7,0.75,0.33,reached,5.232115677321157,0.75
optimistic bound,10000000,0.7,0.75,0.51,reached,14.150494672754947,0.75
optimistic bound,10000000,0.7,0.75,0.67,reached,55.769596651445966,0.75
optimistic bound,10000000,0.7,1.0,0.33,reached,3.2798337081714712,1.0
optimistic bound,10000000,0.7,1.0,0.51,reached,6.9308545335942595,1.0
optimistic bound,10000000,0.7,1.0,0.67,reached,13.519902218532355,1.0
optimistic bound,10000000,0.8,0.05,0.33,never reached,,0.05
optimistic bound,10000000,0.8,0.05,0.51,never reached,,0.05
optimistic bound,10000000,0.8,0.05,0.67,never reached,,0.05
optimistic bound,10000000,0.8,0.1,0.33,never reached,,0.1
optimistic bound,10000000,0.8,0.1,0.51,never reached,,0.1
optimistic bound,10000000,0.8,0.1,0.67,never reached,,0.1
optimistic bound,10000000,0.8,0.2,0.33,never reached,,0.2
optimistic bound,10000000,0.8,0.2,0.51,never reached,,0.2
optimistic bound,10000000,0.8,0.2,0.67,never reached,,0.2
optimistic bound,10000000,0.8,0.25,0.33,never reached,,0.25
optimistic bound,10000000,0.8,0.25,0.51,never reached,,0.25
optimistic bound,10000000,0.8,0.25,0.67,never reached,,0.25
optimistic bound,10000000,0.8,0.3,0.33,never reached,,0.3
optimistic bound,10000000,0.8,0.3,0.51,never reached,,0.3
optimistic bound,10000000,0.8,0.3,0.67,never reached,,0.3
optimistic bound,10000000,0.8,0.34,0.33,reached,251.1415525114155,0.34
optimistic bound,10000000,0.8,0.34,0.51,never reached,,0.34
optimistic bound,10000000,0.8,0.34,0.67,never reached,,0.34
optimistic bound,10000000,0.8,0.4,0.33,reached,35.87736464448793,0.4
optimistic bound,10000000,0.8,0.4,0.51,never reached,,0.4
optimistic bound,10000000,0.8,0.4,0.67,never reached,,0.4
optimistic bound,10000000,0.8,0.52,0.33,reached,13.217976447969239,0.52
optimistic bound,10000000,0.8,0.52,0.51,reached,388.12785388127855,0.52
optimistic bound,10000000,0.8,0.52,0.67,never reached,,0.52
optimistic bound,10000000,0.8,0.55,0.33,reached,11.415525114155251,0.55
optimistic bound,10000000,0.8,0.55,0.51,reached,97.03196347031964,0.55
optimistic bound,10000000,0.8,0.55,0.67,never reached,,0.55
optimistic bound,10000000,0.8,0.6,0.33,reached,9.30153898190428,0.6
optimistic bound,10000000,0.8,0.6,0.51,reached,43.12531709791984,0.6
optimistic bound,10000000,0.8,0.6,0.67,never reached,,0.6
optimistic bound,10000000,0.8,0.75,0.33,reached,5.979560774081322,0.75
optimistic bound,10000000,0.8,0.75,0.51,reached,16.171993911719937,0.75
optimistic bound,10000000,0.8,0.75,0.67,reached,63.73668188736682,0.75
optimistic bound,10000000,0.8,1.0,0.33,reached,3.748381380767396,1.0
optimistic bound,10000000,0.8,1.0,0.51,reached,7.920976609822011,1.0
optimistic bound,10000000,0.8,1.0,0.67,reached,15.451316821179836,1.0
optimistic bound,10000000,0.9,0.05,0.33,never reached,,0.05
optimistic bound,10000000,0.9,0.05,0.51,never reached,,0.05
optimistic bound,10000000,0.9,0.05,0.67,never reached,,0.05
optimistic bound,10000000,0.9,0.1,0.33,never reached,,0.1
optimistic bound,10000000,0.9,0.1,0.51,never reached,,0.1
optimistic bound,10000000,0.9,0.1,0.67,never reached,,0.1
optimistic bound,10000000,0.9,0.2,0.33,never reached,,0.2
optimistic bound,10000000,0.9,0.2,0.51,never reached,,0.2
optimistic bound,10000000,0.9,0.2,0.67,never reached,,0.2
optimistic bound,10000000,0.9,0.25,0.33,never reached,,0.25
optimistic bound,10000000,0.9,0.25,0.51,never reached,,0.25
optimistic bound,10000000,0.9,0.25,0.67,never reached,,0.25
optimistic bound,10000000,0.9,0.3,0.33,never reached,,0.3
optimistic bound,10000000,0.9,0.3,0.51,never reached,,0.3
optimistic bound,10000000,0.9,0.3,0.67,never reached,,0.3
optimistic bound,10000000,0.9,0.34,0.33,reached,282.5342465753425,0.34
optimistic bound,10000000,0.9,0.34,0.51,never reached,,0.34
optimistic bound,10000000,0.9,0.34,0.67,never reached,,0.34
optimistic bound,10000000,0.9,0.4,0.33,reached,40.36203522504892,0.4
optimistic bound,10000000,0.9,0.4,0.51,never reached,,0.4
optimistic bound,10000000,0.9,0.4,0.67,never reached,,0.4
optimistic bound,10000000,0.9,0.52,0.33,reached,14.870223503965393,0.52
optimistic bound,10000000,0.9,0.52,0.51,reached,436.64383561643837,0.52
optimistic bound,10000000,0.9,0.52,0.67,never reached,,0.52
optimistic bound,10000000,0.9,0.55,0.33,reached,12.842465753424657,0.55
optimistic bound,10000000,0.9,0.55,0.51,reached,109.16095890410959,0.55
optimistic bound,10000000,0.9,0.55,0.67,never reached,,0.55
optimistic bound,10000000,0.9,0.6,0.33,reached,10.464231354642314,0.6
optimistic bound,10000000,0.9,0.6,0.51,reached,48.51598173515982,0.6
optimistic bound,10000000,0.9,0.6,0.67,never reached,,0.6
optimistic bound,10000000,0.9,0.75,0.33,reached,6.727005870841487,0.75
optimistic bound,10000000,0.9,0.75,0.51,reached,18.193493150684933,0.75
optimistic bound,10000000,0.9,0.75,0.67,reached,71.70376712328768,0.75
optimistic bound,10000000,0.9,1.0,0.33,reached,4.21692905336332,1.0
optimistic bound,10000000,0.9,1.0,0.51,reached,8.911098686049762,1.0
optimistic bound,10000000,0.9,1.0,0.67,reached,17.382731423827313,1.0
optimistic bound,10000000,1.0,0.05,0.33,never reached,,0.05
optimistic bound,10000000,1.0,0.05,0.51,never reached,,0.05
optimistic bound,10000000,1.0,0.05,0.67,never reached,,0.05
optimistic bound,10000000,1.0,0.1,0.33,never reached,,0.1
optimistic bound,10000000,1.0,0.1,0.51,never reached,,0.1
optimistic bound,10000000,1.0,0.1,0.67,never reached,,0.1
optimistic bound,10000000,1.0,0.2,0.33,never reached,,0.2
optimistic bound,10000000,1.0,0.2,0.51,never reached,,0.2
optimistic bound,10000000,1.0,0.2,0.67,never reached,,0.2
optimistic bound,10000000,1.0,0.25,0.33,never reached,,0.25
optimistic bound,10000000,1.0,0.25,0.51,never reached,,0.25
optimistic bound,10000000,1.0,0.25,0.67,never reached,,0.25
optimistic bound,10000000,1.0,0.3,0.33,never reached,,0.3
optimistic bound,10000000,1.0,0.3,0.51,never reached,,0.3
optimistic bound,10000000,1.0,0.3,0.67,never reached,,0.3
optimistic bound,10000000,1.0,0.34,0.33,reached,313.9269406392694,0.34
optimistic bound,10000000,1.0,0.34,0.51,never reached,,0.34
optimistic bound,10000000,1.0,0.34,0.67,never reached,,0.34
optimistic bound,10000000,1.0,0.4,0.33,reached,44.846705805609915,0.4
optimistic bound,10000000,1.0,0.4,0.51,never reached,,0.4
optimistic bound,10000000,1.0,0.4,0.67,never reached,,0.4
optimistic bound,10000000,1.0,0.52,0.33,reached,16.522470559961548,0.52
optimistic bound,10000000,1.0,0.52,0.51,reached,485.1598173515982,0.52
optimistic bound,10000000,1.0,0.52,0.67,never reached,,0.52
optimistic bound,10000000,1.0,0.55,0.33,reached,14.269406392694064,0.55
optimistic bound,10000000,1.0,0.55,0.51,reached,121.28995433789954,0.55
optimistic bound,10000000,1.0,0.55,0.67,never reached,,0.55
optimistic bound,10000000,1.0,0.6,0.33,reached,11.626923727380348,0.6
optimistic bound,10000000,1.0,0.6,0.51,reached,53.9066463723998,0.6
optimistic bound,10000000,1.0,0.6,0.67,never reached,,0.6
optimistic bound,10000000,1.0,0.75,0.33,reached,7.474450967601652,0.75
optimistic bound,10000000,1.0,0.75,0.51,reached,20.214992389649925,0.75
optimistic bound,10000000,1.0,0.75,0.67,reached,79.67085235920852,0.75
optimistic bound,10000000,1.0,1.0,0.33,reached,4.685476725959245,1.0
optimistic bound,10000000,1.0,1.0,0.51,reached,9.901220762277514,1.0
optimistic bound,10000000,1.0,1.0,0.67,reached,19.314146026474795,1.0
