miner_kind,attacker_fraction,initial_kwcs,duration_model,absences_per_id_per_year,seat_rule,long_absence_days,long_absence_blocks,vacating_absences_per_id_per_year,compositions,expected_sign_episodes,expected_sign_compositions_upper_bound,compositions_ratio_to_v03,episodes_ratio_to_v03
registered,0.05,10000,Lomax (primary),1.0,v0.3: every absence vacates the seat,,,1.0,547524400.0,1.3808851987491697e-19,1.9723768997269817e-19,1.0,1.0
registered,0.05,10000,Lomax (primary),1.0,v0.4: L = 3 days,3.0,8640.0,0.25298221281347033,175428864.0600921,4.4283438461117625e-20,6.319569301705468e-20,0.32040373736785444,0.3206887763097928
registered,0.05,10000,Lomax (primary),1.0,v0.4: L = 7 days,7.0,20160.0,0.10475656017578482,101596480.67603983,2.5670334928925904e-20,3.65986523301938e-20,0.18555607873555924,0.18589767601375226
registered,0.05,10000,Lomax (primary),1.0,v0.4: L = 30 days,30.0,86400.0,0.015625,57199337.5,1.4477839378962886e-20,2.0605228180641315e-20,0.10446902001079769,0.10484462714262684
registered,0.05,10000,Lomax (primary),1.0,v0.4: L = 90 days,90.0,259200.0,0.0032052599164108073,51012965.60644356,1.2918258402896513e-20,1.8376677815402618e-20,0.09317021416112882,0.09355056028262233
registered,0.05,10000,Lomax (primary),1.0,v0.4: L = 365 days,365.0,1051200.0,0.00040229616922373963,49616786.940259695,1.2566282523587019e-20,1.7873724787359906e-20,0.09062022978384104,0.0910016454298285
registered,0.05,10000,Lomax (primary),4.0,v0.3: every absence vacates the seat,,,4.0,2041848400.0,5.14806784243539e-19,7.355461449580143e-19,1.0,1.0
registered,0.05,10000,Lomax (primary),4.0,v0.4: L = 3 days,3.0,8640.0,1.0119288512538813,553466256.2403684,1.3958645858834155e-19,1.9937815713544034e-19,0.271061385478162,0.27114339371702517
registered,0.05,10000,Lomax (primary),4.0,v0.4: L = 7 days,7.0,20160.0,0.41902624070313926,258136722.70415932,6.513404445957467e-20,9.298999438799683e-20,0.1264230599608469,0.12652134053610645
registered,0.05,10000,Lomax (primary),4.0,v0.4: L = 30 days,30.0,86400.0,0.0625,80548150.0,2.036406225972261e-20,2.901629778978688e-20,0.03944864368970782,0.039556709202357765
registered,0.05,10000,Lomax (primary),4.0,v0.4: L = 90 days,90.0,259200.0,0.012821039665643229,55802662.42577422,1.4125738355457107e-20,2.0102096328832082e-20,0.027329483631485185,0.027438912593612325
registered,0.05,10000,Lomax (primary),4.0,v0.4: L = 365 days,365.0,1051200.0,0.0016091846768949585,50217947.761038795,1.2717834838219132e-20,1.809028421666125e-20,0.024594356643244813,0.024704093317081698
registered,0.05,10000,exponential (comparison),1.0,v0.3: every absence vacates the seat,,,1.0,547524400.0,1.3808851987491697e-19,1.9723768997269817e-19,1.0,1.0
registered,0.05,10000,exponential (comparison),1.0,v0.4: L = 3 days,3.0,8640.0,0.6514390575310556,373903406.0686791,9.431876211705305e-20,1.3469325583647048e-19,0.6828981613763315,0.683031161478801
registered,0.05,10000,exponential (comparison),1.0,v0.4: L = 7 days,7.0,20160.0,0.36787944117144233,232660092.6830248,5.871139994371109e-20,8.381240951021299e-20,0.4249310034092084,0.42517220111340837
registered,0.05,10000,exponential (comparison),1.0,v0.4: L = 30 days,30.0,86400.0,0.013763786733050402,56272252.282026276,1.4244121701781187e-20,2.027125923459805e-20,0.10277578913748187,0.10315210645087487
registered,0.05,10000,exponential (comparison),1.0,v0.4: L = 90 days,90.0,259200.0,2.6074368808253605e-6,49417698.78516983,1.2516092508408379e-20,1.7802006179365723e-20,0.09025661465529176,0.090638182810169
registered,0.05,10000,exponential (comparison),1.0,v0.4: L = 365 days,365.0,1051200.0,2.2627932376753912e-23,49416400.0,1.2515765085376315e-20,1.780153831092613e-20,0.09025424255065162,0.09063581170044634
registered,0.05,10000,exponential (comparison),4.0,v0.3: every absence vacates the seat,,,4.0,2041848400.0,5.14806784243539e-19,7.355461449580143e-19,1.0,1.0
registered,0.05,10000,exponential (comparison),4.0,v0.4: L = 3 days,3.0,8640.0,2.6057562301242223,1347364424.2747164,3.3972775321208324e-19,4.853684084131035e-19,0.6598748586206088,0.6599131239330533
registered,0.05,10000,exponential (comparison),4.0,v0.4: L = 7 days,7.0,20160.0,1.4715177646857693,782391170.7320992,1.9729830451871542e-19,2.818450231080736e-19,0.3831778944666505,0.38324728919147216
registered,0.05,10000,exponential (comparison),4.0,v0.4: L = 30 days,30.0,86400.0,0.05505514693220161,76839809.12810507,1.94291915509958e-20,2.76804220056138e-20,0.03763247512797967,0.03774074496618222
registered,0.05,10000,exponential (comparison),4.0,v0.4: L = 90 days,90.0,259200.0,0.000010429747523301442,49421595.14067934,1.2517074777504575e-20,1.7803409784684513e-20,0.02420434109637098,0.02431412164837194
registered,0.05,10000,exponential (comparison),4.0,v0.4: L = 365 days,365.0,1051200.0,9.051172950701565e-23,49416400.0,1.2515765085376315e-20,1.780153831092613e-20,0.02420179676414762,0.024311577602395187
registered,0.05,100000,Lomax (primary),1.0,v0.3: every absence vacates the seat,,,1.0,631314400.0,1.5922166535648747e-19,2.2742181700486765e-19,1.0,1.0
registered,0.05,100000,Lomax (primary),1.0,v0.4: L = 3 days,3.0,8640.0,0.25298221281347033,196693475.27257955,4.9653967573677764e-20,7.085595947041925e-20,0.3115618387170949,0.3118543413203574
registered,0.05,100000,Lomax (primary),1.0,v0.4: L = 7 days,7.0,20160.0,0.10475656017578482,110454604.762753,2.7913195412103563e-20,3.9789662506826705e-20,0.17495974234510253,0.17531028424811185
registered,0.05,100000,Lomax (primary),1.0,v0.4: L = 30 days,30.0,86400.0,0.015625,58597150.0,1.4839959385111666e-20,2.1108769773518205e-20,0.09281769907355195,0.0932031413682674
registered,0.05,100000,Lomax (primary),1.0,v0.4: L = 90 days,90.0,259200.0,0.0032052599164108073,51371245.86144714,1.3018312897757064e-20,1.850574305863148e-20,0.08137188991958229,0.08176219529302037
registered,0.05,100000,Lomax (primary),1.0,v0.4: L = 365 days,365.0,1051200.0,0.00040229616922373963,49740459.129623726,1.2607192453216326e-20,1.791827589219474e-20,0.07878872892749433,0.07918013183061239
registered,0.05,100000,Lomax (primary),4.0,v0.3: every absence vacates the seat,,,4.0,2376738400.0,5.992421026025852e-19,8.561853895194565e-19,1.0,1.0
registered,0.05,100000,Lomax (primary),4.0,v0.4: L = 3 days,3.0,8640.0,1.0119288512538813,638254701.0903182,1.6097131147134632e-19,2.2992195938166285e-19,0.26854225988451996,0.26862483589225006
registered,0.05,100000,Lomax (primary),4.0,v0.4: L = 7 days,7.0,20160.0,0.41902624070313926,293299219.05101204,7.400822282504954e-20,1.0565677152729267e-19,0.12340408142983345,0.12350304243246986
registered,0.05,100000,Lomax (primary),4.0,v0.4: L = 30 days,30.0,86400.0,0.0625,85869400.0,2.1715278717081944e-20,3.093320059405865e-20,0.03612909186808275,0.03623790555231301
registered,0.05,100000,Lomax (primary),4.0,v0.4: L = 90 days,90.0,259200.0,0.012821039665643229,56965783.445788555,1.4428692767663538e-20,2.052109373451175e-20,0.023968049426806314,0.024078236000103927
registered,0.05,100000,Lomax (primary),4.0,v0.4: L = 365 days,365.0,1051200.0,0.0016091846768949585,50442636.518494904,1.2784210989500587e-20,1.8171225068764792e-20,0.02122347016335281,0.021333966578745256
registered,0.05,100000,exponential (comparison),1.0,v0.3: every absence vacates the seat,,,1.0,631314400.0,1.5922166535648747e-19,2.2742181700486765e-19,1.0,1.0
registered,0.05,100000,exponential (comparison),1.0,v0.4: L = 3 days,3.0,8640.0,0.6514390575310556,428518855.1840284,1.080970192524552e-19,1.5436767586292582e-19,0.6787725025502799,0.6789089852215316
registered,0.05,100000,exponential (comparison),1.0,v0.4: L = 7 days,7.0,20160.0,0.36787944117144233,263541601.90907452,6.65063437938243e-20,9.493702339521359e-20,0.417449058518346,0.4176965719138831
registered,0.05,100000,exponential (comparison),1.0,v0.4: L = 30 days,30.0,86400.0,0.013763786733050402,57514281.23158259,1.4566968759934536e-20,2.071868207253861e-20,0.09110243839136663,0.0914886094635425
registered,0.05,100000,exponential (comparison),1.0,v0.4: L = 90 days,90.0,259200.0,2.6074368808253605e-6,49507917.02763677,1.2548568716293705e-20,1.7834505987114156e-20,0.07842038297817501,0.07881194238358351
registered,0.05,100000,exponential (comparison),1.0,v0.4: L = 365 days,365.0,1051200.0,2.2627932376753912e-23,49506400.0,1.2548186274454907e-20,1.783395950000472e-20,0.07841798001122736,0.07880954043760498
registered,0.05,100000,exponential (comparison),4.0,v0.3: every absence vacates the seat,,,4.0,2376738400.0,5.992421026025852e-19,8.561853895194565e-19,1.0,1.0
registered,0.05,100000,exponential (comparison),4.0,v0.4: L = 3 days,3.0,8640.0,2.6057562301242223,1565556220.7361135,3.947435181864561e-19,5.639688249516891e-19,0.6586994263803343,0.658737956615589
registered,0.05,100000,exponential (comparison),4.0,v0.4: L = 7 days,7.0,20160.0,1.4715177646857693,905647207.6362982,2.283808163519324e-19,3.262462150808402e-19,0.3810462302608895,0.3811161054272476
registered,0.05,100000,exponential (comparison),4.0,v0.4: L = 30 days,30.0,86400.0,0.05505514693220161,81537924.92633034,2.0623316216373405e-20,2.937284979014028e-20,0.034306646842719564,0.03441566626711258
registered,0.05,100000,exponential (comparison),4.0,v0.4: L = 90 days,90.0,259200.0,0.000010429747523301442,49512468.110547036,1.2549716041810096e-20,1.7836145448442444e-20,0.020832106768901043,0.020942647366239908
registered,0.05,100000,exponential (comparison),4.0,v0.4: L = 365 days,365.0,1051200.0,9.051172950701565e-23,49506400.0,1.2548186274454907e-20,1.783395950000472e-20,0.0208295536437666,0.020940094529333847
registered,0.05,290000,Lomax (primary),1.0,v0.3: every absence vacates the seat,,,1.0,808204400.0,2.038360835953585e-19,2.911438629616699e-19,1.0,1.0
registered,0.05,290000,Lomax (primary),1.0,v0.4: L = 3 days,3.0,8640.0,0.25298221281347033,241585432.27671975,6.099175125574917e-20,8.70276330941889e-20,0.29891625469586625,0.29921959929737385
registered,0.05,290000,Lomax (primary),1.0,v0.4: L = 7 days,7.0,20160.0,0.10475656017578482,129155088.94581419,3.264812309881197e-20,4.652623954638507e-20,0.15980498119759579,0.16016851640273266
registered,0.05,290000,Lomax (primary),1.0,v0.4: L = 30 days,30.0,86400.0,0.015625,61548087.5,1.5604434953647975e-20,2.2171802025147188e-20,0.07615411089075981,0.076553840117066
registered,0.05,290000,Lomax (primary),1.0,v0.4: L = 90 days,90.0,259200.0,0.0032052599164108073,52127615.28867693,1.3229539053573787e-20,1.8778214127670185e-20,0.06449805926406356,0.06490283182557689
registered,0.05,290000,Lomax (primary),1.0,v0.4: L = 365 days,365.0,1051200.0,0.00040229616922373963,50001544.862725556,1.2693557860211532e-20,1.801232822462382e-20,0.06186744945056666,0.06227336022315812
registered,0.05,290000,Lomax (primary),4.0,v0.3: every absence vacates the seat,,,4.0,3083728400.0,7.774944413605717e-19,1.1108682391491677e-18,1.0,1.0
registered,0.05,290000,Lomax (primary),4.0,v0.4: L = 3 days,3.0,8640.0,1.0119288512538813,817252529.106879,2.0611711200213422e-19,2.9440331967924367e-19,0.26502091724643423,0.26510429018815984
registered,0.05,290000,Lomax (primary),4.0,v0.4: L = 7 days,7.0,20160.0,0.41902624070313926,367531155.78325677,9.274259937438541e-20,1.3239774548802835e-19,0.11918402275091956,0.11928393881773748
registered,0.05,290000,Lomax (primary),4.0,v0.4: L = 30 days,30.0,86400.0,0.0625,97103150.0,2.456784679372943e-20,3.497999540307684e-20,0.031488878851976716,0.031598742687776744
registered,0.05,290000,Lomax (primary),4.0,v0.4: L = 90 days,90.0,259200.0,0.012821039665643229,59421261.15470771,1.506826319343267e-20,2.1405643813168824e-20,0.01926929140539994,0.019380541379902413
registered,0.05,290000,Lomax (primary),4.0,v0.4: L = 365 days,365.0,1051200.0,0.0016091846768949585,50916979.45090224,1.292433841998366e-20,1.834210020098337e-20,0.01651149934310111,0.016623062149958002
registered,0.05,290000,exponential (comparison),1.0,v0.3: every absence vacates the seat,,,1.0,808204400.0,2.038360835953585e-19,2.911438629616699e-19,1.0,1.0
registered,0.05,290000,exponential (comparison),1.0,v0.4: L = 3 days,3.0,8640.0,0.6514390575310556,543818136.649766,1.3718445098274868e-19,1.9590256258544268e-19,0.6728720316911984,0.6730135732742878
registered,0.05,290000,exponential (comparison),1.0,v0.4: L = 7 days,7.0,20160.0,0.36787944117144233,328735899.1640684,8.296233636628547e-20,1.1842231937465927e-19,0.4067484650715443,0.40700515288047157
registered,0.05,290000,exponential (comparison),1.0,v0.4: L = 30 days,30.0,86400.0,0.013763786733050402,60136342.34731259,1.5248534771591595e-20,2.1663241397079803e-20,0.0744073434236594,0.07480782844053238
registered,0.05,290000,exponential (comparison),1.0,v0.4: L = 90 days,90.0,259200.0,2.6074368808253605e-6,49698377.76173361,1.261712959960717e-20,1.7903116692360834e-20,0.06149233753458111,0.061898410610428695
registered,0.05,290000,exponential (comparison),1.0,v0.4: L = 365 days,365.0,1051200.0,2.2627932376753912e-23,49696400.0,1.2616631006954158e-20,1.790240423250397e-20,0.06148989042870838,0.06189596456336864
registered,0.05,290000,exponential (comparison),4.0,v0.3: every absence vacates the seat,,,4.0,3083728400.0,7.774944413605717e-19,1.1108682391491677e-18,1.0,1.0
registered,0.05,290000,exponential (comparison),4.0,v0.4: L = 3 days,3.0,8640.0,2.6057562301242223,2026183346.5990639,5.108879109101321e-19,7.299030376442588e-19,0.6570563563895783,0.6570952584768412
registered,0.05,290000,exponential (comparison),4.0,v0.4: L = 7 days,7.0,20160.0,1.4715177646857693,1165854396.6562736,2.939994524442794e-19,4.1998206480112515e-19,0.3780664978978932,0.37813704742351195
registered,0.05,290000,exponential (comparison),4.0,v0.4: L = 30 days,30.0,86400.0,0.05505514693220161,91456169.38925038,2.3144246065503917e-20,3.294575289080731e-20,0.029657660314459076,0.029767731876002592
registered,0.05,290000,exponential (comparison),4.0,v0.4: L = 90 days,90.0,259200.0,0.000010429747523301442,49704311.04693441,1.2618625377566197e-20,1.7905254071931416e-20,0.016118251869047355,0.016229859284246858
registered,0.05,290000,exponential (comparison),4.0,v0.4: L = 365 days,365.0,1051200.0,9.051172950701565e-23,49696400.0,1.2616631006954158e-20,1.790240423250397e-20,0.016115686452801745,0.0162272941590113
registered,0.05,1000000,Lomax (primary),1.0,v0.3: every absence vacates the seat,,,1.0,1469214400.0,3.705531201721924e-19,5.292630873265626e-19,1.0,1.0
registered,0.05,1000000,Lomax (primary),1.0,v0.4: L = 3 days,3.0,8640.0,0.25298221281347033,409339587.39745426,1.0335925869927919e-19,1.4745862400406497e-19,0.278611200242425,0.27893236643439717
registered,0.05,1000000,Lomax (primary),1.0,v0.4: L = 7 days,7.0,20160.0,0.10475656017578482,199035845.6298849,5.034180024388021e-20,7.169976427315577e-20,0.13547093305775174,0.1358558260701917
registered,0.05,1000000,Lomax (primary),1.0,v0.4: L = 30 days,30.0,86400.0,0.015625,72575275.0,1.846115944659945e-20,2.614418570228708e-20,0.049397334384961106,0.04982054782866416
registered,0.05,1000000,Lomax (primary),1.0,v0.4: L = 90 days,90.0,259200.0,0.0032052599164108073,54954048.41148299,1.401885784636259e-20,1.9796395490920092e-20,0.03740369575160915,0.03783224882804432
registered,0.05,1000000,Lomax (primary),1.0,v0.4: L = 365 days,365.0,1051200.0,0.00040229616922373963,50977181.02326399,1.3016291749509408e-20,1.8363786940543024e-20,0.03469689721477273,0.035126655372543794
registered,0.05,1000000,Lomax (primary),4.0,v0.3: every absence vacates the seat,,,4.0,5725638400.0,1.4435952861930471e-18,2.0625778351338783e-18,1.0,1.0
registered,0.05,1000000,Lomax (primary),4.0,v0.4: L = 3 days,3.0,8640.0,1.0119288512538813,1486139149.589817,3.748198403013942e-19,5.353599818438879e-19,0.2595586807559864,0.2596432974575887
registered,0.05,1000000,Lomax (primary),4.0,v0.4: L = 7 days,7.0,20160.0,0.41902624070313926,644924182.5195396,1.6275000647979836e-19,2.3232454292025115e-19,0.1126379518691819,0.11273935848667932
registered,0.05,1000000,Lomax (primary),4.0,v0.4: L = 30 days,30.0,86400.0,0.0625,139081900.0,3.522744329067531e-20,5.010222863677639e-20,0.0242910729395695,0.02440257572714494
registered,0.05,1000000,Lomax (primary),4.0,v0.4: L = 90 days,90.0,259200.0,0.012821039665643229,68596993.64593193,1.7458236889727864e-20,2.471106779130842e-20,0.011980671648061452,0.012093581252795275
registered,0.05,1000000,Lomax (primary),4.0,v0.4: L = 365 days,365.0,1051200.0,0.0016091846768949585,52689524.09305598,1.3447972502315142e-20,1.8980633589800172e-20,0.009202384155635113,0.009315611259565162
registered,0.05,1000000,exponential (comparison),1.0,v0.3: every absence vacates the seat,,,1.0,1469214400.0,3.705531201721924e-19,5.292630873265626e-19,1.0,1.0
registered,0.05,1000000,exponential (comparison),1.0,v0.4: L = 3 days,3.0,8640.0,0.6514390575310556,974673346.3375219,2.4587959060647685e-19,3.511118761274793e-19,0.6633976268797269,0.663547484075209
registered,0.05,1000000,exponential (comparison),1.0,v0.4: L = 7 days,7.0,20160.0,0.36787944117144233,572356694.1695716,1.444557822949562e-19,2.0618316224521938e-19,0.38956648816508443,0.3898382564632812
registered,0.05,1000000,exponential (comparison),1.0,v0.4: L = 30 days,30.0,86400.0,0.013763786733050402,69934570.72714578,1.7795439341468e-20,2.5192910451944263e-20,0.04759997637318677,0.04802399001038943
registered,0.05,1000000,exponential (comparison),1.0,v0.4: L = 90 days,90.0,259200.0,2.6074368808253605e-6,50410099.45230602,1.2873330795146952e-20,1.815950406459843e-20,0.03431092116460744,0.034740851161001805
registered,0.05,1000000,exponential (comparison),1.0,v0.4: L = 365 days,365.0,1051200.0,2.2627932376753912e-23,50406400.0,1.2872398165240831e-20,1.8158171390790645e-20,0.03430840318472239,0.03473833430213502
registered,0.05,1000000,exponential (comparison),4.0,v0.3: every absence vacates the seat,,,4.0,5725638400.0,1.4435952861930471e-18,2.0625778351338783e-18,1.0,1.0
registered,0.05,1000000,exponential (comparison),4.0,v0.4: L = 3 days,3.0,8640.0,2.6057562301242223,3747474185.3500876,9.44901167930185e-19,1.3499729903375452e-18,0.6545076589800165,0.6545471414097057
registered,0.05,1000000,exponential (comparison),4.0,v0.4: L = 7 days,7.0,20160.0,1.4715177646857693,2138207576.6782868,5.392059346841021e-19,7.702581348085056e-19,0.37344439646735056,0.3735159984527658
registered,0.05,1000000,exponential (comparison),4.0,v0.4: L = 30 days,30.0,86400.0,0.05505514693220161,128519082.9085831,3.256456287014951e-20,4.6297127635405116e-20,0.02244624510492718,0.022557958717104566
registered,0.05,1000000,exponential (comparison),4.0,v0.4: L = 90 days,90.0,259200.0,0.000010429747523301442,50421197.80922404,1.2876128684865314e-20,1.8163502086021773e-20,0.008806214134868182,0.008919486512609346
registered,0.05,1000000,exponential (comparison),4.0,v0.4: L = 365 days,365.0,1051200.0,9.051172950701565e-23,50406400.0,1.2872398165240831e-20,1.8158171390790645e-20,0.008803629652895998,0.00891690232598851
registered,0.1,10000,Lomax (primary),1.0,v0.3: every absence vacates the seat,,,1.0,547524400.0,1.908026120241676e-11,2.899137179335137e-11,1.0,1.0
registered,0.1,10000,Lomax (primary),1.0,v0.4: L = 3 days,3.0,8640.0,0.25298221281347033,175428864.0600921,6.119982312623957e-12,9.288943874010776e-12,0.32040373736785444,0.32074939895732574
registered,0.1,10000,Lomax (primary),1.0,v0.4: L = 7 days,7.0,20160.0,0.10475656017578482,101596480.67603983,3.548362426515043e-12,5.379525267138978e-12,0.18555607873555924,0.18597032760042076
registered,0.1,10000,Lomax (primary),1.0,v0.4: L = 30 days,30.0,86400.0,0.015625,57199337.5,2.001987095733159e-12,3.0287002000201e-12,0.10446902001079769,0.10492451201242368
registered,0.1,10000,Lomax (primary),1.0,v0.4: L = 90 days,90.0,259200.0,0.0032052599164108073,51012965.60644356,1.7865125809585036e-12,2.7011323188114563e-12,0.09317021416112882,0.09363145305014058
registered,0.1,10000,Lomax (primary),1.0,v0.4: L = 365 days,365.0,1051200.0,0.00040229616922373963,49616786.940259695,1.7378829599446036e-12,2.6272047736622687e-12,0.09062022978384104,0.09108276566593745
registered,0.1,10000,Lomax (primary),4.0,v0.3: every absence vacates the seat,,,4.0,2041848400.0,7.112833467040486e-11,1.0811570426826571e-10,1.0,1.0
registered,0.1,10000,Lomax (primary),4.0,v0.4: L = 3 days,3.0,8640.0,1.0119288512538813,553466256.2403684,1.9287219111233665e-11,2.930599259090334e-11,0.271061385478162,0.27116084188680867
registered,0.1,10000,Lomax (primary),4.0,v0.4: L = 7 days,7.0,20160.0,0.41902624070313926,258136722.70415932,9.000739566798009e-12,1.3668318163416147e-11,0.1264230599608469,0.12654225082740542
registered,0.1,10000,Lomax (primary),4.0,v0.4: L = 30 days,30.0,86400.0,0.0625,80548150.0,2.815238243670473e-12,4.265017894940636e-12,0.03944864368970782,0.03957970134849565
registered,0.1,10000,Lomax (primary),4.0,v0.4: L = 90 days,90.0,259200.0,0.012821039665643229,55802662.42577422,1.9533401845718504e-12,2.9547463701060607e-12,0.027329483631485185,0.027462194828871734
registered,0.1,10000,Lomax (primary),4.0,v0.4: L = 365 days,365.0,1051200.0,0.0016091846768949585,50217947.761038795,1.7588217005162507e-12,2.6590361895093123e-12,0.024594356643244813,0.024727441021447992
registered,0.1,10000,exponential (comparison),1.0,v0.3: every absence vacates the seat,,,1.0,547524400.0,1.908026120241676e-11,2.899137179335137e-11,1.0,1.0
registered,0.1,10000,exponential (comparison),1.0,v0.4: L = 3 days,3.0,8640.0,0.6514390575310556,373903406.0686791,1.3032952688518495e-11,1.979815449345729e-11,0.6828981613763315,0.6830594482043938
registered,0.1,10000,exponential (comparison),1.0,v0.4: L = 7 days,7.0,20160.0,0.36787944117144233,232660092.6830248,8.113375440238602e-12,1.231933270635822e-11,0.4249310034092084,0.42522349951954214
registered,0.1,10000,exponential (comparison),1.0,v0.4: L = 30 days,30.0,86400.0,0.013763786733050402,56272252.282026276,1.9696962407805634e-12,2.9796111142398196e-12,0.10277578913748187,0.10323214236349533
registered,0.1,10000,exponential (comparison),1.0,v0.4: L = 90 days,90.0,259200.0,2.6074368808253605e-6,49417698.78516983,1.7309486171094997e-12,2.6166630722808094e-12,0.09025661465529176,0.09071933548217112
registered,0.1,10000,exponential (comparison),1.0,v0.4: L = 365 days,365.0,1051200.0,2.2627932376753912e-23,49416400.0,1.7309033797540543e-12,2.6165943017132545e-12,0.09025424255065162,0.09071696458404947
registered,0.1,10000,exponential (comparison),4.0,v0.3: every absence vacates the seat,,,4.0,2041848400.0,7.112833467040486e-11,1.0811570426826571e-10,1.0,1.0
registered,0.1,10000,exponential (comparison),4.0,v0.4: L = 3 days,3.0,8640.0,2.6057562301242223,1347364424.2747164,4.693910061481181e-11,7.134283506868939e-11,0.6598748586206088,0.659921265306135
registered,0.1,10000,exponential (comparison),4.0,v0.4: L = 7 days,7.0,20160.0,1.4715177646857693,782391170.7320992,2.726079162169224e-11,4.1427547920293114e-11,0.3831778944666505,0.38326205369510685
registered,0.1,10000,exponential (comparison),4.0,v0.4: L = 30 days,30.0,86400.0,0.05505514693220161,76839809.12810507,2.686074823860091e-12,4.0686615518195145e-12,0.03763247512797967,0.03776378058486607
registered,0.1,10000,exponential (comparison),4.0,v0.4: L = 90 days,90.0,259200.0,0.000010429747523301442,49421595.14067934,1.731084329175836e-12,2.6168693839834755e-12,0.02420434109637098,0.02433747868830826
registered,0.1,10000,exponential (comparison),4.0,v0.4: L = 365 days,365.0,1051200.0,9.051172950701565e-23,49416400.0,1.7309033797540543e-12,2.6165943017132545e-12,0.02420179676414762,0.024334934703233675
registered,0.1,100000,Lomax (primary),1.0,v0.3: every absence vacates the seat,,,1.0,631314400.0,2.200034074286003e-11,3.342804537824532e-11,1.0,1.0
registered,0.1,100000,Lomax (primary),1.0,v0.4: L = 3 days,3.0,8640.0,0.25298221281347033,196693475.27257955,6.862270404072916e-12,1.04149032827646e-11,0.3115618387170949,0.3119165509425117
registered,0.1,100000,Lomax (primary),1.0,v0.4: L = 7 days,7.0,20160.0,0.10475656017578482,110454604.762753,3.858526190574528e-12,5.8485622064781966e-12,0.17495974234510253,0.17538483770196928
registered,0.1,100000,Lomax (primary),1.0,v0.4: L = 30 days,30.0,86400.0,0.015625,58597150.0,2.05230437030353e-12,3.102714256535013e-12,0.09281769907355195,0.09328511745753679
registered,0.1,100000,Lomax (primary),1.0,v0.4: L = 90 days,90.0,259200.0,0.0032052599164108073,51371245.86144714,1.8006224127922818e-12,2.7201032287453796e-12,0.08137188991958229,0.08184520566467382
registered,0.1,100000,Lomax (primary),1.0,v0.4: L = 365 days,365.0,1051200.0,0.00040229616922373963,49740459.129623726,1.7438212721905346e-12,2.6337532058825503e-12,0.07878872892749433,0.07926337562551039
registered,0.1,100000,Lomax (primary),4.0,v0.3: every absence vacates the seat,,,4.0,2376738400.0,8.279435635446079e-11,1.2584810213012436e-10,1.0,1.0
registered,0.1,100000,Lomax (primary),4.0,v0.4: L = 3 days,3.0,8640.0,1.0119288512538813,638254701.0903182,2.2242074999312336e-11,3.379553374820147e-11,0.26854225988451996,0.26864240485292423
registered,0.1,100000,Lomax (primary),4.0,v0.4: L = 7 days,7.0,20160.0,0.41902624070313926,293299219.05101204,1.0227098145318785e-11,1.553016944305586e-11,0.12340408142983345,0.1235240974823735
registered,0.1,100000,Lomax (primary),4.0,v0.4: L = 30 days,30.0,86400.0,0.0625,85869400.0,3.002210864234792e-12,4.546777643283123e-12,0.03612909186808275,0.03626105686940387
registered,0.1,100000,Lomax (primary),4.0,v0.4: L = 90 days,90.0,259200.0,0.012821039665643229,56965783.445788555,1.9954830341897985e-12,3.0163335321245898e-12,0.023968049426806314,0.02410167941455693
registered,0.1,100000,Lomax (primary),4.0,v0.4: L = 365 days,365.0,1051200.0,0.0016091846768949585,50442636.518494904,1.7682784717828102e-12,2.670933440673272e-12,0.02122347016335281,0.021357475915537317
registered,0.1,100000,exponential (comparison),1.0,v0.3: every absence vacates the seat,,,1.0,631314400.0,2.200034074286003e-11,3.342804537824532e-11,1.0,1.0
registered,0.1,100000,exponential (comparison),1.0,v0.4: L = 3 days,3.0,8640.0,0.6514390575310556,428518855.1840284,1.4936867616842935e-11,2.2690038016755895e-11,0.6787725025502799,0.6789380124346726
registered,0.1,100000,exponential (comparison),1.0,v0.4: L = 7 days,7.0,20160.0,0.36787944117144233,263541601.90907452,9.190625035580985e-12,1.3954506071257058e-11,0.417449058518346,0.41774921320542285
registered,0.1,100000,exponential (comparison),1.0,v0.4: L = 30 days,30.0,86400.0,0.013763786733050402,57514281.23158259,2.014587494167713e-12,3.0453764446154024e-12,0.09110243839136663,0.09157074054962197
registered,0.1,100000,exponential (comparison),1.0,v0.4: L = 90 days,90.0,259200.0,2.6074368808253605e-6,49507917.02763677,1.735721711179256e-12,2.621440120773811e-12,0.07842038297817501,0.0788952194634788
registered,0.1,100000,exponential (comparison),1.0,v0.4: L = 365 days,365.0,1051200.0,2.2627932376753912e-23,49506400.0,1.735668872326443e-12,2.621359794285643e-12,0.07841798001122736,0.07889281773464056
registered,0.1,100000,exponential (comparison),4.0,v0.3: every absence vacates the seat,,,4.0,2376738400.0,8.279435635446079e-11,1.2584810213012436e-10,1.0,1.0
registered,0.1,100000,exponential (comparison),4.0,v0.4: L = 3 days,3.0,8640.0,2.6057562301242223,1565556220.7361135,5.4540463850392414e-11,8.289607268416664e-11,0.6586994263803343,0.6587461543500952
registered,0.1,100000,exponential (comparison),4.0,v0.4: L = 7 days,7.0,20160.0,1.4715177646857693,905647207.6362982,3.155549352534461e-11,4.795394490217131e-11,0.3810462302608895,0.3811309721431812
registered,0.1,100000,exponential (comparison),4.0,v0.4: L = 30 days,30.0,86400.0,0.05505514693220161,81537924.92633034,2.851343359691522e-12,4.31742639560468e-12,0.034306646842719564,0.03443886135770289
registered,0.1,100000,exponential (comparison),4.0,v0.4: L = 90 days,90.0,259200.0,0.000010429747523301442,49512468.110547036,1.7358802277376952e-12,2.6216811002383137e-12,0.020832106768901043,0.020966166103230655
registered,0.1,100000,exponential (comparison),4.0,v0.4: L = 365 days,365.0,1051200.0,9.051172950701565e-23,49506400.0,1.735668872326443e-12,2.621359794285643e-12,0.0208295536437666,0.020963613327648373
registered,0.1,290000,Lomax (primary),1.0,v0.3: every absence vacates the seat,,,1.0,808204400.0,2.816495310601804e-11,4.2794356279688114e-11,1.0,1.0
registered,0.1,290000,Lomax (primary),1.0,v0.4: L = 3 days,3.0,8640.0,0.25298221281347033,241585432.27671975,8.429323041576276e-12,1.2791928701244894e-11,0.29891625469586625,0.2992841141913768
registered,0.1,290000,Lomax (primary),1.0,v0.4: L = 7 days,7.0,20160.0,0.10475656017578482,129155088.94581419,4.5133163591445535e-12,6.8387513006387745e-12,0.15980498119759579,0.16024583254783364
registered,0.1,290000,Lomax (primary),1.0,v0.4: L = 30 days,30.0,86400.0,0.015625,61548087.5,2.1585297277298696e-12,3.2589661536220522e-12,0.07615411089075981,0.07663885395458564
registered,0.1,290000,Lomax (primary),1.0,v0.4: L = 90 days,90.0,259200.0,0.0032052599164108073,52127615.28867693,1.830409835552481e-12,2.7601529274947745e-12,0.06449805926406356,0.06498891827238212
registered,0.1,290000,Lomax (primary),1.0,v0.4: L = 365 days,365.0,1051200.0,0.00040229616922373963,50001544.862725556,1.7563577091541676e-12,2.647577673903144e-12,0.06186744945056666,0.06235968874306006
registered,0.1,290000,Lomax (primary),4.0,v0.3: every absence vacates the seat,,,4.0,3083728400.0,1.0742262435413437e-10,1.6328316428293707e-10,1.0,1.0
registered,0.1,290000,Lomax (primary),4.0,v0.4: L = 3 days,3.0,8640.0,1.0119288512538813,817252529.106879,2.848010409636731e-11,4.3273453969164186e-11,0.26502091724643423,0.26512202869368084
registered,0.1,290000,Lomax (primary),4.0,v0.4: L = 7 days,7.0,20160.0,0.41902624070313926,367531155.78325677,1.2816077366640421e-11,1.9460744366739707e-11,0.11918402275091956,0.11930519705411731
registered,0.1,290000,Lomax (primary),4.0,v0.4: L = 30 days,30.0,86400.0,0.0625,97103150.0,3.3969308409816874e-12,5.141603778672817e-12,0.031488878851976716,0.031622117420844316
registered,0.1,290000,Lomax (primary),4.0,v0.4: L = 90 days,90.0,259200.0,0.012821039665643229,59421261.15470771,2.0844512722721336e-12,3.1463508741637054e-12,0.01926929140539994,0.019404211029144434
registered,0.1,290000,Lomax (primary),4.0,v0.4: L = 365 days,365.0,1051200.0,0.0016091846768949585,50916979.45090224,1.7882427666788793e-12,2.696049859797186e-12,0.01651149934310111,0.016646798357706064
registered,0.1,290000,exponential (comparison),1.0,v0.3: every absence vacates the seat,,,1.0,808204400.0,2.816495310601804e-11,4.2794356279688114e-11,1.0,1.0
registered,0.1,290000,exponential (comparison),1.0,v0.4: L = 3 days,3.0,8640.0,0.6514390575310556,543818136.649766,1.895624357663898e-11,2.8795125454830734e-11,0.6728720316911984,0.6730436761348123
registered,0.1,290000,exponential (comparison),1.0,v0.4: L = 7 days,7.0,20160.0,0.36787944117144233,328735899.1640684,1.146481862574824e-11,1.7406538730487942e-11,0.4067484650715443,0.407059744874865
registered,0.1,290000,exponential (comparison),1.0,v0.4: L = 30 days,30.0,86400.0,0.013763786733050402,60136342.34731259,2.109357917985029e-12,3.1842143642971887e-12,0.0744073434236594,0.07489300301850386
registered,0.1,290000,exponential (comparison),1.0,v0.4: L = 90 days,90.0,259200.0,2.6074368808253605e-6,49698377.76173361,1.7457982431042976e-12,2.6315250009257025e-12,0.06149233753458111,0.061984773648753946
registered,0.1,290000,exponential (comparison),1.0,v0.4: L = 365 days,365.0,1051200.0,2.2627932376753912e-23,49696400.0,1.7457293566459304e-12,2.6314202786051305e-12,0.06148989042870838,0.06198232782688065
registered,0.1,290000,exponential (comparison),4.0,v0.3: every absence vacates the seat,,,4.0,3083728400.0,1.0742262435413437e-10,1.6328316428293707e-10,1.0,1.0
registered,0.1,290000,exponential (comparison),4.0,v0.4: L = 3 days,3.0,8640.0,2.6057562301242223,2026183346.5990639,7.058778623661813e-11,1.0728624098350755e-10,0.6570563563895783,0.6571035353215277
registered,0.1,290000,exponential (comparison),4.0,v0.4: L = 7 days,7.0,20160.0,1.4715177646857693,1165854396.6562736,4.062208643305517e-11,6.173189408613638e-11,0.3780664978978932,0.37815205760695747
registered,0.1,290000,exponential (comparison),4.0,v0.4: L = 30 days,30.0,86400.0,0.05505514693220161,91456169.38925038,3.200243602002322e-12,4.842596621373364e-12,0.029657660314459076,0.02979115080499478
registered,0.1,290000,exponential (comparison),4.0,v0.4: L = 90 days,90.0,259200.0,0.000010429747523301442,49704311.04693441,1.7460049024793978e-12,2.6318391678874166e-12,0.016118251869047355,0.01625360498290786
registered,0.1,290000,exponential (comparison),4.0,v0.4: L = 365 days,365.0,1051200.0,9.051172950701565e-23,49696400.0,1.7457293566459304e-12,2.6314202786051305e-12,0.016115686452801745,0.016251039919587876
registered,0.1,1000000,Lomax (primary),1.0,v0.3: every absence vacates the seat,,,1.0,1469214400.0,5.1201136147292715e-11,7.779478122718486e-11,1.0,1.0
registered,0.1,1000000,Lomax (primary),1.0,v0.4: L = 3 days,3.0,8640.0,0.25298221281347033,409339587.39745426,1.428515131856251e-11,2.1674497370302845e-11,0.278611200242425,0.2790006705606638
registered,0.1,1000000,Lomax (primary),1.0,v0.4: L = 7 days,7.0,20160.0,0.10475656017578482,199035845.6298849,6.960163831169384e-12,1.0538931599870403e-11,0.13547093305775174,0.13593768331911138
registered,0.1,1000000,Lomax (primary),1.0,v0.4: L = 30 days,30.0,86400.0,0.015625,72575275.0,2.5554771160072433e-12,3.8428548216841454e-12,0.049397334384961106,0.049910554887996665
registered,0.1,1000000,Lomax (primary),1.0,v0.4: L = 90 days,90.0,259200.0,0.0032052599164108073,54954048.41148299,1.9417207311300687e-12,2.9098123280846177e-12,0.03740369575160915,0.037923391495536925
registered,0.1,1000000,Lomax (primary),1.0,v0.4: L = 365 days,365.0,1051200.0,0.00040229616922373963,50977181.02326399,1.8032043946498485e-12,2.6992375280853646e-12,0.03469689721477273,0.0352180543311087
registered,0.1,1000000,Lomax (primary),4.0,v0.3: every absence vacates the seat,,,4.0,5725638400.0,1.9945457319501987e-10,3.0317208074871086e-10,1.0,1.0
registered,0.1,1000000,Lomax (primary),4.0,v0.4: L = 3 days,3.0,8640.0,1.0119288512538813,1486139149.589817,5.179063388009905e-11,7.869094532118279e-11,0.2595586807559864,0.25966130056822484
registered,0.1,1000000,Lomax (primary),4.0,v0.4: L = 7 days,7.0,20160.0,0.41902624070313926,644924182.5195396,2.249068393052654e-11,3.414868223945302e-11,0.1126379518691819,0.11276093383196542
registered,0.1,1000000,Lomax (primary),4.0,v0.4: L = 30 days,30.0,86400.0,0.0625,139081900.0,4.87193706987798e-12,7.36437512670799e-12,0.0242910729395695,0.024426299140879393
registered,0.1,1000000,Lomax (primary),4.0,v0.4: L = 90 days,90.0,259200.0,0.012821039665643229,68596993.64593193,2.4169115303692808e-12,3.6322051523098768e-12,0.011980671648061452,0.012117603981965895
registered,0.1,1000000,Lomax (primary),4.0,v0.4: L = 365 days,365.0,1051200.0,0.0016091846768949585,52689524.09305598,1.862846184448402e-12,2.789905952312866e-12,0.009202384155635113,0.00933970154009442
registered,0.1,1000000,exponential (comparison),1.0,v0.3: every absence vacates the seat,,,1.0,1469214400.0,5.1201136147292715e-11,7.779478122718486e-11,1.0,1.0
registered,0.1,1000000,exponential (comparison),1.0,v0.4: L = 3 days,3.0,8640.0,0.6514390575310556,974673346.3375219,3.397601690008735e-11,5.160887324974197e-11,0.6633976268797269,0.6635793550038996
registered,0.1,1000000,exponential (comparison),1.0,v0.4: L = 7 days,7.0,20160.0,0.36787944117144233,572356694.1695716,1.9963120989004818e-11,3.0306239720245446e-11,0.38956648816508443,0.3898960548761256
registered,0.1,1000000,exponential (comparison),1.0,v0.4: L = 30 days,30.0,86400.0,0.013763786733050402,69934570.72714578,2.463500028039207e-12,3.703029748371233e-12,0.04759997637318677,0.04811416725113952
registered,0.1,1000000,exponential (comparison),1.0,v0.4: L = 90 days,90.0,259200.0,2.6074368808253605e-6,50410099.45230602,1.7834526518768199e-12,2.6692106057038223e-12,0.03431092116460744,0.03483228666540285
registered,0.1,1000000,exponential (comparison),1.0,v0.4: L = 365 days,365.0,1051200.0,2.2627932376753912e-23,50406400.0,1.7833237980503307e-12,2.669014720009531e-12,0.03430840318472239,0.03482977004494899
registered,0.1,1000000,exponential (comparison),4.0,v0.3: every absence vacates the seat,,,4.0,5725638400.0,1.9945457319501987e-10,3.0317208074871086e-10,1.0,1.0
registered,0.1,1000000,exponential (comparison),4.0,v0.4: L = 3 days,3.0,8640.0,2.6057562301242223,3747474185.3500876,1.305540962061984e-10,1.9842844883893928e-10,0.6545076589800165,0.654555541720004
registered,0.1,1000000,exponential (comparison),4.0,v0.4: L = 7 days,7.0,20160.0,1.4715177646857693,2138207576.6782868,7.450251256186829e-11,1.132179147209532e-10,0.37344439646735056,0.3735312325429725
registered,0.1,1000000,exponential (comparison),4.0,v0.4: L = 30 days,30.0,86400.0,0.05505514693220161,128519082.9085831,4.504028718005838e-12,6.805074833456339e-12,0.02244624510492718,0.02258172698603382
registered,0.1,1000000,exponential (comparison),4.0,v0.4: L = 90 days,90.0,259200.0,0.000010429747523301442,50421197.80922404,1.783839213356287e-12,2.6697982627866952e-12,0.008806214134868182,0.008943586425627403
registered,0.1,1000000,exponential (comparison),4.0,v0.4: L = 365 days,365.0,1051200.0,9.051172950701565e-23,50406400.0,1.7833237980503307e-12,2.669014720009531e-12,0.008803629652895998,0.008941002301845732
registered,0.15,10000,Lomax (primary),1.0,v0.3: every absence vacates the seat,,,1.0,547524400.0,8.082227388476568e-7,1.3115466122625177e-6,1.0,1.0
registered,0.15,10000,Lomax (primary),1.0,v0.4: L = 3 days,3.0,8640.0,0.25298221281347033,175428864.0600921,2.5929252124010406e-7,4.2022443630105895e-7,0.32040373736785444,0.3208181467522142
registered,0.15,10000,Lomax (primary),1.0,v0.4: L = 7 days,7.0,20160.0,0.10475656017578482,101596480.67603983,1.5037203614178963e-7,2.433654464503397e-7,0.18555607873555924,0.18605271655210567
registered,0.15,10000,Lomax (primary),1.0,v0.4: L = 30 days,30.0,86400.0,0.015625,57199337.5,8.487559474209212e-8,1.3701598928154687e-7,0.10446902001079769,0.10501510371151591
registered,0.15,10000,Lomax (primary),1.0,v0.4: L = 90 days,90.0,259200.0,0.0032052599164108073,51012965.60644356,7.574921148368183e-8,1.2219707874680175e-7,0.09317021416112882,0.0937231877337219
registered,0.15,10000,Lomax (primary),1.0,v0.4: L = 365 days,365.0,1051200.0,0.00040229616922373963,49616786.940259695,7.368951287130422e-8,1.1885265537544762e-7,0.09062022978384104,0.09117475830532662
registered,0.15,10000,Lomax (primary),4.0,v0.3: every absence vacates the seat,,,4.0,2041848400.0,3.0127092732646157e-6,4.89106851087119e-6,1.0,1.0
registered,0.15,10000,Lomax (primary),4.0,v0.4: L = 3 days,3.0,8640.0,1.0119288512538813,553466256.2403684,8.169884028344049e-7,1.3257798070253557e-6,0.271061385478162,0.27118063136211756
registered,0.15,10000,Lomax (primary),4.0,v0.4: L = 7 days,7.0,20160.0,0.41902624070313926,258136722.70415932,3.8130646244114714e-7,6.183438476224787e-7,0.1264230599608469,0.12656596699354197
registered,0.15,10000,Lomax (primary),4.0,v0.4: L = 30 days,30.0,86400.0,0.0625,80548150.0,1.193206968423571e-7,1.9294601894730738e-7,0.03944864368970782,0.03960577872589062
registered,0.15,10000,Lomax (primary),4.0,v0.4: L = 90 days,90.0,259200.0,0.012821039665643229,55802662.42577422,8.281516380871588e-8,1.3367037680832682e-7,0.027329483631485185,0.027488601221377116
registered,0.15,10000,Lomax (primary),4.0,v0.4: L = 365 days,365.0,1051200.0,0.0016091846768949585,50217947.761038795,7.457636935920548e-8,1.202926833229104e-7,0.024594356643244813,0.024753921668118156
registered,0.15,10000,exponential (comparison),1.0,v0.3: every absence vacates the seat,,,1.0,547524400.0,8.082227388476568e-7,1.3115466122625177e-6,1.0,1.0
registered,0.15,10000,exponential (comparison),1.0,v0.4: L = 3 days,3.0,8640.0,0.6514390575310556,373903406.0686791,5.520901041488327e-7,8.956527700734296e-7,0.6828981613763315,0.6830915261503141
registered,0.15,10000,exponential (comparison),1.0,v0.4: L = 7 days,7.0,20160.0,0.36787944117144233,232660092.6830248,3.437223188257639e-7,5.573168179666597e-7,0.4249310034092084,0.42528167336127454
registered,0.15,10000,exponential (comparison),1.0,v0.4: L = 30 days,30.0,86400.0,0.013763786733050402,56272252.282026276,8.35079215472026e-8,1.347952380658712e-7,0.10277578913748187,0.10332290534941647
registered,0.15,10000,exponential (comparison),1.0,v0.4: L = 90 days,90.0,259200.0,2.6074368808253605e-6,49417698.78516983,7.339581006183484e-8,1.1837575718543143e-7,0.09025661465529176,0.09081136490477947
registered,0.15,10000,exponential (comparison),1.0,v0.4: L = 365 days,365.0,1051200.0,2.2627932376753912e-23,49416400.0,7.33938940420038e-8,1.1837264605962671e-7,0.09025424255065162,0.09080899424661934
registered,0.15,10000,exponential (comparison),4.0,v0.3: every absence vacates the seat,,,4.0,2041848400.0,3.0127092732646157e-6,4.89106851087119e-6,1.0,1.0
registered,0.15,10000,exponential (comparison),4.0,v0.4: L = 3 days,3.0,8640.0,2.6057562301242223,1347364424.2747164,1.9881787344693194e-6,3.2274931421148385e-6,0.6598748586206088,0.6599304991400315
registered,0.15,10000,exponential (comparison),4.0,v0.4: L = 7 days,7.0,20160.0,1.4715177646857693,782391170.7320992,1.1547075931770443e-6,1.8741493336877585e-6,0.3831778944666505,0.38327879939300824
registered,0.15,10000,exponential (comparison),4.0,v0.4: L = 30 days,30.0,86400.0,0.05505514693220161,76839809.12810507,1.13850004062799e-7,1.840630140846046e-7,0.03763247512797967,0.037789907268227535
registered,0.15,10000,exponential (comparison),4.0,v0.4: L = 90 days,90.0,259200.0,0.000010429747523301442,49421595.14067934,7.340155812132796e-8,1.1838509056284558e-7,0.02420434109637098,0.02436396992325415
registered,0.15,10000,exponential (comparison),4.0,v0.4: L = 365 days,365.0,1051200.0,9.051172950701565e-23,49416400.0,7.33938940420038e-8,1.1837264605962671e-7,0.02420179676414762,0.024361426007253963
registered,0.15,100000,Lomax (primary),1.0,v0.3: every absence vacates the seat,,,1.0,631314400.0,9.319159137558924e-7,1.5122581981598335e-6,1.0,1.0
registered,0.15,100000,Lomax (primary),1.0,v0.4: L = 3 days,3.0,8640.0,0.25298221281347033,196693475.27257955,2.9074574173332893e-7,4.7116194483367863e-7,0.3115618387170949,0.31198709823672716
registered,0.15,100000,Lomax (primary),1.0,v0.4: L = 7 days,7.0,20160.0,0.10475656017578482,110454604.762753,1.6352271059534251e-7,2.645843047093135e-7,0.17495974234510253,0.17546938321537872
registered,0.15,100000,Lomax (primary),1.0,v0.4: L = 30 days,30.0,86400.0,0.015625,58597150.0,8.702051914715217e-8,1.403643263583113e-7,0.09281769907355195,0.09337808042834482
registered,0.15,100000,Lomax (primary),1.0,v0.4: L = 90 days,90.0,259200.0,0.0032052599164108073,51371245.86144714,7.636057634195894e-8,1.2305530763064783e-7,0.08137188991958229,0.08193934153801881
registered,0.15,100000,Lomax (primary),1.0,v0.4: L = 365 days,365.0,1051200.0,0.00040229616922373963,49740459.129623726,7.395477452735212e-8,1.1914890124319613e-7,0.07878872892749433,0.0793577762067533
registered,0.15,100000,Lomax (primary),4.0,v0.3: every absence vacates the seat,,,4.0,2376738400.0,3.5068352116111004e-6,5.693268093173996e-6,1.0,1.0
registered,0.15,100000,Lomax (primary),4.0,v0.4: L = 3 days,3.0,8640.0,1.0119288512538813,638254701.0903182,9.421545235208468e-7,1.5288830798693768e-6,0.26854225988451996,0.26866233132409
registered,0.15,100000,Lomax (primary),4.0,v0.4: L = 7 days,7.0,20160.0,0.41902624070313926,293299219.05101204,4.332623989689012e-7,7.025725193719164e-7,0.12340408142983345,0.12354797782752187
registered,0.15,100000,Lomax (primary),4.0,v0.4: L = 30 days,30.0,86400.0,0.0625,85869400.0,1.272536331761398e-7,2.056926059679076e-7,0.03612909186808275,0.036287314771679076
registered,0.15,100000,Lomax (primary),4.0,v0.4: L = 90 days,90.0,259200.0,0.012821039665643229,56965783.445788555,8.46138619553669e-8,1.364565310572537e-7,0.023968049426806314,0.024128268609603085
registered,0.15,100000,Lomax (primary),4.0,v0.4: L = 365 days,365.0,1051200.0,0.0016091846768949585,50442636.518494904,7.499065469693956e-8,1.2083090550744688e-7,0.02122347016335281,0.02138413987878477
registered,0.15,100000,exponential (comparison),1.0,v0.3: every absence vacates the seat,,,1.0,631314400.0,9.319159137558924e-7,1.5122581981598335e-6,1.0,1.0
registered,0.15,100000,exponential (comparison),1.0,v0.4: L = 3 days,3.0,8640.0,0.6514390575310556,428518855.1840284,6.327438146752644e-7,1.0264792816671271e-6,0.6787725025502799,0.6789709300328639
registered,0.15,100000,exponential (comparison),1.0,v0.4: L = 7 days,7.0,20160.0,0.36787944117144233,263541601.90907452,3.8936277192300183e-7,6.312907610584728e-7,0.417449058518346,0.4178089097692908
registered,0.15,100000,exponential (comparison),1.0,v0.4: L = 30 days,30.0,86400.0,0.013763786733050402,57514281.23158259,8.542302782765462e-8,1.3777040932969534e-7,0.09110243839136663,0.09166387929075592
registered,0.15,100000,exponential (comparison),1.0,v0.4: L = 90 days,90.0,259200.0,2.6074368808253605e-6,49507917.02763677,7.361171911733709e-8,1.1859186706157902e-7,0.07842038297817501,0.07898965779075544
registered,0.15,100000,exponential (comparison),1.0,v0.4: L = 365 days,365.0,1051200.0,2.2627932376753912e-23,49506400.0,7.360948113748963e-8,1.1858823315511255e-7,0.07841798001122736,0.07898725630815981
registered,0.15,100000,exponential (comparison),4.0,v0.3: every absence vacates the seat,,,4.0,2376738400.0,3.5068352116111004e-6,5.693268093173996e-6,1.0,1.0
registered,0.15,100000,exponential (comparison),4.0,v0.4: L = 3 days,3.0,8640.0,2.6057562301242223,1565556220.7361135,2.3101468152885886e-6,3.7501524272031715e-6,0.6586994263803343,0.6587554521067066
registered,0.15,100000,exponential (comparison),4.0,v0.4: L = 7 days,7.0,20160.0,1.4715177646857693,905647207.6362982,1.3366226442795385e-6,2.1693983447685544e-6,0.3810462302608895,0.381147833765896
registered,0.15,100000,exponential (comparison),4.0,v0.4: L = 30 days,30.0,86400.0,0.05505514693220161,81537924.92633034,1.2086366789814958e-7,1.953169378534437e-7,0.034306646842719564,0.03446516890727316
registered,0.15,100000,exponential (comparison),4.0,v0.4: L = 90 days,90.0,259200.0,0.000010429747523301442,49512468.110547036,7.361843305687947e-8,1.1860276878097835e-7,0.020832106768901043,0.020992840728052884
registered,0.15,100000,exponential (comparison),4.0,v0.4: L = 365 days,365.0,1051200.0,9.051172950701565e-23,49506400.0,7.360948113748963e-8,1.1858823315511255e-7,0.0208295536437666,0.020990288022023185
registered,0.15,290000,Lomax (primary),1.0,v0.3: every absence vacates the seat,,,1.0,808204400.0,1.1930459496732785e-6,1.9359826572763892e-6,1.0,1.0
registered,0.15,290000,Lomax (primary),1.0,v0.4: L = 3 days,3.0,8640.0,0.25298221281347033,241585432.27671975,3.5714698499680363e-7,5.786966850692091e-7,0.29891625469586625,0.29935727546337176
registered,0.15,290000,Lomax (primary),1.0,v0.4: L = 7 days,7.0,20160.0,0.10475656017578482,129155088.94581419,1.9128524555284313e-7,3.0937967214492496e-7,0.15980498119759579,0.16033351071283342
registered,0.15,290000,Lomax (primary),1.0,v0.4: L = 30 days,30.0,86400.0,0.015625,61548087.5,9.154869289116785e-8,1.47433037964814e-7,0.07615411089075981,0.07673526146770701
registered,0.15,290000,Lomax (primary),1.0,v0.4: L = 90 days,90.0,259200.0,0.0032052599164108073,52127615.28867693,7.765123548721071e-8,1.2486712416321182e-7,0.06449805926406356,0.06508654214741341
registered,0.15,290000,Lomax (primary),1.0,v0.4: L = 365 days,365.0,1051200.0,0.00040229616922373963,50001544.862725556,7.451477135678656e-8,1.1977430918622073e-7,0.06186744945056666,0.06245758713416931
registered,0.15,290000,Lomax (primary),4.0,v0.3: every absence vacates the seat,,,4.0,3083728400.0,4.549989970342568e-6,7.3868005447021425e-6,1.0,1.0
registered,0.15,290000,Lomax (primary),4.0,v0.4: L = 3 days,3.0,8640.0,1.0119288512538813,817252529.106879,1.2063941116366686e-6,1.9576566558734217e-6,0.26502091724643423,0.2651421474552919
registered,0.15,290000,Lomax (primary),4.0,v0.4: L = 7 days,7.0,20160.0,0.41902624070313926,367531155.78325677,5.429471538608266e-7,8.803886041762852e-7,0.11918402275091956,0.1193293078445947
registered,0.15,290000,Lomax (primary),4.0,v0.4: L = 30 days,30.0,86400.0,0.0625,97103150.0,1.440009432141255e-7,2.326020674558414e-7,0.031488878851976716,0.031648628711874655
registered,0.15,290000,Lomax (primary),4.0,v0.4: L = 90 days,90.0,259200.0,0.012821039665643229,59421261.15470771,8.84111135982969e-8,1.423384122494326e-7,0.01926929140539994,0.01943105680992093
registered,0.15,290000,Lomax (primary),4.0,v0.4: L = 365 days,365.0,1051200.0,0.0016091846768949585,50916979.45090224,7.586525707660036e-8,1.2196715234146835e-7,0.01651149934310111,0.016673719628196998
registered,0.15,290000,exponential (comparison),1.0,v0.3: every absence vacates the seat,,,1.0,808204400.0,1.1930459496732785e-6,1.9359826572763892e-6,1.0,1.0
registered,0.15,290000,exponential (comparison),1.0,v0.4: L = 3 days,3.0,8640.0,0.6514390575310556,543818136.649766,8.030127591199535e-7,1.302668583920489e-6,0.6728720316911984,0.673077813423584
registered,0.15,290000,exponential (comparison),1.0,v0.4: L = 7 days,7.0,20160.0,0.36787944117144233,328735899.1640684,4.857148395727264e-7,7.874579742523009e-7,0.4067484650715443,0.40712165336611034
registered,0.15,290000,exponential (comparison),1.0,v0.4: L = 30 days,30.0,86400.0,0.013763786733050402,60136342.34731259,8.946602997527559e-8,1.44051326442213e-7,0.0744073434236594,0.07498959281474138
registered,0.15,290000,exponential (comparison),1.0,v0.4: L = 90 days,90.0,259200.0,2.6074368808253605e-6,49698377.76173361,7.406752712339742e-8,1.19048099022335e-7,0.06149233753458111,0.06208271118449476
registered,0.15,290000,exponential (comparison),1.0,v0.4: L = 365 days,365.0,1051200.0,2.2627932376753912e-23,49696400.0,7.406460945018196e-8,1.1904336146780488e-7,0.06148989042870838,0.06208026561798807
registered,0.15,290000,exponential (comparison),4.0,v0.3: every absence vacates the seat,,,4.0,3083728400.0,4.549989970342568e-6,7.3868005447021425e-6,1.0,1.0
registered,0.15,290000,exponential (comparison),4.0,v0.4: L = 3 days,3.0,8640.0,2.6057562301242223,2026183346.5990639,2.989857208129268e-6,4.853544251278542e-6,0.6570563563895783,0.6571129228014896
registered,0.15,290000,exponential (comparison),4.0,v0.4: L = 7 days,7.0,20160.0,1.4715177646857693,1165854396.6562736,1.7206655299403596e-6,2.7927018126057893e-6,0.3780664978978932,0.37816908194433024
registered,0.15,290000,exponential (comparison),4.0,v0.4: L = 30 days,30.0,86400.0,0.05505514693220161,91456169.38925038,1.3567029155055643e-7,2.1907522136543744e-7,0.029657660314459076,0.029817712222416574
registered,0.15,290000,exponential (comparison),4.0,v0.4: L = 90 days,90.0,259200.0,0.000010429747523301442,49704311.04693441,7.407628014304378e-8,1.1906231168592534e-7,0.016118251869047355,0.016280537017857772
registered,0.15,290000,exponential (comparison),4.0,v0.4: L = 365 days,365.0,1051200.0,9.051172950701565e-23,49696400.0,7.406460945018196e-8,1.1904336146780488e-7,0.016115686452801745,0.01627797202476155
registered,0.15,1000000,Lomax (primary),1.0,v0.3: every absence vacates the seat,,,1.0,1469214400.0,2.168847662838248e-6,3.5193740571329926e-6,1.0,1.0
registered,0.15,1000000,Lomax (primary),1.0,v0.4: L = 3 days,3.0,8640.0,0.25298221281347033,409339587.39745426,6.052779466655777e-7,9.805370301598758e-7,0.278611200242425,0.2790781284626901
registered,0.15,1000000,Lomax (primary),1.0,v0.4: L = 7 days,7.0,20160.0,0.10475656017578482,199035845.6298849,2.9502945513087167e-7,4.767728872990518e-7,0.13547093305775174,0.1360305106651812
registered,0.15,1000000,Lomax (primary),1.0,v0.4: L = 30 days,30.0,86400.0,0.015625,72575275.0,1.0846976319775271e-7,1.7384769712595565e-7,0.049397334384961106,0.05001262424111635
registered,0.15,1000000,Lomax (primary),1.0,v0.4: L = 90 days,90.0,259200.0,0.0032052599164108073,54954048.41148299,8.247422492473036e-8,1.3163759646910878e-7,0.03740369575160915,0.03802674864531565
registered,0.15,1000000,Lomax (primary),1.0,v0.4: L = 365 days,365.0,1051200.0,0.00040229616922373963,50977181.02326399,7.660739108783106e-8,1.2211135992068114e-7,0.03469689721477273,0.03532170211880133
registered,0.15,1000000,Lomax (primary),4.0,v0.3: every absence vacates the seat,,,4.0,5725638400.0,8.448094595075948e-6,0.000013715263916202057,1.0,1.0
registered,0.15,1000000,Lomax (primary),4.0,v0.4: L = 3 days,3.0,8640.0,1.0119288512538813,1486139149.589817,2.1938157303852663e-6,3.5599158083095903e-6,0.2595586807559864,0.25968171943339186
registered,0.15,1000000,Lomax (primary),4.0,v0.4: L = 7 days,7.0,20160.0,0.41902624070313926,644924182.5195396,9.528217642464425e-7,1.5448592368662944e-6,0.1126379518691819,0.11278540427350373
registered,0.15,1000000,Lomax (primary),4.0,v0.4: L = 30 days,30.0,86400.0,0.0625,139081900.0,2.0658299651396678e-7,3.3315847617390976e-7,0.0242910729395695,0.024453205890281538
registered,0.15,1000000,Lomax (primary),4.0,v0.4: L = 90 days,90.0,259200.0,0.012821039665643229,68596993.64593193,1.0260084342187738e-7,1.6431807354652226e-7,0.011980671648061452,0.012144850210564552
registered,0.15,1000000,Lomax (primary),4.0,v0.4: L = 365 days,365.0,1051200.0,0.0016091846768949585,52689524.09305598,7.913350807428021e-8,1.262131273528118e-7,0.009202384155635113,0.009367024384457523
registered,0.15,1000000,exponential (comparison),1.0,v0.3: every absence vacates the seat,,,1.0,1469214400.0,2.168847662838248e-6,3.5193740571329926e-6,1.0,1.0
registered,0.15,1000000,exponential (comparison),1.0,v0.4: L = 3 days,3.0,8640.0,0.6514390575310556,974673346.3375219,1.4392809199395813e-6,2.3347443976041038e-6,0.6633976268797269,0.6636154971142951
registered,0.15,1000000,exponential (comparison),1.0,v0.4: L = 7 days,7.0,20160.0,0.36787944117144233,572356694.1695716,8.457673028953809e-7,1.3710301919766053e-6,0.38956648816508443,0.3899615991418102
registered,0.15,1000000,exponential (comparison),1.0,v0.4: L = 30 days,30.0,86400.0,0.013763786733050402,69934570.72714578,1.0457409063217492e-7,1.6752212196793692e-7,0.04759997637318677,0.0482164295925352
registered,0.15,1000000,exponential (comparison),1.0,v0.4: L = 90 days,90.0,259200.0,2.6074368808253605e-6,50410099.45230602,7.577080967235966e-8,1.2075296582305474e-7,0.03431092116460744,0.034935975896620924
registered,0.15,1000000,exponential (comparison),1.0,v0.4: L = 365 days,365.0,1051200.0,2.2627932376753912e-23,50406400.0,7.576535209234802e-8,1.2074410410997094e-7,0.03430840318472239,0.03493345954653089
registered,0.15,1000000,exponential (comparison),4.0,v0.3: every absence vacates the seat,,,4.0,5725638400.0,8.448094595075948e-6,0.000013715263916202057,1.0,1.0
registered,0.15,1000000,exponential (comparison),4.0,v0.4: L = 3 days,3.0,8640.0,2.6057562301242223,3747474185.3500876,5.5298276234812815e-6,8.976745278086503e-6,0.6545076589800165,0.6545650692292667
registered,0.15,1000000,exponential (comparison),4.0,v0.4: L = 7 days,7.0,20160.0,1.4715177646857693,2138207576.6782868,3.15577315530448e-6,5.121888455576509e-6,0.37344439646735056,0.373548510825607
registered,0.15,1000000,exponential (comparison),4.0,v0.4: L = 30 days,30.0,86400.0,0.05505514693220161,128519082.9085831,1.9100030625165563e-7,3.0785617554183485e-7,0.02244624510492718,0.02260868460954284
registered,0.15,1000000,exponential (comparison),4.0,v0.4: L = 90 days,90.0,259200.0,0.000010429747523301442,50421197.80922404,7.578718241239457e-8,1.207795509623061e-7,0.008806214134868182,0.008970920195018632
registered,0.15,1000000,exponential (comparison),4.0,v0.4: L = 365 days,365.0,1051200.0,9.051172950701565e-23,50406400.0,7.576535209234802e-8,1.2074410410997094e-7,0.008803629652895998,0.008968336142508226
registered,0.2,10000,Lomax (primary),1.0,v0.3: every absence vacates the seat,,,1.0,547524400.0,0.001217095099757332,0.002119036990665201,1.0,1.0
registered,0.2,10000,Lomax (primary),1.0,v0.4: L = 3 days,3.0,8640.0,0.25298221281347033,175428864.0600921,0.0003905620127288998,0.0006789473714298616,0.32040373736785444,0.3208968738817297
registered,0.2,10000,Lomax (primary),1.0,v0.4: L = 7 days,7.0,20160.0,0.10475656017578482,101596480.67603983,0.00022655868060899301,0.0003932001946834345,0.18555607873555924,0.18614706496983263
registered,0.2,10000,Lomax (primary),1.0,v0.4: L = 30 days,30.0,86400.0,0.015625,57199337.5,0.00012793963184281346,0.00022137371778142338,0.10446902001079769,0.10511884557609544
registered,0.2,10000,Lomax (primary),1.0,v0.4: L = 90 days,90.0,259200.0,0.0032052599164108073,51012965.60644356,0.00011419788929335996,0.00019743113023563068,0.09317021416112882,0.09382823849683486
registered,0.2,10000,Lomax (primary),1.0,v0.4: L = 365 days,365.0,1051200.0,0.00040229616922373963,49616786.940259695,0.00011109656785425904,0.00019202761901453952,0.09062022978384104,0.09128010446875498
registered,0.2,10000,Lomax (primary),4.0,v0.3: every absence vacates the seat,,,4.0,2041848400.0,0.004536426049592055,0.007902391727072904,1.0,1.0
registered,0.2,10000,Lomax (primary),4.0,v0.4: L = 3 days,3.0,8640.0,1.0119288512538813,553466256.2403684,0.0012302937014783263,0.0021420332501315468,0.271061385478162,0.27120329705120233
registered,0.2,10000,Lomax (primary),4.0,v0.4: L = 7 days,7.0,20160.0,0.41902624070313926,258136722.70415932,0.0005742803729986991,0.0009990445431458381,0.1264230599608469,0.12659313008096806
registered,0.2,10000,Lomax (primary),4.0,v0.4: L = 30 days,30.0,86400.0,0.0625,80548150.0,0.00017980417793398101,0.0003117386355377937,0.03944864368970782,0.03963564620438378
registered,0.2,10000,Lomax (primary),4.0,v0.4: L = 90 days,90.0,259200.0,0.012821039665643229,55802662.42577422,0.000124837207736167,0.00021596828535462286,0.027329483631485185,0.027518845534226923
registered,0.2,10000,Lomax (primary),4.0,v0.4: L = 365 days,365.0,1051200.0,0.0016091846768949585,50217947.761038795,0.00011243192197976335,0.00019435424047025833,0.024594356643244813,0.02478425102727597
registered,0.2,10000,exponential (comparison),1.0,v0.3: every absence vacates the seat,,,1.0,547524400.0,0.001217095099757332,0.002119036990665201,1.0,1.0
registered,0.2,10000,exponential (comparison),1.0,v0.4: L = 3 days,3.0,8640.0,0.6514390575310556,373903406.0686791,0.0008314320583437562,0.0014470864648137,0.6828981613763315,0.683128260486407
registered,0.2,10000,exponential (comparison),1.0,v0.4: L = 7 days,7.0,20160.0,0.36787944117144233,232660092.6830248,0.0005176893214418479,0.0009004445147045932,0.4249310034092084,0.42534829163724863
registered,0.2,10000,exponential (comparison),1.0,v0.4: L = 30 days,30.0,86400.0,0.013763786733050402,56272252.282026276,0.00012588030424240385,0.00021778569892713081,0.10277578913748187,0.10342684336458362
registered,0.2,10000,exponential (comparison),1.0,v0.4: L = 90 days,90.0,259200.0,2.6074368808253605e-6,49417698.78516983,0.0001106543347944037,0.00019125710510677811,0.09025661465529176,0.09091675319082813
registered,0.2,10000,exponential (comparison),1.0,v0.4: L = 365 days,365.0,1051200.0,2.2627932376753912e-23,49416400.0,0.00011065144981242428,0.00019125207852929994,0.09025424255065162,0.09091438280746204
registered,0.2,10000,exponential (comparison),4.0,v0.3: every absence vacates the seat,,,4.0,2041848400.0,0.004536426049592055,0.007902391727072904,1.0,1.0
registered,0.2,10000,exponential (comparison),4.0,v0.4: L = 3 days,3.0,8640.0,2.6057562301242223,1347364424.2747164,0.002993773883937752,0.005214589623666901,0.6598748586206088,0.6599410750246819
registered,0.2,10000,exponential (comparison),4.0,v0.4: L = 7 days,7.0,20160.0,1.4715177646857693,782391170.7320992,0.0017388029363301187,0.003028021823230473,0.3831778944666505,0.3832979789203184
registered,0.2,10000,exponential (comparison),4.0,v0.4: L = 30 days,30.0,86400.0,0.05505514693220161,76839809.12810507,0.00017156686753234262,0.0002973865601206233,0.03763247512797967,0.03781983121884485
registered,0.2,10000,exponential (comparison),4.0,v0.4: L = 90 days,90.0,259200.0,0.000010429747523301442,49421595.14067934,0.00011066298974034198,0.00019127218483921274,0.02420434109637098,0.024394311409593795
registered,0.2,10000,exponential (comparison),4.0,v0.4: L = 365 days,365.0,1051200.0,9.051172950701565e-23,49416400.0,0.00011065144981242428,0.00019125207852929994,0.02420179676414762,0.024391767572707328
registered,0.2,100000,Lomax (primary),1.0,v0.3: every absence vacates the seat,,,1.0,631314400.0,0.0014033656156745246,0.002443322281782523,1.0,1.0
registered,0.2,100000,Lomax (primary),1.0,v0.4: L = 3 days,3.0,8640.0,0.25298221281347033,196693475.27257955,0.0004379453407585665,0.0007612459826906108,0.3115618387170949,0.31206788585030926
registered,0.2,100000,Lomax (primary),1.0,v0.4: L = 7 days,7.0,20160.0,0.10475656017578482,110454604.762753,0.000246383569708877,0.0004274830368867182,0.17495974234510253,0.17556620096499465
registered,0.2,100000,Lomax (primary),1.0,v0.4: L = 30 days,30.0,86400.0,0.015625,58597150.0,0.00013119298548908256,0.0002267835522901945,0.09281769907355195,0.09348453747459456
registered,0.2,100000,Lomax (primary),1.0,v0.4: L = 90 days,90.0,259200.0,0.0032052599164108073,51371245.86144714,0.00011514213758217795,0.00019881775175127007,0.08137188991958229,0.0820471417399201
registered,0.2,100000,Lomax (primary),1.0,v0.4: L = 365 days,365.0,1051200.0,0.00040229616922373963,49740459.129623726,0.00011151968296623035,0.00019250625694187013,0.07878872892749433,0.07946587954032824
registered,0.2,100000,Lomax (primary),4.0,v0.3: every absence vacates the seat,,,4.0,2376738400.0,0.0052804631552873,0.009198487933568667,1.0,1.0
registered,0.2,100000,Lomax (primary),4.0,v0.4: L = 3 days,3.0,8640.0,1.0119288512538813,638254701.0903182,0.001418782055623468,0.002470182737201018,0.26854225988451996,0.26868515391549486
registered,0.2,100000,Lomax (primary),4.0,v0.4: L = 7 days,7.0,20160.0,0.41902624070313926,293299219.05101204,0.00065253497142471,0.0011351309539854482,0.12340408142983345,0.12357532895032704
registered,0.2,100000,Lomax (primary),4.0,v0.4: L = 30 days,30.0,86400.0,0.0625,85869400.0,0.0001917726345455322,0.000332333015599353,0.03612909186808275,0.036317389006589554
registered,0.2,100000,Lomax (primary),4.0,v0.4: L = 90 days,90.0,259200.0,0.012821039665643229,56965783.445788555,0.00012756924291791374,0.00022046981344365528,0.023968049426806314,0.024158722287490886
registered,0.2,100000,Lomax (primary),4.0,v0.4: L = 365 days,365.0,1051200.0,0.0016091846768949585,50442636.518494904,0.00011307942445412337,0.00019522383420605548,0.02122347016335281,0.021414679191710206
registered,0.2,100000,exponential (comparison),1.0,v0.3: every absence vacates the seat,,,1.0,631314400.0,0.0014033656156745246,0.002443322281782523,1.0,1.0
registered,0.2,100000,exponential (comparison),1.0,v0.4: L = 3 days,3.0,8640.0,0.6514390575310556,428518855.1840284,0.0009528973581907063,0.001658459979742383,0.6787725025502799,0.6790086257975605
registered,0.2,100000,exponential (comparison),1.0,v0.4: L = 7 days,7.0,20160.0,0.36787944117144233,263541601.90907452,0.00058643459455024,0.0010199625861870112,0.417449058518346,0.4178772716106284
registered,0.2,100000,exponential (comparison),1.0,v0.4: L = 30 days,30.0,86400.0,0.013763786733050402,57514281.23158259,0.00012878761702975425,0.00022259261764634563,0.09110243839136663,0.09177053762134023
registered,0.2,100000,exponential (comparison),1.0,v0.4: L = 90 days,90.0,259200.0,2.6074368808253605e-6,49507917.02763677,0.00011100313889930446,0.00019160626907649387,0.07842038297817501,0.07909780434940403
registered,0.2,100000,exponential (comparison),1.0,v0.4: L = 365 days,365.0,1051200.0,2.2627932376753912e-23,49506400.0,0.00011099976913693269,0.00019160039785380832,0.07841798001122736,0.07909540314879447
registered,0.2,100000,exponential (comparison),4.0,v0.3: every absence vacates the seat,,,4.0,2376738400.0,0.0052804631552873,0.009198487933568667,1.0,1.0
registered,0.2,100000,exponential (comparison),4.0,v0.4: L = 3 days,3.0,8640.0,2.6057562301242223,1565556220.7361135,0.0034785901253520275,0.006059038725408108,0.6586994263803343,0.6587661012024927
registered,0.2,100000,exponential (comparison),4.0,v0.4: L = 7 days,7.0,20160.0,1.4715177646857693,905647207.6362982,0.002012739070790162,0.00350504915118662,0.3810462302608895,0.3811671460627117
registered,0.2,100000,exponential (comparison),4.0,v0.4: L = 30 days,30.0,86400.0,0.05505514693220161,81537924.92633034,0.0001821511607082189,0.0003155692770239575,0.034306646842719564,0.0344953000052338
registered,0.2,100000,exponential (comparison),4.0,v0.4: L = 90 days,90.0,259200.0,0.000010429747523301442,49512468.110547036,0.00011101324818641981,0.0001916238827445504,0.020832106768901043,0.021023392252110085
registered,0.2,100000,exponential (comparison),4.0,v0.4: L = 365 days,365.0,1051200.0,9.051172950701565e-23,49506400.0,0.00011099976913693269,0.00019160039785380832,0.0208295536437666,0.021020839625741767
registered,0.2,290000,Lomax (primary),1.0,v0.3: every absence vacates the seat,,,1.0,808204400.0,0.0017966033714997092,0.003127924563030203,1.0,1.0
registered,0.2,290000,Lomax (primary),1.0,v0.4: L = 3 days,3.0,8640.0,0.25298221281347033,241585432.27671975,0.0005379768110434185,0.0009349874953521923,0.29891625469586625,0.2994410561493848
registered,0.2,290000,Lomax (primary),1.0,v0.4: L = 7 days,7.0,20160.0,0.10475656017578482,129155088.94581419,0.0002882361133641877,0.0004998579259825397,0.15980498119759579,0.16043391542986113
registered,0.2,290000,Lomax (primary),1.0,v0.4: L = 30 days,30.0,86400.0,0.015625,61548087.5,0.00013806117652009507,0.00023820431403093353,0.07615411089075981,0.07684566260434485
registered,0.2,290000,Lomax (primary),1.0,v0.4: L = 90 days,90.0,259200.0,0.0032052599164108073,52127615.28867693,0.00011713555063634924,0.00020174506383984216,0.06449805926406356,0.06519833620181326
registered,0.2,290000,Lomax (primary),1.0,v0.4: L = 365 days,365.0,1051200.0,0.00040229616922373963,50001544.862725556,0.00011241292598039198,0.0001935167147884569,0.06186744945056666,0.06256969555086364
registered,0.2,290000,Lomax (primary),4.0,v0.3: every absence vacates the seat,,,4.0,3083728400.0,0.006851208156199485,0.011934691036170834,1.0,1.0
registered,0.2,290000,Lomax (primary),4.0,v0.4: L = 3 days,3.0,8640.0,1.0119288512538813,817252529.106879,0.0018167019143743226,0.003162942765458791,0.26502091724643423,0.26516519027821905
registered,0.2,290000,Lomax (primary),4.0,v0.4: L = 7 days,7.0,20160.0,0.41902624070313926,367531155.78325677,0.0008177391236573997,0.0014224244879801804,0.11918402275091956,0.11935692289796337
registered,0.2,290000,Lomax (primary),4.0,v0.4: L = 30 days,30.0,86400.0,0.0625,97103150.0,0.0002170393762810291,0.0003758100401737559,0.031488878851976716,0.031678993154606705
registered,0.2,290000,Lomax (primary),4.0,v0.4: L = 90 days,90.0,259200.0,0.012821039665643229,59421261.15470771,0.00013333687274604572,0.00022997303940939037,0.01926929140539994,0.01946180435714722
registered,0.2,290000,Lomax (primary),4.0,v0.4: L = 365 days,365.0,1051200.0,0.0016091846768949585,50916979.45090224,0.0001144463741222167,0.00019705964320384945,0.01651149934310111,0.01670455363681471
registered,0.2,290000,exponential (comparison),1.0,v0.3: every absence vacates the seat,,,1.0,808204400.0,0.0017966033714997092,0.003127924563030203,1.0,1.0
registered,0.2,290000,exponential (comparison),1.0,v0.4: L = 3 days,3.0,8640.0,0.6514390575310556,543818136.649766,0.0012093241023120459,0.0021046929557029365,0.6728720316911984,0.6731169057656651
registered,0.2,290000,exponential (comparison),1.0,v0.4: L = 7 days,7.0,20160.0,0.36787944117144233,328735899.1640684,0.0007315635044457346,0.001272278514872116,0.4067484650715443,0.40719254792172865
registered,0.2,290000,exponential (comparison),1.0,v0.4: L = 30 days,30.0,86400.0,0.013763786733050402,60136342.34731259,0.00013492527735860504,0.00023274055716468808,0.0744073434236594,0.07510020269302767
registered,0.2,290000,exponential (comparison),1.0,v0.4: L = 90 days,90.0,259200.0,2.6074368808253605e-6,49698377.76173361,0.00011173950312076164,0.0001923433930125604,0.06149233753458111,0.06219486442769359
registered,0.2,290000,exponential (comparison),1.0,v0.4: L = 365 days,365.0,1051200.0,2.2627932376753912e-23,49696400.0,0.0001117351099331171,0.00019233573864999273,0.06148989042870838,0.06219241915362017
registered,0.2,290000,exponential (comparison),4.0,v0.3: every absence vacates the seat,,,4.0,3083728400.0,0.006851208156199485,0.011934691036170834,1.0,1.0
registered,0.2,290000,exponential (comparison),4.0,v0.4: L = 3 days,3.0,8640.0,2.6057562301242223,2026183346.5990639,0.004502091079448833,0.007841764606861769,0.6570563563895783,0.6571236746580242
registered,0.2,290000,exponential (comparison),4.0,v0.4: L = 7 days,7.0,20160.0,1.4715177646857693,1165854396.6562736,0.002591048687983587,0.004512106843538486,0.3780664978978932,0.37818858059932287
registered,0.2,290000,exponential (comparison),4.0,v0.4: L = 30 days,30.0,86400.0,0.05505514693220161,91456169.38925038,0.00020449577963506887,0.0003539550127087742,0.029657660314459076,0.029848134076911063
registered,0.2,290000,exponential (comparison),4.0,v0.4: L = 90 days,90.0,259200.0,0.000010429747523301442,49704311.04693441,0.00011175268268369526,0.00019236635610026328,0.016118251869047355,0.0163113833554412
registered,0.2,290000,exponential (comparison),4.0,v0.4: L = 365 days,365.0,1051200.0,9.051172950701565e-23,49696400.0,0.0001117351099331171,0.00019233573864999273,0.016115686452801745,0.016308818442775062
registered,0.2,1000000,Lomax (primary),1.0,v0.3: every absence vacates the seat,,,1.0,1469214400.0,0.003266070774846451,0.005686175192955745,1.0,1.0
registered,0.2,1000000,Lomax (primary),1.0,v0.4: L = 3 days,3.0,8640.0,0.25298221281347033,409339587.39745426,0.0009117786210552337,0.0015842320952981026,0.278611200242425,0.27916682886276384
registered,0.2,1000000,Lomax (primary),1.0,v0.4: L = 7 days,7.0,20160.0,0.10475656017578482,199035845.6298849,0.0004446324607077173,0.0007703114589195564,0.13547093305775174,0.13613681128162966
registered,0.2,1000000,Lomax (primary),1.0,v0.4: L = 30 days,30.0,86400.0,0.015625,72575275.0,0.0001637265219517735,0.0002808818973779057,0.049397334384961106,0.05012950828031913
registered,0.2,1000000,Lomax (primary),1.0,v0.4: L = 90 days,90.0,259200.0,0.0032052599164108073,54954048.41148299,0.00012458462047035778,0.00021268396690766415,0.03740369575160915,0.03814510739627647
registered,0.2,1000000,Lomax (primary),1.0,v0.4: L = 365 days,365.0,1051200.0,0.00040229616922373963,50977181.02326399,0.00011575083408594336,0.00019729263621517598,0.03469689721477273,0.035440393691831495
registered,0.2,1000000,Lomax (primary),4.0,v0.3: every absence vacates the seat,,,4.0,5725638400.0,0.012720834212239756,0.022159449998526305,1.0,1.0
registered,0.2,1000000,Lomax (primary),4.0,v0.4: L = 3 days,3.0,8640.0,1.0119288512538813,1486139149.589817,0.003303665597074885,0.005751677607895733,0.2595586807559864,0.25970510596672647
registered,0.2,1000000,Lomax (primary),4.0,v0.4: L = 7 days,7.0,20160.0,0.41902624070313926,644924182.5195396,0.001435080955684819,0.0024959950623815483,0.1126379518691819,0.1128134312373956
registered,0.2,1000000,Lomax (primary),4.0,v0.4: L = 30 days,30.0,86400.0,0.0625,139081900.0,0.0003114572006610439,0.0005382768162149456,0.0242910729395695,0.024484023253865336
registered,0.2,1000000,Lomax (primary),4.0,v0.4: L = 90 days,90.0,259200.0,0.012821039665643229,68596993.64593193,0.00015488959473538097,0.00026548509433397947,0.011980671648061452,0.012176056393090086
registered,0.2,1000000,Lomax (primary),4.0,v0.4: L = 365 days,365.0,1051200.0,0.0016091846768949585,52689524.09305598,0.00011955444919772337,0.00020391977156402697,0.009202384155635113,0.009398318318046332
registered,0.2,1000000,exponential (comparison),1.0,v0.3: every absence vacates the seat,,,1.0,1469214400.0,0.003266070774846451,0.005686175192955745,1.0,1.0
registered,0.2,1000000,exponential (comparison),1.0,v0.4: L = 3 days,3.0,8640.0,0.6514390575310556,974673346.3375219,0.002167550356660209,0.0037721951290292147,0.6633976268797269,0.6636568850110459
registered,0.2,1000000,exponential (comparison),1.0,v0.4: L = 7 days,7.0,20160.0,0.36787944117144233,572356694.1695716,0.0012738873256341612,0.002215143301011191,0.38956648816508443,0.39003665672065874
registered,0.2,1000000,exponential (comparison),1.0,v0.4: L = 30 days,30.0,86400.0,0.013763786733050402,69934570.72714578,0.000157860744903258,0.0002706618048384942,0.04759997637318677,0.048333534630975526
registered,0.2,1000000,exponential (comparison),1.0,v0.4: L = 90 days,90.0,259200.0,2.6074368808253605e-6,50410099.45230602,0.00011449117994831208,0.00019509790877365106,0.03431092116460744,0.03505471492842793
registered,0.2,1000000,exponential (comparison),1.0,v0.4: L = 365 days,365.0,1051200.0,2.2627932376753912e-23,50406400.0,0.00011448296238201671,0.00019508359109889236,0.03430840318472239,0.035052198887943246
registered,0.2,1000000,exponential (comparison),4.0,v0.3: every absence vacates the seat,,,4.0,5725638400.0,0.012720834212239756,0.022159449998526305,1.0,1.0
registered,0.2,1000000,exponential (comparison),4.0,v0.4: L = 3 days,3.0,8640.0,2.6057562301242223,3747474185.3500876,0.008326752539494787,0.014503529742820181,0.6545076589800165,0.6545759814622014
registered,0.2,1000000,exponential (comparison),4.0,v0.4: L = 7 days,7.0,20160.0,1.4715177646857693,2138207576.6782868,0.004752100415390595,0.008275322430748088,0.37344439646735056,0.3735683003256351
registered,0.2,1000000,exponential (comparison),4.0,v0.4: L = 30 days,30.0,86400.0,0.05505514693220161,128519082.9085831,0.000287994092466982,0.0004973964460572997,0.02244624510492718,0.02263956024125205
registered,0.2,1000000,exponential (comparison),4.0,v0.4: L = 90 days,90.0,259200.0,0.000010429747523301442,50421197.80922404,0.0001145158326471982,0.00019514086179792703,0.008806214134868182,0.009002226641473965
registered,0.2,1000000,exponential (comparison),4.0,v0.4: L = 365 days,365.0,1051200.0,9.051172950701565e-23,50406400.0,0.00011448296238201671,0.00019508359109889236,0.008803629652895998,0.008999642670593356
registered,0.25,10000,Lomax (primary),1.0,v0.3: every absence vacates the seat,,,1.0,547524400.0,0.2880267850665743,0.5409662841538346,1.0,1.0
registered,0.25,10000,Lomax (primary),1.0,v0.4: L = 3 days,3.0,8640.0,0.25298221281347033,175428864.0600921,0.09245317609055145,0.17332761923288934,0.32040373736785444,0.32098811945278594
registered,0.25,10000,Lomax (primary),1.0,v0.4: L = 7 days,7.0,20160.0,0.10475656017578482,101596480.67603983,0.05364683663462097,0.10037958241573185,0.18555607873555924,0.18625641577820992
registered,0.25,10000,Lomax (primary),1.0,v0.4: L = 30 days,30.0,86400.0,0.015625,57199337.5,0.03031167488044832,0.05651421756443382,0.10446902001079769,0.10523908348816274
registered,0.25,10000,Lomax (primary),1.0,v0.4: L = 90 days,90.0,259200.0,0.0032052599164108073,51012965.60644356,0.027060114566416334,0.05040194454856284,0.09317021416112882,0.09394999343606768
registered,0.25,10000,Lomax (primary),1.0,v0.4: L = 365 days,365.0,1051200.0,0.00040229616922373963,49616786.940259695,0.026326282326716997,0.04902248897533114,0.09062022978384104,0.09140220178005999
registered,0.25,10000,Lomax (primary),4.0,v0.3: every absence vacates the seat,,,4.0,2041848400.0,1.0734442637290535,2.0173916299501036,1.0,1.0
registered,0.25,10000,Lomax (primary),4.0,v0.4: L = 3 days,3.0,8640.0,1.0119288512538813,553466256.2403684,0.291149827824962,0.5468369702663226,0.271061385478162,0.27122957163470457
registered,0.25,10000,Lomax (primary),4.0,v0.4: L = 7 days,7.0,20160.0,0.41902624070313926,258136722.70415932,0.13592447000124017,0.2550448229976926,0.1264230599608469,0.12662461815115597
registered,0.25,10000,Lomax (primary),4.0,v0.4: L = 30 days,30.0,86400.0,0.0625,80548150.0,0.04258382298454956,0.07958336359250053,0.03944864368970782,0.03967026926634924
registered,0.25,10000,Lomax (primary),4.0,v0.4: L = 90 days,90.0,259200.0,0.012821039665643229,55802662.42577422,0.029577581728421617,0.05513427152901657,0.027329483631485185,0.02755390543116941
registered,0.25,10000,Lomax (primary),4.0,v0.4: L = 365 days,365.0,1051200.0,0.0016091846768949585,50217947.761038795,0.02664225276962428,0.049616449236089814,0.024594356643244813,0.024819409511837504
registered,0.25,10000,exponential (comparison),1.0,v0.3: every absence vacates the seat,,,1.0,547524400.0,0.2880267850665743,0.5409662841538346,1.0,1.0
registered,0.25,10000,exponential (comparison),1.0,v0.4: L = 3 days,3.0,8640.0,0.6514390575310556,373903406.0686791,0.19677149953518236,0.3694248808152397,0.6828981613763315,0.6831708359682616
registered,0.25,10000,exponential (comparison),1.0,v0.4: L = 7 days,7.0,20160.0,0.36787944117144233,232660092.6830248,0.12253393989129324,0.2298733459360399,0.4249310034092084,0.4254255029197053
registered,0.25,10000,exponential (comparison),1.0,v0.4: L = 30 days,30.0,86400.0,0.013763786733050402,56272252.282026276,0.029824398403321413,0.0555982367506816,0.10277578913748187,0.10354730861724483
registered,0.25,10000,exponential (comparison),1.0,v0.4: L = 90 days,90.0,259200.0,2.6074368808253605e-6,49417698.78516983,0.026221641487914806,0.04882578545037772,0.09025661465529176,0.09103889932269305
registered,0.25,10000,exponential (comparison),1.0,v0.4: L = 365 days,365.0,1051200.0,2.2627932376753912e-23,49416400.0,0.026220958845747905,0.04882450222174491,0.09025424255065162,0.0910365292578161
registered,0.25,10000,exponential (comparison),4.0,v0.3: every absence vacates the seat,,,4.0,2041848400.0,1.0734442637290535,2.0173916299501036,1.0,1.0
registered,0.25,10000,exponential (comparison),4.0,v0.4: L = 3 days,3.0,8640.0,2.6057562301242223,1347364424.2747164,0.7084231216034858,1.3312260165957241,0.6598748586206088,0.6599533348312696
registered,0.25,10000,exponential (comparison),4.0,v0.4: L = 7 days,7.0,20160.0,1.4715177646857693,782391170.7320992,0.4114728830279293,0.7730198770789248,0.3831778944666505,0.3833202122656166
registered,0.25,10000,exponential (comparison),4.0,v0.4: L = 30 days,30.0,86400.0,0.05505514693220161,76839809.12810507,0.040634717076041944,0.07591944033749162,0.03763247512797967,0.03785451974458405
registered,0.25,10000,exponential (comparison),4.0,v0.4: L = 90 days,90.0,259200.0,0.000010429747523301442,49421595.14067934,0.026223689414415517,0.04882963513627613,0.02420434109637098,0.02442948395226098
registered,0.25,10000,exponential (comparison),4.0,v0.4: L = 365 days,365.0,1051200.0,9.051172950701565e-23,49416400.0,0.026220958845747905,0.04882450222174491,0.02420179676414762,0.024426940207084937
registered,0.25,100000,Lomax (primary),1.0,v0.3: every absence vacates the seat,,,1.0,631314400.0,0.3321084709962463,0.6237526676451453,1.0,1.0
registered,0.25,100000,Lomax (primary),1.0,v0.4: L = 3 days,3.0,8640.0,0.25298221281347033,196693475.27257955,0.10367148485845709,0.19433752803621446,0.3115618387170949,0.31216151923938384
registered,0.25,100000,Lomax (primary),1.0,v0.4: L = 7 days,7.0,20160.0,0.10475656017578482,110454604.762753,0.05834428925795278,0.10913160601826499,0.17495974234510253,0.17567841338985968
registered,0.25,100000,Lomax (primary),1.0,v0.4: L = 30 days,30.0,86400.0,0.015625,58597150.0,0.03108798381842625,0.05789528740181235,0.09281769907355195,0.09360792190927772
registered,0.25,100000,Lomax (primary),1.0,v0.4: L = 90 days,90.0,259200.0,0.0032052599164108073,51371245.86144714,0.027290044810848936,0.05075593340866656,0.08137188991958229,0.08217208290106333
registered,0.25,100000,Lomax (primary),1.0,v0.4: L = 365 days,365.0,1051200.0,0.00040229616922373963,49740459.129623726,0.026432902448720662,0.04914467984889481,0.07878872892749433,0.07959117203312596
registered,0.25,100000,Lomax (primary),4.0,v0.3: every absence vacates the seat,,,4.0,2376738400.0,1.2495042414429358,2.348270397910541,1.0,1.0
registered,0.25,100000,Lomax (primary),4.0,v0.4: L = 3 days,3.0,8640.0,1.0119288512538813,638254701.0903182,0.3357562968917791,0.6306098394748176,0.26854225988451996,0.26871161037760505
registered,0.25,100000,Lomax (primary),4.0,v0.4: L = 7 days,7.0,20160.0,0.41902624070313926,293299219.05101204,0.1544475144897619,0.2897861514030198,0.12340408142983345,0.12360703498805645
registered,0.25,100000,Lomax (primary),4.0,v0.4: L = 30 days,30.0,86400.0,0.0625,85869400.0,0.04542229273165578,0.08484087693720917,0.03612909186808275,0.03635225173721845
registered,0.25,100000,Lomax (primary),4.0,v0.4: L = 90 days,90.0,259200.0,0.012821039665643229,56965783.445788555,0.030230536701346518,0.05628346096462598,0.023968049426806314,0.024194024876967278
registered,0.25,100000,Lomax (primary),4.0,v0.4: L = 365 days,365.0,1051200.0,0.0016091846768949585,50442636.518494904,0.02680196725283343,0.049838446725539005,0.02122347016335281,0.021450081051251447
registered,0.25,100000,exponential (comparison),1.0,v0.3: every absence vacates the seat,,,1.0,631314400.0,0.3321084709962463,0.6237526676451453,1.0,1.0
registered,0.25,100000,exponential (comparison),1.0,v0.4: L = 3 days,3.0,8640.0,0.6514390575310556,428518855.1840284,0.22551902620827244,0.42338615918990824,0.6787725025502799,0.6790523154431114
registered,0.25,100000,exponential (comparison),1.0,v0.4: L = 7 days,7.0,20160.0,0.36787944117144233,263541601.90907452,0.13880689530234075,0.2603849638567727,0.417449058518346,0.4179565034458565
registered,0.25,100000,exponential (comparison),1.0,v0.4: L = 30 days,30.0,86400.0,0.013763786733050402,57514281.23158259,0.030518827425426644,0.05682538897559244,0.09110243839136663,0.09189415534592488
registered,0.25,100000,exponential (comparison),1.0,v0.4: L = 90 days,90.0,259200.0,2.6074368808253605e-6,49507917.02763677,0.026310678197871803,0.0489149230803906,0.07842038297817501,0.07922314694035366
registered,0.25,100000,exponential (comparison),1.0,v0.4: L = 365 days,365.0,1051200.0,2.2627932376753912e-23,49506400.0,0.026309880847349743,0.048913424223346755,0.07841798001122736,0.07922074606656786
registered,0.25,100000,exponential (comparison),4.0,v0.3: every absence vacates the seat,,,4.0,2376738400.0,1.2495042414429358,2.348270397910541,1.0,1.0
registered,0.25,100000,exponential (comparison),4.0,v0.4: L = 3 days,3.0,8640.0,2.6057562301242223,1565556220.7361135,0.8231464622910405,1.5468043640895928,0.6586994263803343,0.6587784458742336
registered,0.25,100000,exponential (comparison),4.0,v0.4: L = 7 days,7.0,20160.0,1.4715177646857693,905647207.6362982,0.47629793866731374,0.8947995827570506,0.3810462302608895,0.38118953331225325
registered,0.25,100000,exponential (comparison),4.0,v0.4: L = 30 days,30.0,86400.0,0.05505514693220161,81537924.92633034,0.043145667159657335,0.08056128323232947,0.034306646842719564,0.03453022865279147
registered,0.25,100000,exponential (comparison),4.0,v0.4: L = 90 days,90.0,259200.0,0.000010429747523301442,49512468.110547036,0.026313070249437978,0.04891941965152213,0.020832106768901043,0.02105880826707036
registered,0.25,100000,exponential (comparison),4.0,v0.4: L = 365 days,365.0,1051200.0,9.051172950701565e-23,49506400.0,0.026309880847349743,0.048913424223346755,0.0208295536437666,0.021056255733047306
registered,0.25,290000,Lomax (primary),1.0,v0.3: every absence vacates the seat,,,1.0,808204400.0,0.42516980795888715,0.7985239216823568,1.0,1.0
registered,0.25,290000,Lomax (primary),1.0,v0.4: L = 3 days,3.0,8640.0,0.25298221281347033,241585432.27671975,0.12735458114625786,0.2386917799543453,0.29891625469586625,0.29953815807770795
registered,0.25,290000,Lomax (primary),1.0,v0.4: L = 7 days,7.0,20160.0,0.10475656017578482,129155088.94581419,0.06826113368498662,0.1276081002902795,0.15980498119759579,0.16055028463259863
registered,0.25,290000,Lomax (primary),1.0,v0.4: L = 30 days,30.0,86400.0,0.015625,61548087.5,0.03272685824304633,0.0608108792807226,0.07615411089075981,0.0769736176709211
registered,0.25,290000,Lomax (primary),1.0,v0.4: L = 90 days,90.0,259200.0,0.0032052599164108073,52127615.28867693,0.0277754531046511,0.051503243224441095,0.06449805926406356,0.06532790566195829
registered,0.25,290000,Lomax (primary),1.0,v0.4: L = 365 days,365.0,1051200.0,0.00040229616922373963,50001544.862725556,0.02665798937295062,0.049402638359751457,0.06186744945056666,0.06269962935733286
registered,0.25,290000,Lomax (primary),4.0,v0.3: every absence vacates the seat,,,4.0,3083728400.0,1.6211864166166878,3.046792241382575,1.0,1.0
registered,0.25,290000,Lomax (primary),4.0,v0.4: L = 3 days,3.0,8640.0,1.0119288512538813,817252529.106879,0.4299255093661707,0.8074636744705292,0.26502091724643423,0.26519190202900766
registered,0.25,290000,Lomax (primary),4.0,v0.4: L = 7 days,7.0,20160.0,0.41902624070313926,367531155.78325677,0.19355171952108557,0.363128955814266,0.11918402275091956,0.11938893487956531
registered,0.25,290000,Lomax (primary),4.0,v0.4: L = 30 days,30.0,86400.0,0.0625,97103150.0,0.051414617753324475,0.09594007177603851,0.031488878851976716,0.03171419228926399
registered,0.25,290000,Lomax (primary),4.0,v0.4: L = 90 days,90.0,259200.0,0.012821039665643229,59421261.15470771,0.03160899719974354,0.05870952755091247,0.01926929140539994,0.01949744759502087
registered,0.25,290000,Lomax (primary),4.0,v0.4: L = 365 days,365.0,1051200.0,0.0016091846768949585,50916979.45090224,0.027139142272941626,0.050307108092153954,0.01651149934310111,0.016740297102648613
registered,0.25,290000,exponential (comparison),1.0,v0.3: every absence vacates the seat,,,1.0,808204400.0,0.42516980795888715,0.7985239216823568,1.0,1.0
registered,0.25,290000,exponential (comparison),1.0,v0.4: L = 3 days,3.0,8640.0,0.6514390575310556,543818136.649766,0.2862082491847959,0.5373044135364308,0.6728720316911984,0.6731622138429725
registered,0.25,290000,exponential (comparison),1.0,v0.4: L = 7 days,7.0,20160.0,0.36787944117144233,328735899.1640684,0.17316091228121874,0.32479837946720863,0.4067484650715443,0.4072747148075081
registered,0.25,290000,exponential (comparison),1.0,v0.4: L = 30 days,30.0,86400.0,0.013763786733050402,60136342.34731259,0.03198484424987101,0.05941604367262642,0.0744073434236594,0.0752283996914566
registered,0.25,290000,exponential (comparison),1.0,v0.4: L = 90 days,90.0,259200.0,2.6074368808253605e-6,49698377.76173361,0.026498644585558787,0.0491031025215289,0.06149233753458111,0.0623248501881421
registered,0.25,290000,exponential (comparison),1.0,v0.4: L = 365 days,365.0,1051200.0,2.2627932376753912e-23,49696400.0,0.026497605072953623,0.04910114844895063,0.06148989042870838,0.06232240525299923
registered,0.25,290000,exponential (comparison),4.0,v0.3: every absence vacates the seat,,,4.0,3083728400.0,1.6211864166166878,3.046792241382575,1.0,1.0
registered,0.25,290000,exponential (comparison),4.0,v0.4: L = 3 days,3.0,8640.0,2.6057562301242223,2026183346.5990639,1.065340181520323,2.0019142087988713,0.6570563563895783,0.6571361384482974
registered,0.25,290000,exponential (comparison),4.0,v0.4: L = 7 days,7.0,20160.0,1.4715177646857693,1165854396.6562736,0.6131508339060141,1.1518900725219827,0.3780664978978932,0.37821118387213026
registered,0.25,290000,exponential (comparison),4.0,v0.4: L = 30 days,30.0,86400.0,0.05505514693220161,91456169.38925038,0.04844656178062318,0.09036072934365381,0.029657660314459076,0.029883399764555178
registered,0.25,290000,exponential (comparison),4.0,v0.4: L = 90 days,90.0,259200.0,0.000010429747523301442,49704311.04693441,0.026501763123374277,0.049108964739263676,0.016118251869047355,0.01634714111328527
registered,0.25,290000,exponential (comparison),4.0,v0.4: L = 365 days,365.0,1051200.0,9.051172950701565e-23,49696400.0,0.026497605072953623,0.04910114844895063,0.016115686452801745,0.016344576293855474
registered,0.25,1000000,Lomax (primary),1.0,v0.3: every absence vacates the seat,,,1.0,1469214400.0,0.7729253302929662,1.4516165025582524,1.0,1.0
registered,0.25,1000000,Lomax (primary),1.0,v0.4: L = 3 days,3.0,8640.0,0.25298221281347033,409339587.39745426,0.2158545725375135,0.40443661606946585,0.278611200242425,0.2792696319781588
registered,0.25,1000000,Lomax (primary),1.0,v0.4: L = 7 days,7.0,20160.0,0.10475656017578482,199035845.6298849,0.10531881549127092,0.19665184204359673,0.13547093305775174,0.13626001291916692
registered,0.25,1000000,Lomax (primary),1.0,v0.4: L = 30 days,30.0,86400.0,0.015625,72575275.0,0.03885107319820559,0.07170598577559774,0.049397334384961106,0.05026497602747688
registered,0.25,1000000,Lomax (primary),1.0,v0.4: L = 90 days,90.0,259200.0,0.0032052599164108073,54954048.41148299,0.02958934725517498,0.05429582200970384,0.03740369575160915,0.03828228432358345
registered,0.25,1000000,Lomax (primary),1.0,v0.4: L = 365 days,365.0,1051200.0,0.00040229616922373963,50977181.02326399,0.027499103668757303,0.05036658858453156,0.03469689721477273,0.03557795635748432
registered,0.25,1000000,Lomax (primary),4.0,v0.3: every absence vacates the seat,,,4.0,5725638400.0,3.0101040185817607,5.657058077514914,1.0,1.0
registered,0.25,1000000,Lomax (primary),4.0,v0.4: L = 3 days,3.0,8640.0,1.0119288512538813,1486139149.589817,0.7818209875599498,1.4683385315597681,0.2595586807559864,0.25973221614059444
registered,0.25,1000000,Lomax (primary),4.0,v0.4: L = 7 days,7.0,20160.0,0.41902624070313926,644924182.5195396,0.33967795937497935,0.6371994354562915,0.1126379518691819,0.11284592069845542
registered,0.25,1000000,Lomax (primary),4.0,v0.4: L = 30 days,30.0,86400.0,0.0625,139081900.0,0.073806990202718,0.13741601038429557,0.0242910729395695,0.024519747406434436
registered,0.25,1000000,Lomax (primary),4.0,v0.4: L = 90 days,90.0,259200.0,0.012821039665643229,68596993.64593193,0.03676008643059556,0.06777535532071995,0.011980671648061452,0.012212231272962927
registered,0.25,1000000,Lomax (primary),4.0,v0.4: L = 365 days,365.0,1051200.0,0.0016091846768949585,52689524.09305598,0.02839911208492488,0.052058421620030874,0.009202384155635113,0.009434594920844428
registered,0.25,1000000,exponential (comparison),1.0,v0.3: every absence vacates the seat,,,1.0,1469214400.0,0.7729253302929662,1.4516165025582524,1.0,1.0
registered,0.25,1000000,exponential (comparison),1.0,v0.4: L = 3 days,3.0,8640.0,0.6514390575310556,974673346.3375219,0.5129942929391733,0.9629989429365937,0.6633976268797269,0.6637048532808858
registered,0.25,1000000,exponential (comparison),1.0,v0.4: L = 7 days,7.0,20160.0,0.36787944117144233,572356694.1695716,0.30153644941281543,0.5655011430641007,0.38956648816508443,0.39012364790596576
registered,0.25,1000000,exponential (comparison),1.0,v0.4: L = 30 days,30.0,86400.0,0.013763786733050402,69934570.72714578,0.03746311764647892,0.06909691122470082,0.04759997637318677,0.04846925851463436
registered,0.25,1000000,exponential (comparison),1.0,v0.4: L = 90 days,90.0,259200.0,2.6074368808253605e-6,50410099.45230602,0.02720104529744173,0.049806299380519364,0.03431092116460744,0.03519233259845627
registered,0.25,1000000,exponential (comparison),1.0,v0.4: L = 365 days,365.0,1051200.0,2.2627932376753912e-23,50406400.0,0.027199100863368117,0.049802644239365125,0.03430840318472239,0.0351898169168019
registered,0.25,1000000,exponential (comparison),4.0,v0.3: every absence vacates the seat,,,4.0,5725638400.0,3.0101040185817607,5.657058077514914,1.0,1.0
registered,0.25,1000000,exponential (comparison),4.0,v0.4: L = 3 days,3.0,8640.0,2.6057562301242223,3747474185.3500876,1.9703798691665888,3.7025878390282796,0.6545076589800165,0.6545886311579864
registered,0.25,1000000,exponential (comparison),4.0,v0.4: L = 7 days,7.0,20160.0,1.4715177646857693,2138207576.6782868,1.1245484950611573,2.1125966395383076,0.37344439646735056,0.3735912407409094
registered,0.25,1000000,exponential (comparison),4.0,v0.4: L = 30 days,30.0,86400.0,0.05505514693220161,128519082.9085831,0.06825516799581133,0.12697971218070792,0.02244624510492718,0.022675351939488924
registered,0.25,1000000,exponential (comparison),4.0,v0.4: L = 90 days,90.0,259200.0,0.000010429747523301442,50421197.80922404,0.02720687859966257,0.049817264803982055,0.008806214134868182,0.009038517749456828
registered,0.25,1000000,exponential (comparison),4.0,v0.4: L = 365 days,365.0,1051200.0,9.051172950701565e-23,50406400.0,0.027199100863368117,0.049802644239365125,0.008803629652895998,0.009035933873203237
registered,0.3,10000,Lomax (primary),1.0,v0.3: every absence vacates the seat,,,1.0,547524400.0,20.694727744913124,42.20723400770943,1.0,1.0
registered,0.3,10000,Lomax (primary),1.0,v0.4: L = 3 days,3.0,8640.0,0.25298221281347033,175428864.0600921,6.644983534326125,13.523355520029709,0.32040373736785444,0.3210954797875753
registered,0.3,10000,Lomax (primary),1.0,v0.4: L = 7 days,7.0,20160.0,0.10475656017578482,101596480.67603983,3.857188463407961,7.831808836744705,0.18555607873555924,0.1863850788931533
registered,0.3,10000,Lomax (primary),1.0,v0.4: L = 30 days,30.0,86400.0,0.015625,57199337.5,2.1808219256355117,4.409348374151818,0.10446902001079769,0.10538055646426997
registered,0.3,10000,Lomax (primary),1.0,v0.4: L = 90 days,90.0,259200.0,0.0032052599164108073,51012965.60644356,1.947234219519979,3.9324570316471674,0.09317021416112882,0.09409325135957006
registered,0.3,10000,Lomax (primary),1.0,v0.4: L = 365 days,365.0,1051200.0,0.00040229616922373963,49616786.940259695,1.89451670147018,3.8248292443189786,0.09062022978384104,0.09154586254152884
registered,0.3,10000,Lomax (primary),4.0,v0.3: every absence vacates the seat,,,4.0,2041848400.0,77.11805976556869,157.40079022426596,1.0,1.0
registered,0.3,10000,Lomax (primary),4.0,v0.4: L = 3 days,3.0,8640.0,1.0119288512538813,553466256.2403684,20.91908292322071,42.66527627354708,0.271061385478162,0.27126049315572337
registered,0.3,10000,Lomax (primary),4.0,v0.4: L = 7 days,7.0,20160.0,0.41902624070313926,258136722.70415932,9.767902639548055,19.89908954040706,0.1264230599608469,0.12666167521902805
registered,0.3,10000,Lomax (primary),4.0,v0.4: L = 30 days,30.0,86400.0,0.0625,80548150.0,3.0624364884582547,6.209247690035514,0.03944864368970782,0.039711015782395984
registered,0.3,10000,Lomax (primary),4.0,v0.4: L = 90 days,90.0,259200.0,0.012821039665643229,55802662.42577422,2.1280856639961243,4.30168232001691,0.027329483631485185,0.02759516604107125
registered,0.3,10000,Lomax (primary),4.0,v0.4: L = 365 days,365.0,1051200.0,0.0016091846768949585,50217947.761038795,1.9172155917969287,3.871171170704159,0.024594356643244813,0.024860786145619786
registered,0.3,10000,exponential (comparison),1.0,v0.3: every absence vacates the seat,,,1.0,547524400.0,20.694727744913124,42.20723400770943,1.0,1.0
registered,0.3,10000,exponential (comparison),1.0,v0.4: L = 3 days,3.0,8640.0,0.6514390575310556,373903406.0686791,14.139071149460499,28.823242500645343,0.6828981613763315,0.6832209306515743
registered,0.3,10000,exponential (comparison),1.0,v0.4: L = 7 days,7.0,20160.0,0.36787944117144233,232660092.6830248,8.805945022291104,17.935162298023233,0.4249310034092084,0.4255163503881153
registered,0.3,10000,exponential (comparison),1.0,v0.4: L = 30 days,30.0,86400.0,0.013763786733050402,56272252.282026276,2.1458166409280626,4.3378817824526985,0.10277578913748187,0.1036890490842778
registered,0.3,10000,exponential (comparison),1.0,v0.4: L = 90 days,90.0,259200.0,2.6074368808253605e-6,49417698.78516983,1.88699944478688,3.809482055499556,0.09025661465529176,0.0911826175268585
registered,0.3,10000,exponential (comparison),1.0,v0.4: L = 365 days,365.0,1051200.0,2.2627932376753912e-23,49416400.0,1.886950404694597,3.809381935523919,0.09025424255065162,0.09118024783671869
registered,0.3,10000,exponential (comparison),4.0,v0.3: every absence vacates the seat,,,4.0,2041848400.0,77.11805976556869,157.40079022426596,1.0,1.0
registered,0.3,10000,exponential (comparison),4.0,v0.4: L = 3 days,3.0,8640.0,2.6057562301242223,1347364424.2747164,50.895433383758196,103.86482419600962,0.6598748586206088,0.6599677629140995
registered,0.3,10000,exponential (comparison),4.0,v0.4: L = 7 days,7.0,20160.0,1.4715177646857693,782391170.7320992,29.562928875080623,60.31250338552118,0.3831778944666505,0.3833463778127849
registered,0.3,10000,exponential (comparison),4.0,v0.4: L = 30 days,30.0,86400.0,0.05505514693220161,76839809.12810507,2.9224153496284595,5.923381323239034,0.03763247512797967,0.037895343302364125
registered,0.3,10000,exponential (comparison),4.0,v0.4: L = 90 days,90.0,259200.0,0.000010429747523301442,49421595.14067934,1.88714656506373,3.809782415426469,0.02420434109637098,0.024470877130473325
registered,0.3,10000,exponential (comparison),4.0,v0.4: L = 365 days,365.0,1051200.0,9.051172950701565e-23,49416400.0,1.886950404694597,3.809381935523919,0.02420179676414762,0.024468333493227665
registered,0.3,100000,Lomax (primary),1.0,v0.3: every absence vacates the seat,,,1.0,631314400.0,23.862046418901066,48.66638749476128,1.0,1.0
registered,0.3,100000,Lomax (primary),1.0,v0.4: L = 3 days,3.0,8640.0,0.25298221281347033,196693475.27257955,7.451441530657554,15.162589171586461,0.3115618387170949,0.31227168868279825
registered,0.3,100000,Lomax (primary),1.0,v0.4: L = 7 days,7.0,20160.0,0.10475656017578482,110454604.762753,4.195196951930139,8.514658616950355,0.17495974234510253,0.1758104430057237
registered,0.3,100000,Lomax (primary),1.0,v0.4: L = 30 days,30.0,86400.0,0.015625,58597150.0,2.2371407420151947,4.5171021094856245,0.09281769907355195,0.09375309655936137
registered,0.3,100000,Lomax (primary),1.0,v0.4: L = 90 days,90.0,259200.0,0.0032052599164108073,51371245.86144714,1.9643019277025036,3.9600759260074514,0.08137188991958229,0.08231908920211407
registered,0.3,100000,Lomax (primary),1.0,v0.4: L = 365 days,365.0,1051200.0,0.00040229616922373963,49740459.129623726,1.9027259768213345,3.8343628122051467,0.07878872892749433,0.07973859171249412
registered,0.3,100000,Lomax (primary),4.0,v0.3: every absence vacates the seat,,,4.0,2376738400.0,89.76652086274372,183.21659057369664,1.0,1.0
registered,0.3,100000,Lomax (primary),4.0,v0.4: L = 3 days,3.0,8640.0,1.0119288512538813,638254701.0903182,24.124101309769678,49.201397280997334,0.26854225988451996,0.26874274593594094
registered,0.3,100000,Lomax (primary),4.0,v0.4: L = 7 days,7.0,20160.0,0.41902624070313926,293299219.05101204,11.099122994860014,22.60967506245291,0.12340408142983345,0.12364434856321298
registered,0.3,100000,Lomax (primary),4.0,v0.4: L = 30 days,30.0,86400.0,0.0625,85869400.0,3.266898155200236,6.619449032593989,0.03612909186808275,0.03639328029873679
registered,0.3,100000,Lomax (primary),4.0,v0.4: L = 90 days,90.0,259200.0,0.012821039665643229,56965783.445788555,2.1755428979494735,4.391344298681297,0.023968049426806314,0.024235571090874267
registered,0.3,100000,Lomax (primary),4.0,v0.4: L = 365 days,365.0,1051200.0,0.0016091846768949585,50442636.518494904,1.9292390944247964,3.8884918434720785,0.02122347016335281,0.021491744092150718
registered,0.3,100000,exponential (comparison),1.0,v0.3: every absence vacates the seat,,,1.0,631314400.0,23.862046418901066,48.66638749476128,1.0,1.0
registered,0.3,100000,exponential (comparison),1.0,v0.4: L = 3 days,3.0,8640.0,0.6514390575310556,428518855.1840284,16.20480451054565,33.03340562990076,0.6787725025502799,0.6791037208656951
registered,0.3,100000,exponential (comparison),1.0,v0.4: L = 7 days,7.0,20160.0,0.36787944117144233,263541601.90907452,9.975522013986328,20.31573764117711,0.417449058518346,0.41804972795982587
registered,0.3,100000,exponential (comparison),1.0,v0.4: L = 30 days,30.0,86400.0,0.013763786733050402,57514281.23158259,2.196253314619788,4.433626568471865,0.09110243839136663,0.09203960448589779
registered,0.3,100000,exponential (comparison),1.0,v0.4: L = 90 days,90.0,259200.0,2.6074368808253605e-6,49507917.02763677,1.893945551539273,3.816436745503447,0.07842038297817501,0.07937062556542021
registered,0.3,100000,exponential (comparison),1.0,v0.4: L = 365 days,365.0,1051200.0,2.2627932376753912e-23,49506400.0,1.893888270953514,3.816319801782836,0.07841798001122736,0.07936822507617662
registered,0.3,100000,exponential (comparison),4.0,v0.3: every absence vacates the seat,,,4.0,2376738400.0,89.76652086274372,183.21659057369664,1.0,1.0
registered,0.3,100000,exponential (comparison),4.0,v0.4: L = 3 days,3.0,8640.0,2.6057562301242223,1565556220.7361135,59.13755322932205,120.68466311425453,0.6586994263803343,0.6587929738275757
registered,0.3,100000,exponential (comparison),4.0,v0.4: L = 7 days,7.0,20160.0,1.4715177646857693,905647207.6362982,34.22042324308477,69.81399115935993,0.3810462302608895,0.38121587997611095
registered,0.3,100000,exponential (comparison),4.0,v0.4: L = 30 days,30.0,86400.0,0.05505514693220161,81537924.92633034,3.1033484456186082,6.285546868538952,0.034306646842719564,0.034571334789322415
registered,0.3,100000,exponential (comparison),4.0,v0.4: L = 90 days,90.0,259200.0,0.000010429747523301442,49512468.110547036,1.8941173932965494,3.8167875766652766,0.020832106768901043,0.02110048796691947
registered,0.3,100000,exponential (comparison),4.0,v0.4: L = 365 days,365.0,1051200.0,9.051172950701565e-23,49506400.0,1.893888270953514,3.816319801782836,0.0208295536437666,0.02109793554157388
registered,0.3,290000,Lomax (primary),1.0,v0.3: every absence vacates the seat,,,1.0,808204400.0,30.548608063986727,62.30237818964853,1.0,1.0
registered,0.3,290000,Lomax (primary),1.0,v0.4: L = 3 days,3.0,8640.0,0.25298221281347033,241585432.27671975,9.153963967357239,18.62319354709516,0.29891625469586625,0.2996524079978853
registered,0.3,290000,Lomax (primary),1.0,v0.4: L = 7 days,7.0,20160.0,0.10475656017578482,129155088.94581419,4.908770427699182,9.956230375162285,0.15980498119759579,0.1606872043864432
registered,0.3,290000,Lomax (primary),1.0,v0.4: L = 30 days,30.0,86400.0,0.015625,61548087.5,2.35603602103897,4.74458221741255,0.07615411089075981,0.07712416932725862
registered,0.3,290000,Lomax (primary),1.0,v0.4: L = 90 days,90.0,259200.0,0.0032052599164108073,52127615.28867693,2.0003337560878345,4.018382480768052,0.06449805926406356,0.0654803568102992
registered,0.3,290000,Lomax (primary),1.0,v0.4: L = 365 days,365.0,1051200.0,0.00040229616922373963,50001544.862725556,1.920056669229328,3.854489233298167,0.06186744945056666,0.06285250919477581
registered,0.3,290000,Lomax (primary),4.0,v0.3: every absence vacates the seat,,,4.0,3083728400.0,116.46882762344656,237.7166135336058,1.0,1.0
registered,0.3,290000,Lomax (primary),4.0,v0.4: L = 3 days,3.0,8640.0,1.0119288512538813,817252529.106879,30.890251236928602,62.99987496339233,0.26502091724643423,0.2652233380145232
registered,0.3,290000,Lomax (primary),4.0,v0.4: L = 7 days,7.0,20160.0,0.41902624070313926,367531155.78325677,13.90947707829638,28.332022275660826,0.11918402275091956,0.11942660849362098
registered,0.3,290000,Lomax (primary),4.0,v0.4: L = 30 days,30.0,86400.0,0.0625,97103150.0,3.69853945165553,7.485429644661882,0.031488878851976716,0.031755616735606
registered,0.3,290000,Lomax (primary),4.0,v0.4: L = 90 days,90.0,259200.0,0.012821039665643229,59421261.15470771,2.2757303918509866,4.58063069808389,0.01926929140539994,0.019539394688582363
registered,0.3,290000,Lomax (primary),4.0,v0.4: L = 365 days,365.0,1051200.0,0.0016091846768949585,50916979.45090224,1.9546220444169615,3.9250577082043527,0.01651149934310111,0.016782362150466714
registered,0.3,290000,exponential (comparison),1.0,v0.3: every absence vacates the seat,,,1.0,808204400.0,30.548608063986727,62.30237818964853,1.0,1.0
registered,0.3,290000,exponential (comparison),1.0,v0.4: L = 3 days,3.0,8640.0,0.6514390575310556,543818136.649766,20.565797161725413,41.921527791662214,0.6728720316911984,0.6732155232293582
registered,0.3,290000,exponential (comparison),1.0,v0.4: L = 7 days,7.0,20160.0,0.36787944117144233,328735899.1640684,12.444628996454021,25.341396698946397,0.4067484650715443,0.4073713921887262
registered,0.3,290000,exponential (comparison),1.0,v0.4: L = 30 days,30.0,86400.0,0.013763786733050402,60136342.34731259,2.3027307368578738,4.635754450067886,0.0744073434236594,0.07537923600429201
registered,0.3,290000,exponential (comparison),1.0,v0.4: L = 90 days,90.0,259200.0,2.6074368808253605e-6,49698377.76173361,1.9086095546832131,3.831118868844992,0.06149233753458111,0.0624777911545254
registered,0.3,290000,exponential (comparison),1.0,v0.4: L = 365 days,365.0,1051200.0,2.2627932376753912e-23,49696400.0,1.908534877500117,3.830966408329439,0.06148989042870838,0.062475346618167484
registered,0.3,290000,exponential (comparison),4.0,v0.3: every absence vacates the seat,,,4.0,3083728400.0,116.46882762344656,237.7166135336058,1.0,1.0
registered,0.3,290000,exponential (comparison),4.0,v0.4: L = 3 days,3.0,8640.0,2.6057562301242223,2026183346.5990639,76.53758401440129,156.19321194166054,0.6570563563895783,0.6571508065819439
registered,0.3,290000,exponential (comparison),4.0,v0.4: L = 7 days,7.0,20160.0,1.4715177646857693,1165854396.6562736,44.052911353315736,89.87268757079727,0.3780664978978932,0.3782377847550975
registered,0.3,290000,exponential (comparison),4.0,v0.4: L = 30 days,30.0,86400.0,0.05505514693220161,91456169.38925038,3.485318314931145,7.050118575283226,0.029657660314459076,0.02992490253443153
registered,0.3,290000,exponential (comparison),4.0,v0.4: L = 90 days,90.0,259200.0,0.000010429747523301442,49704311.04693441,1.9088335862325008,3.8315762503916497,0.016118251869047355,0.016389222980795506
registered,0.3,290000,exponential (comparison),4.0,v0.4: L = 365 days,365.0,1051200.0,9.051172950701565e-23,49696400.0,1.908534877500117,3.830966408329439,0.016115686452801745,0.01638665827109181
registered,0.3,1000000,Lomax (primary),1.0,v0.3: every absence vacates the seat,,,1.0,1469214400.0,55.535233158780514,113.25792236527981,1.0,1.0
registered,0.3,1000000,Lomax (primary),1.0,v0.4: L = 3 days,3.0,8640.0,0.25298221281347033,409339587.39745426,15.516021493971849,31.554925687153993,0.278611200242425,0.27939058884672485
registered,0.3,1000000,Lomax (primary),1.0,v0.4: L = 7 days,7.0,20160.0,0.10475656017578482,199035845.6298849,7.575281837151923,15.343156419006865,0.13547093305775174,0.13640497043549762
registered,0.3,1000000,Lomax (primary),1.0,v0.4: L = 30 days,30.0,86400.0,0.015625,72575275.0,2.800328905812026,5.594639462823692,0.049397334384961106,0.05042436569601895
registered,0.3,1000000,Lomax (primary),1.0,v0.4: L = 90 days,90.0,259200.0,0.0032052599164108073,54954048.41148299,2.134979009527754,4.236264869610296,0.03740369575160915,0.03844368499225791
registered,0.3,1000000,Lomax (primary),1.0,v0.4: L = 365 days,365.0,1051200.0,0.00040229616922373963,50977181.02326399,1.9848187303328821,3.9296984910668233,0.03469689721477273,0.035739810881104915
registered,0.3,1000000,Lomax (primary),4.0,v0.3: every absence vacates the seat,,,4.0,5725638400.0,216.251131834494,441.3745940680032,1.0,1.0
registered,0.3,1000000,Lomax (primary),4.0,v0.4: L = 3 days,3.0,8640.0,1.0119288512538813,1486139149.589817,56.17428517525933,114.56260735549996,0.2595586807559864,0.25976412099545376
registered,0.3,1000000,Lomax (primary),4.0,v0.4: L = 7 days,7.0,20160.0,0.41902624070313926,644924182.5195396,24.41132654797964,49.71553028291144,0.1126379518691819,0.11288415621640606
registered,0.3,1000000,Lomax (primary),4.0,v0.4: L = 30 days,30.0,86400.0,0.0625,139081900.0,5.311514822620049,10.721462458178745,0.0242910729395695,0.02456178970052824
registered,0.3,1000000,Lomax (primary),4.0,v0.4: L = 90 days,90.0,259200.0,0.012821039665643229,68596993.64593193,2.6501152374829586,5.287964085325158,0.011980671648061452,0.01225480400958642
registered,0.3,1000000,Lomax (primary),4.0,v0.4: L = 365 days,365.0,1051200.0,0.0016091846768949585,52689524.09305598,2.049474120703472,4.061698571151273,0.009202384155635113,0.00947728737101834
registered,0.3,1000000,exponential (comparison),1.0,v0.3: every absence vacates the seat,,,1.0,1469214400.0,55.535233158780514,113.25792236527981,1.0,1.0
registered,0.3,1000000,exponential (comparison),1.0,v0.4: L = 3 days,3.0,8640.0,0.6514390575310556,974673346.3375219,36.86213812139716,75.13503692245497,0.6633976268797269,0.6637612921513231
registered,0.3,1000000,exponential (comparison),1.0,v0.4: L = 7 days,7.0,20160.0,0.36787944117144233,572356694.1695716,21.671291930938562,44.12149107271583,0.38956648816508443,0.3902260006540042
registered,0.3,1000000,exponential (comparison),1.0,v0.4: L = 30 days,30.0,86400.0,0.013763786733050402,69934570.72714578,2.700620051537038,5.391074428663541,0.04759997637318677,0.04862894955020191
registered,0.3,1000000,exponential (comparison),1.0,v0.4: L = 90 days,90.0,259200.0,2.6074368808253605e-6,50410099.45230602,1.9634066190631994,3.885983645542345,0.03431092116460744,0.035354251839541814
registered,0.3,1000000,exponential (comparison),1.0,v0.4: L = 365 days,365.0,1051200.0,2.2627932376753912e-23,50406400.0,1.9632669335426856,3.885698464372007,0.03430840318472239,0.03535173658008275
registered,0.3,1000000,exponential (comparison),4.0,v0.3: every absence vacates the seat,,,4.0,5725638400.0,216.251131834494,441.3745940680032,1.0,1.0
registered,0.3,1000000,exponential (comparison),4.0,v0.4: L = 3 days,3.0,8640.0,2.6057562301242223,3747474185.3500876,141.55875168496058,288.8830522967039,0.6545076589800165,0.654603518067602
registered,0.3,1000000,exponential (comparison),4.0,v0.4: L = 7 days,7.0,20160.0,1.4715177646857693,2138207576.6782868,80.79536692312618,164.82886889774733,0.37344439646735056,0.37361823837741687
registered,0.3,1000000,exponential (comparison),4.0,v0.4: L = 30 days,30.0,86400.0,0.05505514693220161,128519082.9085831,4.912679405520096,9.90720232153814,0.02244624510492718,0.022717473725316614
registered,0.3,1000000,exponential (comparison),4.0,v0.4: L = 90 days,90.0,259200.0,0.000010429747523301442,50421197.80922404,1.9638256756247412,3.886839189053356,0.008806214134868182,0.009081227270189451
registered,0.3,1000000,exponential (comparison),4.0,v0.4: L = 365 days,365.0,1051200.0,9.051172950701565e-23,50406400.0,1.9632669335426856,3.885698464372007,0.008803629652895998,0.009078643505298531
registered,0.33,10000,Lomax (primary),1.0,v0.3: every absence vacates the seat,,,1.0,547524400.0,176.62926456964374,379.9525766273236,1.0,1.0
registered,0.33,10000,Lomax (primary),1.0,v0.4: L = 3 days,3.0,8640.0,0.25298221281347033,175428864.0600921,56.72797727401871,121.73822557394058,0.32040373736785444,0.3211697529978179
registered,0.33,10000,Lomax (primary),1.0,v0.4: L = 7 days,7.0,20160.0,0.10475656017578482,101596480.67603983,32.93678131277061,70.50251022443827,0.18555607873555924,0.18647408963073533
registered,0.33,10000,Lomax (primary),1.0,v0.4: L = 30 days,30.0,86400.0,0.015625,57199337.5,18.630577381544093,39.69327333083401,0.10446902001079769,0.10547842922257189
registered,0.33,10000,Lomax (primary),1.0,v0.4: L = 90 days,90.0,259200.0,0.0032052599164108073,51012965.60644356,16.637127092350937,35.40026293544045,0.09317021416112882,0.09419235896660277
registered,0.33,10000,Lomax (primary),1.0,v0.4: L = 365 days,365.0,1051200.0,0.00040229616922373963,49616786.940259695,16.187232903356502,34.43138980093053,0.09062022978384104,0.09164524883685957
registered,0.33,10000,Lomax (primary),4.0,v0.3: every absence vacates the seat,,,4.0,2041848400.0,658.1490731428999,1416.933310483292,1.0,1.0
registered,0.33,10000,Lomax (primary),4.0,v0.4: L = 3 days,3.0,8640.0,1.0119288512538813,553466256.2403684,178.5439239603997,384.0759062697598,0.271061385478162,0.27128188923489305
registered,0.33,10000,Lomax (primary),4.0,v0.4: L = 7 days,7.0,20160.0,0.41902624070313926,258136722.70415932,83.3791401154073,179.1330448717505,0.1264230599608469,0.12668731677648917
registered,0.33,10000,Lomax (primary),4.0,v0.4: L = 30 days,30.0,86400.0,0.0625,80548150.0,26.154324390501216,55.89609729733352,0.03944864368970782,0.039739210245491735
registered,0.33,10000,Lomax (primary),4.0,v0.4: L = 90 days,90.0,259200.0,0.012821039665643229,55802662.42577422,18.1805232337286,38.72405571575924,0.027329483631485185,0.02762371623029115
registered,0.33,10000,Lomax (primary),4.0,v0.4: L = 365 days,365.0,1051200.0,0.0016091846768949585,50217947.761038795,16.380946477750875,34.84856317771962,0.024594356643244813,0.024889416617311227
registered,0.33,10000,exponential (comparison),1.0,v0.3: every absence vacates the seat,,,1.0,547524400.0,176.62926456964374,379.9525766273236,1.0,1.0
registered,0.33,10000,exponential (comparison),1.0,v0.4: L = 3 days,3.0,8640.0,0.6514390575310556,373903406.0686791,120.68293180505714,259.468915988999,0.6828981613763315,0.6832555867743687
registered,0.33,10000,exponential (comparison),1.0,v0.4: L = 7 days,7.0,20160.0,0.36787944117144233,232660092.6830248,75.16974107552815,161.45362963416278,0.4249310034092084,0.4255791997927344
registered,0.33,10000,exponential (comparison),1.0,v0.4: L = 30 days,30.0,86400.0,0.013763786733050402,56272252.282026276,18.33184036287223,39.04992589769273,0.10277578913748187,0.10378710689611749
registered,0.33,10000,exponential (comparison),1.0,v0.4: L = 90 days,90.0,259200.0,2.6074368808253605e-6,49417698.78516983,16.12308022272762,34.29323329593756,0.09025661465529176,0.09128204356175869
registered,0.33,10000,exponential (comparison),1.0,v0.4: L = 365 days,365.0,1051200.0,2.2627932376753912e-23,49416400.0,16.122661711891716,34.292332008667515,0.09025424255065162,0.09127967413086668
registered,0.33,10000,exponential (comparison),4.0,v0.3: every absence vacates the seat,,,4.0,2041848400.0,658.1490731428999,1416.933310483292,1.0,1.0
registered,0.33,10000,exponential (comparison),4.0,v0.4: L = 3 days,3.0,8640.0,2.6057562301242223,1347364424.2747164,434.3637420845534,934.9986679299935,0.6598748586206088,0.6599777463946115
registered,0.33,10000,exponential (comparison),4.0,v0.4: L = 7 days,7.0,20160.0,1.4715177646857693,782391170.7320992,252.31097916643745,542.9375225106486,0.3831778944666505,0.3833644830061999
registered,0.33,10000,exponential (comparison),4.0,v0.4: L = 30 days,30.0,86400.0,0.05505514693220161,76839809.12810507,24.95937631581378,53.32270756476837,0.03763247512797967,0.03792359107431958
registered,0.33,10000,exponential (comparison),4.0,v0.4: L = 90 days,90.0,259200.0,0.000010429747523301442,49421595.14067934,16.124335755235347,34.29593715774773,0.02420434109637098,0.024499519050047144
registered,0.33,10000,exponential (comparison),4.0,v0.4: L = 365 days,365.0,1051200.0,9.051172950701565e-23,49416400.0,16.122661711891716,34.292332008667515,0.02420179676414762,0.024496975487483672
registered,0.33,100000,Lomax (primary),1.0,v0.3: every absence vacates the seat,,,1.0,631314400.0,203.6625828082778,438.09834400427235,1.0,1.0
registered,0.33,100000,Lomax (primary),1.0,v0.4: L = 3 days,3.0,8640.0,0.25298221281347033,196693475.27257955,63.613581067906196,136.49472559688547,0.3115618387170949,0.31234790500418147
registered,0.33,100000,Lomax (primary),1.0,v0.4: L = 7 days,7.0,20160.0,0.10475656017578482,110454604.762753,35.82461132676203,76.64957338880359,0.17495974234510253,0.17590178241275822
registered,0.33,100000,Lomax (primary),1.0,v0.4: L = 30 days,30.0,86400.0,0.015625,58597150.0,19.1144522913339,40.66328025840999,0.09281769907355195,0.09385352983236842
registered,0.33,100000,Lomax (primary),1.0,v0.4: L = 90 days,90.0,259200.0,0.0032052599164108073,51371245.86144714,16.786030893053024,35.64889022226694,0.08137188991958229,0.08242078962955567
registered,0.33,100000,Lomax (primary),1.0,v0.4: L = 365 days,365.0,1051200.0,0.00040229616922373963,49740459.129623726,16.26053835265923,34.517211669336774,0.07878872892749433,0.07984057811918471
registered,0.33,100000,Lomax (primary),4.0,v0.3: every absence vacates the seat,,,4.0,2376738400.0,766.094980574202,1649.3290144678529,1.0,1.0
registered,0.33,100000,Lomax (primary),4.0,v0.4: L = 3 days,3.0,8640.0,1.0119288512538813,638254701.0903182,205.89897361271562,442.91454083830536,0.26854225988451996,0.26876429011242264
registered,0.33,100000,Lomax (primary),4.0,v0.4: L = 7 days,7.0,20160.0,0.41902624070313926,293299219.05101204,94.74309464813902,203.53393200597785,0.12340408142983345,0.12367016760392734
registered,0.33,100000,Lomax (primary),4.0,v0.4: L = 30 days,30.0,86400.0,0.0625,85869400.0,27.902458506426463,59.58875948440344,0.03612909186808275,0.036421669915541105
registered,0.33,100000,Lomax (primary),4.0,v0.4: L = 90 days,90.0,259200.0,0.012821039665643229,56965783.445788555,18.588772913302957,39.53119933983125,0.023968049426806314,0.024264318896033407
registered,0.33,100000,Lomax (primary),4.0,v0.4: L = 365 days,365.0,1051200.0,0.0016091846768949585,50442636.518494904,16.486802751727787,35.00448512811058,0.02122347016335281,0.021520572735472865
registered,0.33,100000,exponential (comparison),1.0,v0.3: every absence vacates the seat,,,1.0,631314400.0,203.6625828082778,438.09834400427235,1.0,1.0
registered,0.33,100000,exponential (comparison),1.0,v0.4: L = 3 days,3.0,8640.0,0.6514390575310556,428518855.1840284,138.31526059482485,297.36910932291335,0.6787725025502799,0.6791392836505021
registered,0.33,100000,exponential (comparison),1.0,v0.4: L = 7 days,7.0,20160.0,0.36787944117144233,263541601.90907452,85.15422228191724,182.88374124303,0.417449058518346,0.41811422160976436
registered,0.33,100000,exponential (comparison),1.0,v0.4: L = 30 days,30.0,86400.0,0.013763786733050402,57514281.23158259,18.76551674450583,39.91182739400897,0.09110243839136663,0.09214022765375199
registered,0.33,100000,exponential (comparison),1.0,v0.4: L = 90 days,90.0,259200.0,2.6074368808253605e-6,49507917.02763677,16.185605721962013,34.3558399189193,0.07842038297817501,0.07947265275133374
registered,0.33,100000,exponential (comparison),1.0,v0.4: L = 365 days,365.0,1051200.0,2.2627932376753912e-23,49506400.0,16.185116886303046,34.35478718307884,0.07841798001122736,0.07947025252812029
registered,0.33,100000,exponential (comparison),4.0,v0.3: every absence vacates the seat,,,4.0,2376738400.0,766.094980574202,1649.3290144678529,1.0,1.0
registered,0.33,100000,exponential (comparison),4.0,v0.4: L = 3 days,3.0,8640.0,2.6057562301242223,1565556220.7361135,504.7056917203903,1086.4120757424168,0.6586994263803343,0.6588030264107777
registered,0.33,100000,exponential (comparison),4.0,v0.4: L = 7 days,7.0,20160.0,1.4715177646857693,905647207.6362982,292.06153846875986,628.4706034228835,0.3810462302608895,0.38123411048830325
registered,0.33,100000,exponential (comparison),4.0,v0.4: L = 30 days,30.0,86400.0,0.05505514693220161,81537924.92633034,26.506716319114183,56.582948026799336,0.034306646842719564,0.03459977808397455
registered,0.33,100000,exponential (comparison),4.0,v0.4: L = 90 days,90.0,259200.0,0.000010429747523301442,49512468.110547036,16.18707222893892,34.358998126440646,0.020832106768901043,0.021129328137362832
registered,0.33,100000,exponential (comparison),4.0,v0.4: L = 365 days,365.0,1051200.0,9.051172950701565e-23,49506400.0,16.185116886303046,34.35478718307884,0.0208295536437666,0.02112677578721637
registered,0.33,290000,Lomax (primary),1.0,v0.3: every absence vacates the seat,,,1.0,808204400.0,260.73292131206074,560.8505195778308,1.0,1.0
registered,0.33,290000,Lomax (primary),1.0,v0.4: L = 3 days,3.0,8640.0,0.25298221281347033,241585432.27671975,78.1498557438909,167.6473367564358,0.29891625469586625,0.29973144684079417
registered,0.33,290000,Lomax (primary),1.0,v0.4: L = 7 days,7.0,20160.0,0.10475656017578482,129155088.94581419,41.9211413562995,89.6267067357971,0.15980498119759579,0.16078192636872954
registered,0.33,290000,Lomax (primary),1.0,v0.4: L = 30 days,30.0,86400.0,0.015625,61548087.5,20.135965989779052,42.71107266107039,0.07615411089075981,0.07722832194895375
registered,0.33,290000,Lomax (primary),1.0,v0.4: L = 90 days,90.0,259200.0,0.0032052599164108073,52127615.28867693,17.100383361201875,36.173770050011775,0.06449805926406356,0.06558582351300055
registered,0.33,290000,Lomax (primary),1.0,v0.4: L = 365 days,365.0,1051200.0,0.00040229616922373963,50001544.862725556,16.415294301187203,34.698391169305495,0.06186744945056666,0.06295827246740505
registered,0.33,290000,Lomax (primary),4.0,v0.3: every absence vacates the seat,,,4.0,3083728400.0,993.9807851513955,2139.9421673241486,1.0,1.0
registered,0.33,290000,Lomax (primary),4.0,v0.4: L = 3 days,3.0,8640.0,1.0119288512538813,817252529.106879,263.648522878716,567.1294360385682,0.26502091724643423,0.26524509006334474
registered,0.33,290000,Lomax (primary),4.0,v0.4: L = 7 days,7.0,20160.0,0.41902624070313926,367531155.78325677,118.73366532835044,255.04691595601344,0.11918402275091956,0.11945267665336795
registered,0.33,290000,Lomax (primary),4.0,v0.4: L = 30 days,30.0,86400.0,0.0625,97103150.0,31.59296386226866,67.3843796571066,0.031488878851976716,0.03178428027404641
registered,0.33,290000,Lomax (primary),4.0,v0.4: L = 90 days,90.0,259200.0,0.012821039665643229,59421261.15470771,19.450633347959943,41.23516921287214,0.01926929140539994,0.019568419871413684
registered,0.33,290000,Lomax (primary),4.0,v0.4: L = 365 days,365.0,1051200.0,0.0016091846768949585,50916979.45090224,16.710277107901256,35.33365369004704,0.01651149934310111,0.01681146895144062
registered,0.33,290000,exponential (comparison),1.0,v0.3: every absence vacates the seat,,,1.0,808204400.0,260.73292131206074,560.8505195778308,1.0,1.0
registered,0.33,290000,exponential (comparison),1.0,v0.4: L = 3 days,3.0,8640.0,0.6514390575310556,543818136.649766,175.53906581766785,377.3806285833993,0.6728720316911984,0.6732524030119396
registered,0.33,290000,exponential (comparison),1.0,v0.4: L = 7 days,7.0,20160.0,0.36787944117144233,328735899.1640684,106.2325714954053,228.1250879728608,0.4067484650715443,0.4074382742341149
registered,0.33,290000,exponential (comparison),1.0,v0.4: L = 30 days,30.0,86400.0,0.013763786733050402,60136342.34731259,19.68105577239898,41.73139721956547,0.0744073434236594,0.07548358555321642
registered,0.33,290000,exponential (comparison),1.0,v0.4: L = 90 days,90.0,259200.0,2.6074368808253605e-6,49698377.76173361,16.31760399812351,34.488009456325166,0.06149233753458111,0.06258359671655589
registered,0.33,290000,exponential (comparison),1.0,v0.4: L = 365 days,365.0,1051200.0,2.2627932376753912e-23,49696400.0,16.316966698949187,34.486636995724986,0.06148989042870838,0.06258115245608002
registered,0.33,290000,exponential (comparison),4.0,v0.3: every absence vacates the seat,,,4.0,3083728400.0,993.9807851513955,2139.9421673241486,1.0,1.0
registered,0.33,290000,exponential (comparison),4.0,v0.4: L = 3 days,3.0,8640.0,2.6057562301242223,2026183346.5990639,653.2053631738238,1406.0626033464223,0.6570563563895783,0.6571609561590596
registered,0.33,290000,exponential (comparison),4.0,v0.4: L = 7 days,7.0,20160.0,1.4715177646857693,1165854396.6562736,375.9793858847736,809.0404409042683,0.3780664978978932,0.3782561911672239
registered,0.33,290000,exponential (comparison),4.0,v0.4: L = 30 days,30.0,86400.0,0.05505514693220161,91456169.38925038,29.773322992748362,63.46567789108694,0.029657660314459076,0.029953620268638813
registered,0.33,290000,exponential (comparison),4.0,v0.4: L = 90 days,90.0,259200.0,0.000010429747523301442,49704311.04693441,16.319515895646465,34.49212683812571,0.016118251869047355,0.01641834142011186
registered,0.33,290000,exponential (comparison),4.0,v0.4: L = 365 days,365.0,1051200.0,9.051172950701565e-23,49696400.0,16.316966698949187,34.486636995724986,0.016115686452801745,0.01641577678633286
registered,0.33,1000000,Lomax (primary),1.0,v0.3: every absence vacates the seat,,,1.0,1469214400.0,473.9957651946182,1019.55601777376,1.0,1.0
registered,0.33,1000000,Lomax (primary),1.0,v0.4: L = 3 days,3.0,8640.0,0.25298221281347033,409339587.39745426,132.46961900678104,284.05972582633444,0.278611200242425,0.2794742669323011
registered,0.33,1000000,Lomax (primary),1.0,v0.4: L = 7 days,7.0,20160.0,0.10475656017578482,199035845.6298849,64.70291146667633,138.120205032457,0.13547093305775174,0.13650525219378262
registered,0.33,1000000,Lomax (primary),1.0,v0.4: L = 30 days,30.0,86400.0,0.015625,72575275.0,23.953201389232003,50.36334953416977,0.049397334384961106,0.050534631631987355
registered,0.33,1000000,Lomax (primary),1.0,v0.4: L = 90 days,90.0,259200.0,0.0032052599164108073,54954048.41148299,18.275068900073904,38.13516309053193,0.03740369575160915,0.03855534214017784
registered,0.33,1000000,Lomax (primary),1.0,v0.4: L = 365 days,365.0,1051200.0,0.00040229616922373963,50977181.02326399,16.993592845686482,35.37543035339915,0.03469689721477273,0.0358517820063415
registered,0.33,1000000,Lomax (primary),4.0,v0.3: every absence vacates the seat,,,4.0,5725638400.0,1845.5540548872236,3973.2860543134634,1.0,1.0
registered,0.33,1000000,Lomax (primary),4.0,v0.4: L = 3 days,3.0,8640.0,1.0119288512538813,1486139149.589817,479.44947013587523,1031.3008865237614,0.2595586807559864,0.2597861974653313
registered,0.33,1000000,Lomax (primary),4.0,v0.4: L = 7 days,7.0,20160.0,0.41902624070313926,644924182.5195396,208.38263997545624,447.54280334825154,0.1126379518691819,0.11291061316986994
registered,0.33,1000000,Lomax (primary),4.0,v0.4: L = 30 days,30.0,86400.0,0.0625,139081900.0,45.383799665678964,96.51538135510263,0.0242910729395695,0.02459088074147589
registered,0.33,1000000,Lomax (primary),4.0,v0.4: L = 90 days,90.0,259200.0,0.012821039665643229,68596993.64593193,22.671269709046577,47.602635580551265,0.011980671648061452,0.01228426208867231
registered,0.33,1000000,Lomax (primary),4.0,v0.4: L = 365 days,365.0,1051200.0,0.0016091846768949585,52689524.09305598,17.54536549149688,36.56370463202017,0.009202384155635113,0.009506828285541074
registered,0.33,1000000,exponential (comparison),1.0,v0.3: every absence vacates the seat,,,1.0,1469214400.0,473.9957651946182,1019.55601777376,1.0,1.0
registered,0.33,1000000,exponential (comparison),1.0,v0.4: L = 3 days,3.0,8640.0,0.6514390575310556,974673346.3375219,314.6385484925022,676.3710426620571,0.6633976268797269,0.6638003366197051
registered,0.33,1000000,exponential (comparison),1.0,v0.4: L = 7 days,7.0,20160.0,0.36787944117144233,572356694.1695716,184.99903434580798,397.1848573317021,0.38956648816508443,0.39029680838994235
registered,0.33,1000000,exponential (comparison),1.0,v0.4: L = 30 days,30.0,86400.0,0.013763786733050402,69934570.72714578,23.102280560841812,48.530842357171366,0.04759997637318677,0.04873942397218725
registered,0.33,1000000,exponential (comparison),1.0,v0.4: L = 90 days,90.0,259200.0,2.6074368808253605e-6,50410099.45230602,16.81086071430593,34.98190614873658,0.03431092116460744,0.035466267736386954
registered,0.33,1000000,exponential (comparison),1.0,v0.4: L = 365 days,365.0,1051200.0,2.2627932376753912e-23,50406400.0,16.80966863041635,34.979338927192146,0.03430840318472239,0.03546375276900303
registered,0.33,1000000,exponential (comparison),4.0,v0.3: every absence vacates the seat,,,4.0,5725638400.0,1845.5540548872236,3973.2860543134634,1.0,1.0
registered,0.33,1000000,exponential (comparison),4.0,v0.4: L = 3 days,3.0,8640.0,2.6057562301242223,3747474185.3500876,1208.1251880787595,2600.546153866652,0.6545076589800165,0.6546138190206433
registered,0.33,1000000,exponential (comparison),4.0,v0.4: L = 7 days,7.0,20160.0,1.4715177646857693,2138207576.6782868,689.5671314919829,1483.801412545232,0.37344439646735056,0.37363691931208176
registered,0.33,1000000,exponential (comparison),4.0,v0.4: L = 30 days,30.0,86400.0,0.05505514693220161,128519082.9085831,41.980116352118195,89.18535264710901,0.02244624510492718,0.022746619770334212
registered,0.33,1000000,exponential (comparison),4.0,v0.4: L = 90 days,90.0,259200.0,0.000010429747523301442,50421197.80922404,16.81443696597468,34.98960781336985,0.008806214134868182,0.009110779996634755
registered,0.33,1000000,exponential (comparison),4.0,v0.4: L = 365 days,365.0,1051200.0,9.051172950701565e-23,50406400.0,16.80966863041635,34.979338927192146,0.008803629652895998,0.009108196308800904
registered,0.4,10000,Lomax (primary),1.0,v0.3: every absence vacates the seat,,,1.0,547524400.0,10388.132147207321,25677.59940052642,1.0,1.0
registered,0.4,10000,Lomax (primary),1.0,v0.4: L = 3 days,3.0,8640.0,0.25298221281347033,175428864.0600921,3338.570686029593,8227.198814563244,0.32040373736785444,0.3213831551928335
registered,0.4,10000,Lomax (primary),1.0,v0.4: L = 7 days,7.0,20160.0,0.10475656017578482,101596480.67603983,1939.774209806426,4764.634656104229,0.18555607873555924,0.1867298357701295
registered,0.4,10000,Lomax (primary),1.0,v0.4: L = 30 days,30.0,86400.0,0.015625,57199337.5,1098.6450929799735,2682.5136456028413,0.10446902001079769,0.10575963776850164
registered,0.4,10000,Lomax (primary),1.0,v0.4: L = 90 days,90.0,259200.0,0.0032052599164108073,51012965.60644356,981.4407605625817,2392.3874352907196,0.09317021416112882,0.09447711548667831
registered,0.4,10000,Lomax (primary),1.0,v0.4: L = 365 days,365.0,1051200.0,0.00040229616922373963,49616786.940259695,954.9893620173494,2326.909957973123,0.09062022978384104,0.0919308060856814
registered,0.4,10000,Lomax (primary),4.0,v0.3: every absence vacates the seat,,,4.0,2041848400.0,38698.94983628115,95757.86074886494,1.0,1.0
registered,0.4,10000,Lomax (primary),4.0,v0.4: L = 3 days,3.0,8640.0,1.0119288512538813,553466256.2403684,10500.703991570228,25956.25840501224,0.271061385478162,0.2713433836317072
registered,0.4,10000,Lomax (primary),4.0,v0.4: L = 7 days,7.0,20160.0,0.41902624070313926,258136722.70415932,4905.518086677562,12106.001771176181,0.1264230599608469,0.12676101308771243
registered,0.4,10000,Lomax (primary),4.0,v0.4: L = 30 days,30.0,86400.0,0.0625,80548150.0,1541.001619371752,3777.5177291706304,0.03944864368970782,0.039820243853930834
registered,0.4,10000,Lomax (primary),4.0,v0.4: L = 90 days,90.0,259200.0,0.012821039665643229,55802662.42577422,1072.1842897021838,2617.012887922142,0.027329483631485185,0.027705772229947866
registered,0.4,10000,Lomax (primary),4.0,v0.4: L = 365 days,365.0,1051200.0,0.0016091846768949585,50217947.761038795,966.3786955212555,2355.1029786517583,0.024594356643244813,0.024971703356540528
registered,0.4,10000,exponential (comparison),1.0,v0.3: every absence vacates the seat,,,1.0,547524400.0,10388.132147207321,25677.59940052642,1.0,1.0
registered,0.4,10000,exponential (comparison),1.0,v0.4: L = 3 days,3.0,8640.0,0.6514390575310556,373903406.0686791,7098.783715283977,17535.185419177484,0.6828981613763315,0.6833551609364508
registered,0.4,10000,exponential (comparison),1.0,v0.4: L = 7 days,7.0,20160.0,0.36787944117144233,232660092.6830248,4422.848847703735,10911.20807840538,0.4249310034092084,0.4257597790467794
registered,0.4,10000,exponential (comparison),1.0,v0.4: L = 30 days,30.0,86400.0,0.013763786733050402,56272252.282026276,1081.080936486275,2639.035541545234,0.10277578913748187,0.10406884713888684
registered,0.4,10000,exponential (comparison),1.0,v0.4: L = 90 days,90.0,259200.0,2.6074368808253605e-6,49417698.78516983,951.2175237394371,2317.573194366264,0.09025661465529176,0.09156771499052949
registered,0.4,10000,exponential (comparison),1.0,v0.4: L = 365 days,365.0,1051200.0,2.2627932376753912e-23,49416400.0,951.1929175160475,2317.512284413578,0.09025424255065162,0.09156534630450962
registered,0.4,10000,exponential (comparison),4.0,v0.3: every absence vacates the seat,,,4.0,2041848400.0,38698.94983628115,95757.86074886494,1.0,1.0
registered,0.4,10000,exponential (comparison),4.0,v0.4: L = 3 days,3.0,8640.0,2.6057562301242223,1347364424.2747164,25541.55610858777,63188.2048234692,0.6598748586206088,0.6600064398812698
registered,0.4,10000,exponential (comparison),4.0,v0.4: L = 7 days,7.0,20160.0,1.4715177646857693,782391170.7320992,14837.816638266799,36692.29546038078,0.3831778944666505,0.3834165190796988
registered,0.4,10000,exponential (comparison),4.0,v0.4: L = 30 days,30.0,86400.0,0.05505514693220161,76839809.12810507,1470.744993396958,3603.6053129402,0.03763247512797967,0.038004777897567156
registered,0.4,10000,exponential (comparison),4.0,v0.4: L = 90 days,90.0,259200.0,0.000010429747523301442,49421595.14067934,951.2913424096059,2317.7559242243215,0.02420434109637098,0.02458183869159541
registered,0.4,10000,exponential (comparison),4.0,v0.4: L = 365 days,365.0,1051200.0,9.051172950701565e-23,49416400.0,951.1929175160475,2317.512284413578,0.02420179676414762,0.02457929534367577
registered,0.4,100000,Lomax (primary),1.0,v0.3: every absence vacates the seat,,,1.0,631314400.0,11978.09701700586,29607.152227341274,1.0,1.0
registered,0.4,100000,Lomax (primary),1.0,v0.4: L = 3 days,3.0,8640.0,0.25298221281347033,196693475.27257955,3743.9565201559944,9224.45878712738,0.3115618387170949,0.31256688895076784
registered,0.4,100000,Lomax (primary),1.0,v0.4: L = 7 days,7.0,20160.0,0.10475656017578482,110454604.762753,2110.1120923643343,5180.059725267858,0.17495974234510253,0.1761642178526781
registered,0.4,100000,Lomax (primary),1.0,v0.4: L = 30 days,30.0,86400.0,0.015625,58597150.0,1127.643131410958,2748.067745862206,0.09281769907355195,0.09414209367397765
registered,0.4,100000,Lomax (primary),1.0,v0.4: L = 90 days,90.0,259200.0,0.0032052599164108073,51371245.86144714,990.7442696478503,2409.18993187553,0.08137188991958229,0.0827129942461849
registered,0.4,100000,Lomax (primary),1.0,v0.4: L = 365 days,365.0,1051200.0,0.00040229616922373963,49740459.129623726,959.8480879266084,2332.7098911550515,0.07878872892749433,0.08013360440843545
registered,0.4,100000,Lomax (primary),4.0,v0.3: every absence vacates the seat,,,4.0,2376738400.0,45046.14695405699,111463.40969470606,1.0,1.0
registered,0.4,100000,Lomax (primary),4.0,v0.4: L = 3 days,3.0,8640.0,1.0119288512538813,638254701.0903182,12109.584966657529,29932.635933850477,0.26854225988451996,0.26882621013087343
registered,0.4,100000,Lomax (primary),4.0,v0.4: L = 7 days,7.0,20160.0,0.41902624070313926,293299219.05101204,5574.207255490888,13755.039686412392,0.12340408142983345,0.12374437398999025
registered,0.4,100000,Lomax (primary),4.0,v0.4: L = 30 days,30.0,86400.0,0.0625,85869400.0,1644.3314116773818,4027.0717687897804,0.03612909186808275,0.03650326438251093
registered,0.4,100000,Lomax (primary),4.0,v0.4: L = 90 days,90.0,259200.0,0.012821039665643229,56965783.445788555,1096.735964624951,2671.560512843077,0.023968049426806314,0.02434694283050497
registered,0.4,100000,Lomax (primary),4.0,v0.4: L = 365 days,365.0,1051200.0,0.0016091846768949585,50442636.518494904,973.1512377399836,2365.6403499611647,0.02122347016335281,0.021603429006536567
registered,0.4,100000,exponential (comparison),1.0,v0.3: every absence vacates the seat,,,1.0,631314400.0,11978.09701700586,29607.152227341274,1.0,1.0
registered,0.4,100000,exponential (comparison),1.0,v0.4: L = 3 days,3.0,8640.0,0.6514390575310556,428518855.1840284,8136.020133116308,20096.52081073953,0.6787725025502799,0.6792414622761214
registered,0.4,100000,exponential (comparison),1.0,v0.4: L = 7 days,7.0,20160.0,0.36787944117144233,263541601.90907452,5010.432281812723,12359.477822712966,0.417449058518346,0.41829952409795806
registered,0.4,100000,exponential (comparison),1.0,v0.4: L = 30 days,30.0,86400.0,0.013763786733050402,57514281.23158259,1107.1275669926276,2697.283761735172,0.09110243839136663,0.09242933709927272
registered,0.4,100000,exponential (comparison),1.0,v0.4: L = 90 days,90.0,259200.0,2.6074368808253605e-6,49507917.02763677,955.4424456064778,2321.80421656123,0.07842038297817501,0.07976579620702619
registered,0.4,100000,exponential (comparison),1.0,v0.4: L = 365 days,365.0,1051200.0,2.2627932376753912e-23,49506400.0,955.4137046554835,2321.733071553014,0.07841798001122736,0.07976339674816778
registered,0.4,100000,exponential (comparison),4.0,v0.3: every absence vacates the seat,,,4.0,2376738400.0,45046.14695405699,111463.40969470606,1.0,1.0
registered,0.4,100000,exponential (comparison),4.0,v0.4: L = 3 days,3.0,8640.0,2.6057562301242223,1565556220.7361135,29677.839418498777,73420.88402829907,0.6586994263803343,0.6588319184938836
registered,0.4,100000,exponential (comparison),4.0,v0.4: L = 7 days,7.0,20160.0,1.4715177646857693,905647207.6362982,17175.48801328444,42472.71207619283,0.3810462302608895,0.3812865067194735
registered,0.4,100000,exponential (comparison),4.0,v0.4: L = 30 days,30.0,86400.0,0.05505514693220161,81537924.92633034,1562.26915400406,3823.9358322816447,0.034306646842719564,0.03468152682619967
registered,0.4,100000,exponential (comparison),4.0,v0.4: L = 90 days,90.0,259200.0,0.000010429747523301442,49512468.110547036,955.5286684594606,2322.017651585876,0.020832106768901043,0.021212217538472574
registered,0.4,100000,exponential (comparison),4.0,v0.4: L = 365 days,365.0,1051200.0,9.051172950701565e-23,49506400.0,955.4137046554835,2321.733071553014,0.0208295536437666,0.021209665404455555
registered,0.4,290000,Lomax (primary),1.0,v0.3: every absence vacates the seat,,,1.0,808204400.0,15334.689519913882,37902.874861728196,1.0,1.0
registered,0.4,290000,Lomax (primary),1.0,v0.4: L = 3 days,3.0,8640.0,0.25298221281347033,241585432.27671975,4599.771058867288,11329.78539587389,0.29891625469586625,0.2999585386384217
registered,0.4,290000,Lomax (primary),1.0,v0.4: L = 7 days,7.0,20160.0,0.10475656017578482,129155088.94581419,2469.714288875475,6057.068204613301,0.15980498119759579,0.16105407844536163
registered,0.4,290000,Lomax (primary),1.0,v0.4: L = 30 days,30.0,86400.0,0.015625,61548087.5,1188.861212543036,2886.4597352986416,0.07615411089075981,0.07752756982781824
registered,0.4,290000,Lomax (primary),1.0,v0.4: L = 90 days,90.0,259200.0,0.0032052599164108073,52127615.28867693,1010.3850110500844,2444.6618691101303,0.06449805926406356,0.06588884696608834
registered,0.4,290000,Lomax (primary),1.0,v0.4: L = 365 days,365.0,1051200.0,0.00040229616922373963,50001544.862725556,970.1053981794882,2344.954194539123,0.06186744945056666,0.06326214801543216
registered,0.4,290000,Lomax (primary),4.0,v0.3: every absence vacates the seat,,,4.0,3083728400.0,58445.78531380599,144619.56858037066,1.0,1.0
registered,0.4,290000,Lomax (primary),4.0,v0.4: L = 3 days,3.0,8640.0,1.0119288512538813,817252529.106879,15506.111469619607,38327.21071695343,0.26502091724643423,0.2653076074923879
registered,0.4,290000,Lomax (primary),4.0,v0.4: L = 7 days,7.0,20160.0,0.41902624070313926,367531155.78325677,6985.884389652358,17236.34195191107,0.11918402275091956,0.11952759899013901
registered,0.4,290000,Lomax (primary),4.0,v0.4: L = 30 days,30.0,86400.0,0.0625,97103150.0,1862.4720843226003,4553.90807465243,0.031488878851976716,0.03186666197267521
registered,0.4,290000,Lomax (primary),4.0,v0.4: L = 90 days,90.0,259200.0,0.012821039665643229,59421261.15470771,1148.567278350793,2786.7166098983835,0.01926929140539994,0.01965184096995066
registered,0.4,290000,Lomax (primary),4.0,v0.4: L = 365 days,365.0,1051200.0,0.0016091846768949585,50916979.45090224,987.4488268684088,2387.885911614356,0.01651149934310111,0.01689512462817665
registered,0.4,290000,exponential (comparison),1.0,v0.3: every absence vacates the seat,,,1.0,808204400.0,15334.689519913882,37902.874861728196,1.0,1.0
registered,0.4,290000,exponential (comparison),1.0,v0.4: L = 3 days,3.0,8640.0,0.6514390575310556,543818136.649766,10325.741459651224,25503.7844151483,0.6728720316911984,0.6733583647873695
registered,0.4,290000,exponential (comparison),1.0,v0.4: L = 7 days,7.0,20160.0,0.36787944117144233,328735899.1640684,6250.8861982650305,15416.936171806765,0.4067484650715443,0.40763043752190264
registered,0.4,290000,exponential (comparison),1.0,v0.4: L = 30 days,30.0,86400.0,0.013763786733050402,60136342.34731259,1162.1148980615937,2820.252226580597,0.0744073434236594,0.0757833992369035
registered,0.4,290000,exponential (comparison),1.0,v0.4: L = 90 days,90.0,259200.0,2.6074368808253605e-6,49698377.76173361,964.3617251035635,2330.7363745283797,0.06149233753458111,0.06288759376909636
registered,0.4,290000,exponential (comparison),1.0,v0.4: L = 365 days,365.0,1051200.0,2.2627932376753912e-23,49696400.0,964.3242552831815,2330.643622180712,0.06148989042870838,0.06288515030127569
registered,0.4,290000,exponential (comparison),4.0,v0.3: every absence vacates the seat,,,4.0,3083728400.0,58445.78531380599,144619.56858037066,1.0,1.0
registered,0.4,290000,exponential (comparison),4.0,v0.4: L = 3 days,3.0,8640.0,2.6057562301242223,2026183346.5990639,38409.99307275535,95023.20679405108,0.6570563563895783,0.6571901269959015
registered,0.4,290000,exponential (comparison),4.0,v0.4: L = 7 days,7.0,20160.0,1.4715177646857693,1165854396.6562736,22110.572027210575,54675.813820684925,0.3780664978978932,0.378309092922525
registered,0.4,290000,exponential (comparison),4.0,v0.4: L = 30 days,30.0,86400.0,0.05505514693220161,91456169.38925038,1755.4868263968308,4289.078039780251,0.029657660314459076,0.030036157730986154
registered,0.4,290000,exponential (comparison),4.0,v0.4: L = 90 days,90.0,259200.0,0.000010429747523301442,49704311.04693441,964.4741345647092,2331.0146315713814,0.016118251869047355,0.01650203054653596
registered,0.4,290000,exponential (comparison),4.0,v0.4: L = 365 days,365.0,1051200.0,9.051172950701565e-23,49696400.0,964.3242552831815,2330.643622180712,0.016115686452801745,0.01649946613097164
registered,0.4,1000000,Lomax (primary),1.0,v0.3: every absence vacates the seat,,,1.0,1469214400.0,27877.745714991237,68902.68049548985,1.0,1.0
registered,0.4,1000000,Lomax (primary),1.0,v0.4: L = 3 days,3.0,8640.0,0.25298221281347033,409339587.39745426,7797.814861420016,19197.058512768752,0.278611200242425,0.27971468500865
registered,0.4,1000000,Lomax (primary),1.0,v0.4: L = 7 days,7.0,20160.0,0.10475656017578482,199035845.6298849,3813.4909179434226,9334.310416904162,0.13547093305775174,0.1367933747918764
registered,0.4,1000000,Lomax (primary),1.0,v0.4: L = 30 days,30.0,86400.0,0.015625,72575275.0,1417.623515720802,3403.6087484558498,0.049397334384961106,0.05085144007746925
registered,0.4,1000000,Lomax (primary),1.0,v0.4: L = 90 days,90.0,259200.0,0.0032052599164108073,54954048.41148299,1083.7793605005381,2577.2148977236366,0.03740369575160915,0.03887614771942398
registered,0.4,1000000,Lomax (primary),1.0,v0.4: L = 365 days,365.0,1051200.0,0.00040229616922373963,50977181.02326399,1008.4353470191975,2390.709222974337,0.03469689721477273,0.03617348968345429
registered,0.4,1000000,Lomax (primary),4.0,v0.3: every absence vacates the seat,,,4.0,5725638400.0,108518.1181318154,268518.89915311727,1.0,1.0
registered,0.4,1000000,Lomax (primary),4.0,v0.4: L = 3 days,3.0,8640.0,1.0119288512538813,1486139149.589817,28198.394717530533,69696.41122223288,0.2595586807559864,0.2598496472568603
registered,0.4,1000000,Lomax (primary),4.0,v0.4: L = 7 days,7.0,20160.0,0.41902624070313926,644924182.5195396,12261.098943624162,30245.418838774527,0.1126379518691819,0.11298665287146595
registered,0.4,1000000,Lomax (primary),4.0,v0.4: L = 30 days,30.0,86400.0,0.0625,139081900.0,2677.6293347336796,6522.612164981278,0.0242910729395695,0.02467449105117361
registered,0.4,1000000,Lomax (primary),4.0,v0.4: L = 90 days,90.0,259200.0,0.012821039665643229,68596993.64593193,1342.2527138526243,3217.036762052424,0.011980671648061452,0.012368927299515177
registered,0.4,1000000,Lomax (primary),4.0,v0.4: L = 365 days,365.0,1051200.0,0.0016091846768949585,52689524.09305598,1040.8766599272615,2471.014063055229,0.009202384155635113,0.00959173157299801
registered,0.4,1000000,exponential (comparison),1.0,v0.3: every absence vacates the seat,,,1.0,1469214400.0,27877.745714991237,68902.68049548985,1.0,1.0
registered,0.4,1000000,exponential (comparison),1.0,v0.4: L = 3 days,3.0,8640.0,0.6514390575310556,974673346.3375219,18508.3843114396,45709.874726360016,0.6633976268797269,0.663912516480367
registered,0.4,1000000,exponential (comparison),1.0,v0.4: L = 7 days,7.0,20160.0,0.36787944117144233,572356694.1695716,10886.2666229026,26842.17526578884,0.38956648816508443,0.39050024826966256
registered,0.4,1000000,exponential (comparison),1.0,v0.4: L = 30 days,30.0,86400.0,0.013763786733050402,69934570.72714578,1367.5938720561521,3279.765963634554,0.04759997637318677,0.049056831425244314
registered,0.4,1000000,exponential (comparison),1.0,v0.4: L = 90 days,90.0,259200.0,2.6074368808253605e-6,50410099.45230602,997.6916642768838,2364.114438510887,0.03431092116460744,0.035788104048182626
registered,0.4,1000000,exponential (comparison),1.0,v0.4: L = 365 days,365.0,1051200.0,2.2627932376753912e-23,50406400.0,997.6215760498428,2363.9409429473735,0.03430840318472239,0.03578558991996877
registered,0.4,1000000,exponential (comparison),4.0,v0.3: every absence vacates the seat,,,4.0,5725638400.0,108518.1181318154,268518.89915311727,1.0,1.0
registered,0.4,1000000,exponential (comparison),4.0,v0.4: L = 3 days,3.0,8640.0,2.6057562301242223,3747474185.3500876,71040.67251760888,175747.67607659794,0.6545076589800165,0.6546434249008705
registered,0.4,1000000,exponential (comparison),4.0,v0.4: L = 7 days,7.0,20160.0,1.4715177646857693,2138207576.6782868,40552.201763460864,100276.87823431325,0.37344439646735056,0.3736906100251636
registered,0.4,1000000,exponential (comparison),4.0,v0.4: L = 30 days,30.0,86400.0,0.05505514693220161,128519082.9085831,2477.5107600750803,6027.241025696094,0.02244624510492718,0.022830388166754638
registered,0.4,1000000,exponential (comparison),4.0,v0.4: L = 90 days,90.0,259200.0,0.000010429747523301442,50421197.80922404,997.9019289580069,2364.634925201425,0.008806214134868182,0.009195717232636395
registered,0.4,1000000,exponential (comparison),4.0,v0.4: L = 365 days,365.0,1051200.0,9.051172950701565e-23,50406400.0,997.6215760498428,2363.9409429473735,0.008803629652895998,0.009193133766271603
unregistered,0.05,10000,Lomax (primary),1.0,v0.3: every absence vacates the seat,,,1.0,547524400.0,1.7518418279354016e-17,2.582838633494554e-17,1.0,1.0
unregistered,0.05,10000,Lomax (primary),1.0,v0.4: L = 3 days,3.0,8640.0,0.25298221281347033,175428864.0600921,5.618496528267913e-18,8.275511511897372e-18,0.32040373736785444,0.32071939593367743
unregistered,0.05,10000,Lomax (primary),1.0,v0.4: L = 7 days,7.0,20160.0,0.10475656017578482,101596480.67603983,3.2572760886109772e-18,4.7926140883795966e-18,0.18555607873555924,0.18593437128109763
unregistered,0.05,10000,Lomax (primary),1.0,v0.4: L = 30 days,30.0,86400.0,0.015625,57199337.5,1.8374188779295715e-18,2.698266208872039e-18,0.10446902001079769,0.10488497583683254
unregistered,0.05,10000,Lomax (primary),1.0,v0.4: L = 90 days,90.0,259200.0,0.0032052599164108073,51012965.60644356,1.6395736087825398e-18,2.4064362862632492e-18,0.09317021416112882,0.09359141805141316
unregistered,0.05,10000,Lomax (primary),1.0,v0.4: L = 365 days,365.0,1051200.0,0.00040229616922373963,49616786.940259695,1.5949226649431952e-18,2.3405743046185847e-18,0.09062022978384104,0.09104261808971988
unregistered,0.05,10000,Lomax (primary),4.0,v0.3: every absence vacates the seat,,,4.0,2041848400.0,6.530813074083805e-17,9.632018100488383e-17,1.0,1.0
unregistered,0.05,10000,Lomax (primary),4.0,v0.4: L = 3 days,3.0,8640.0,1.0119288512538813,553466256.2403684,1.770844373649362e-17,2.6108681712691154e-17,0.271061385478162,0.2711522062507953
unregistered,0.05,10000,Lomax (primary),4.0,v0.4: L = 7 days,7.0,20160.0,0.41902624070313926,258136722.70415932,8.263561977865883e-18,1.2177092018620056e-17,0.1264230599608469,0.1265319016809429
unregistered,0.05,10000,Lomax (primary),4.0,v0.4: L = 30 days,30.0,86400.0,0.0625,80548150.0,2.5841331351402594e-18,3.799700500589825e-18,0.03944864368970782,0.039568321828025714
unregistered,0.05,10000,Lomax (primary),4.0,v0.4: L = 90 days,90.0,259200.0,0.012821039665643229,55802662.42577422,1.7927520585521327e-18,2.6323808101546628e-18,0.027329483631485185,0.02745067173437106
unregistered,0.05,10000,Lomax (primary),4.0,v0.4: L = 365 days,365.0,1051200.0,0.0016091846768949585,50217947.761038795,1.6141482831947543e-18,2.3689328835760074e-18,0.024594356643244813,0.024715885524272185
unregistered,0.05,10000,exponential (comparison),1.0,v0.3: every absence vacates the seat,,,1.0,547524400.0,1.7518418279354016e-17,2.582838633494554e-17,1.0,1.0
unregistered,0.05,10000,exponential (comparison),1.0,v0.4: L = 3 days,3.0,8640.0,0.6514390575310556,373903406.0686791,1.1965875874055776e-17,1.7638157539451874e-17,0.6828981613763315,0.6830454486954408
unregistered,0.05,10000,exponential (comparison),1.0,v0.4: L = 7 days,7.0,20160.0,0.36787944117144233,232660092.6830248,7.448798363550896e-18,1.0975282121749096e-17,0.4249310034092084,0.4251981111976033
unregistered,0.05,10000,exponential (comparison),1.0,v0.4: L = 30 days,30.0,86400.0,0.013763786733050402,56272252.282026276,1.8077699289772312e-18,2.654532787721781e-18,0.10277578913748187,0.10319253143462971
unregistered,0.05,10000,exponential (comparison),1.0,v0.4: L = 90 days,90.0,259200.0,2.6074368808253605e-6,49417698.78516983,1.5885556617456075e-18,2.3311827126011833e-18,0.09025661465529176,0.09067917185296165
unregistered,0.05,10000,exponential (comparison),1.0,v0.4: L = 365 days,365.0,1051200.0,2.2627932376753912e-23,49416400.0,1.588514125526009e-18,2.3311214449661106e-18,0.09025424255065162,0.0906768008501156
unregistered,0.05,10000,exponential (comparison),4.0,v0.3: every absence vacates the seat,,,4.0,2041848400.0,6.530813074083805e-17,9.632018100488383e-17,1.0,1.0
unregistered,0.05,10000,exponential (comparison),4.0,v0.4: L = 3 days,3.0,8640.0,2.6057562301242223,1347364424.2747164,4.309796111964508e-17,6.355926582290917e-17,0.6598748586206088,0.6599172358901301
unregistered,0.05,10000,exponential (comparison),4.0,v0.4: L = 7 days,7.0,20160.0,1.4715177646857693,782391170.7320992,2.5029651077625552e-17,3.690776415209805e-17,0.3831778944666505,0.38325474628803263
unregistered,0.05,10000,exponential (comparison),4.0,v0.4: L = 30 days,30.0,86400.0,0.05505514693220161,76839809.12810507,2.465537339330899e-18,3.62476681598879e-18,0.03763247512797967,0.037752379548495724
unregistered,0.05,10000,exponential (comparison),4.0,v0.4: L = 90 days,90.0,259200.0,0.000010429747523301442,49421595.14067934,1.5886802704044037e-18,2.3313665155064015e-18,0.02420434109637098,0.02432591857067164
unregistered,0.05,10000,exponential (comparison),4.0,v0.4: L = 365 days,365.0,1051200.0,9.051172950701565e-23,49416400.0,1.588514125526009e-18,2.3311214449661106e-18,0.02420179676414762,0.024323374555454698
unregistered,0.05,100000,Lomax (primary),1.0,v0.3: every absence vacates the seat,,,1.0,631314400.0,2.019945879971407e-17,2.978101473105919e-17,1.0,1.0
unregistered,0.05,100000,Lomax (primary),1.0,v0.4: L = 3 days,3.0,8640.0,0.25298221281347033,196693475.27257955,6.2999236102453044e-18,9.278627708469691e-18,0.3115618387170949,0.31188576252025535
unregistered,0.05,100000,Lomax (primary),1.0,v0.4: L = 7 days,7.0,20160.0,0.10475656017578482,110454604.762753,3.541933492528019e-18,5.210478664121818e-18,0.17495974234510253,0.1753479401427407
unregistered,0.05,100000,Lomax (primary),1.0,v0.4: L = 30 days,30.0,86400.0,0.015625,58597150.0,1.8834893719113515e-18,2.764205263412469e-18,0.09281769907355195,0.09324454633101423
unregistered,0.05,100000,Lomax (primary),1.0,v0.4: L = 90 days,90.0,259200.0,0.0032052599164108073,51371245.86144714,1.6523990052601504e-18,2.4233374523892066e-18,0.08137188991958229,0.0818041226571645
unregistered,0.05,100000,Lomax (primary),1.0,v0.4: L = 365 days,365.0,1051200.0,0.00040229616922373963,49740459.129623726,1.6002451022245009e-18,2.3464082968311378e-18,0.07878872892749433,0.07922217709353445
unregistered,0.05,100000,Lomax (primary),4.0,v0.3: every absence vacates the seat,,,4.0,2376738400.0,7.601955610349377e-17,1.1211795787055393e-16,1.0,1.0
unregistered,0.05,100000,Lomax (primary),4.0,v0.4: L = 3 days,3.0,8640.0,1.0119288512538813,638254701.0903182,2.0421415345618724e-17,3.010840978019596e-17,0.26854225988451996,0.2686337094341463
unregistered,0.05,100000,Lomax (primary),4.0,v0.4: L = 7 days,7.0,20160.0,0.41902624070313926,293299219.05101204,9.389454874749582e-18,1.3835813602804474e-17,0.12340408142983345,0.12351367669085946
unregistered,0.05,100000,Lomax (primary),4.0,v0.4: L = 30 days,30.0,86400.0,0.0625,85869400.0,2.7556783922829092e-18,4.050719999967075e-18,0.03612909186808275,0.0362495985708112
unregistered,0.05,100000,Lomax (primary),4.0,v0.4: L = 90 days,90.0,259200.0,0.012821039665643229,56965783.445788555,1.8313169256781063e-18,2.687248755874025e-18,0.023968049426806314,0.024090076547999485
unregistered,0.05,100000,Lomax (primary),4.0,v0.4: L = 365 days,365.0,1051200.0,0.0016091846768949585,50442636.518494904,1.622701313535508e-18,2.3795321336417496e-18,0.02122347016335281,0.021345840421987554
unregistered,0.05,100000,exponential (comparison),1.0,v0.3: every absence vacates the seat,,,1.0,631314400.0,2.019945879971407e-17,2.978101473105919e-17,1.0,1.0
unregistered,0.05,100000,exponential (comparison),1.0,v0.4: L = 3 days,3.0,8640.0,0.6514390575310556,428518855.1840284,1.3713890224742855e-17,2.0214533897487792e-17,0.6787725025502799,0.6789236464561605
unregistered,0.05,100000,exponential (comparison),1.0,v0.4: L = 7 days,7.0,20160.0,0.36787944117144233,263541601.90907452,8.437781765870836e-18,1.2432056561201652e-17,0.417449058518346,0.41772316028537737
unregistered,0.05,100000,exponential (comparison),1.0,v0.4: L = 30 days,30.0,86400.0,0.013763786733050402,57514281.23158259,1.8488583366899473e-18,2.7131230597687015e-18,0.09110243839136663,0.0915300927129849
unregistered,0.05,100000,exponential (comparison),1.0,v0.4: L = 90 days,90.0,259200.0,2.6074368808253605e-6,49507917.02763677,1.5928082142476323e-18,2.335438580688333e-18,0.07842038297817501,0.07885400445828673
unregistered,0.05,100000,exponential (comparison),1.0,v0.4: L = 365 days,365.0,1051200.0,2.2627932376753912e-23,49506400.0,1.5927596984541653e-18,2.335367017894267e-18,0.07841798001122736,0.0788516026219827
unregistered,0.05,100000,exponential (comparison),4.0,v0.3: every absence vacates the seat,,,4.0,2376738400.0,7.601955610349377e-17,1.1211795787055393e-16,1.0,1.0
unregistered,0.05,100000,exponential (comparison),4.0,v0.4: L = 3 days,3.0,8640.0,2.6057562301242223,1565556220.7361135,5.007728180360892e-17,7.385203453626837e-17,0.6586994263803343,0.6587420970392568
unregistered,0.05,100000,exponential (comparison),4.0,v0.4: L = 7 days,7.0,20160.0,1.4715177646857693,905647207.6362982,2.8972847968120844e-17,4.272212519112381e-17,0.3810462302608895,0.3811236141484031
unregistered,0.05,100000,exponential (comparison),4.0,v0.4: L = 30 days,30.0,86400.0,0.05505514693220161,81537924.92633034,2.617154251397293e-18,3.846391185392004e-18,0.034306646842719564,0.03442738139425957
unregistered,0.05,100000,exponential (comparison),4.0,v0.4: L = 90 days,90.0,259200.0,0.000010429747523301442,49512468.110547036,1.5929537616280337e-18,2.335653269070529e-18,0.020832106768901043,0.02095452595723357
unregistered,0.05,100000,exponential (comparison),4.0,v0.4: L = 365 days,365.0,1051200.0,9.051172950701565e-23,49506400.0,1.5927596984541653e-18,2.335367017894267e-18,0.0208295536437666,0.02095197315130026
unregistered,0.05,290000,Lomax (primary),1.0,v0.3: every absence vacates the seat,,,1.0,808204400.0,2.5859433231585277e-17,3.8125452456188e-17,1.0,1.0
unregistered,0.05,290000,Lomax (primary),1.0,v0.4: L = 3 days,3.0,8640.0,0.25298221281347033,241585432.27671975,7.738491894419801e-18,1.139631745678903e-17,0.29891625469586625,0.29925218488423166
unregistered,0.05,290000,Lomax (primary),1.0,v0.4: L = 7 days,7.0,20160.0,0.10475656017578482,129155088.94581419,4.142876900797331e-18,6.092637212910955e-18,0.15980498119759579,0.16020756772569672
unregistered,0.05,290000,Lomax (primary),1.0,v0.4: L = 30 days,30.0,86400.0,0.015625,61548087.5,1.980749303650664e-18,2.903409934108932e-18,0.07615411089075981,0.07659677943874398
unregistered,0.05,290000,Lomax (primary),1.0,v0.4: L = 90 days,90.0,259200.0,0.0032052599164108073,52127615.28867693,1.6794748422684402e-18,2.4590176919884513e-18,0.06449805926406356,0.06494631290747288
unregistered,0.05,290000,Lomax (primary),1.0,v0.4: L = 365 days,365.0,1051200.0,0.00040229616922373963,50001544.862725556,1.6114813587072575e-18,2.3587245026131934e-18,0.06186744945056666,0.06231696357285043
unregistered,0.05,290000,Lomax (primary),4.0,v0.3: every absence vacates the seat,,,4.0,3083728400.0,9.863256520243363e-17,1.454688201425242e-16,1.0,1.0
unregistered,0.05,290000,Lomax (primary),4.0,v0.4: L = 3 days,3.0,8640.0,1.0119288512538813,817252529.106879,2.6148799853771717e-17,3.8552280144928325e-17,0.26502091724643423,0.26511324936245834
unregistered,0.05,290000,Lomax (primary),4.0,v0.4: L = 7 days,7.0,20160.0,0.41902624070313926,367531155.78325677,1.1766339879281835e-17,1.733755916941603e-17,0.11918402275091956,0.11929467569998388
unregistered,0.05,290000,Lomax (primary),4.0,v0.4: L = 30 days,30.0,86400.0,0.0625,97103150.0,3.11782949069517e-18,4.580650054207935e-18,0.031488878851976716,0.03161054854749171
unregistered,0.05,290000,Lomax (primary),4.0,v0.4: L = 90 days,90.0,259200.0,0.012821039665643229,59421261.15470771,1.912731645166274e-18,2.8030810857260112e-18,0.01926929140539994,0.01939249619271871
unregistered,0.05,290000,Lomax (primary),4.0,v0.4: L = 365 days,365.0,1051200.0,0.0016091846768949585,50916979.45090224,1.6407577109215435e-18,2.4019083282249817e-18,0.01651149934310111,0.016635050579431345
unregistered,0.05,290000,exponential (comparison),1.0,v0.3: every absence vacates the seat,,,1.0,808204400.0,2.5859433231585277e-17,3.8125452456188e-17,1.0,1.0
unregistered,0.05,290000,exponential (comparison),1.0,v0.4: L = 3 days,3.0,8640.0,0.6514390575310556,543818136.649766,1.740414274286002e-17,2.5653550653341406e-17,0.6728720316911984,0.67302877781568
unregistered,0.05,290000,exponential (comparison),1.0,v0.4: L = 7 days,7.0,20160.0,0.36787944117144233,328735899.1640684,1.0525635615212934e-17,1.5507469266712605e-17,0.4067484650715443,0.40703272654702627
unregistered,0.05,290000,exponential (comparison),1.0,v0.4: L = 30 days,30.0,86400.0,0.013763786733050402,60136342.34731259,1.935600530750125e-18,2.836813634089979e-18,0.0744073434236594,0.07485084895000484
unregistered,0.05,290000,exponential (comparison),1.0,v0.4: L = 90 days,90.0,259200.0,2.6074368808253605e-6,49698377.76173361,1.6017858250852403e-18,2.344423191094537e-18,0.06149233753458111,0.0619420313949025
unregistered,0.05,290000,exponential (comparison),1.0,v0.4: L = 365 days,365.0,1051200.0,2.2627932376753912e-23,49696400.0,1.601722574635829e-18,2.3443298940759307e-18,0.06148989042870838,0.061939585461581195
unregistered,0.05,290000,exponential (comparison),4.0,v0.3: every absence vacates the seat,,,4.0,3083728400.0,9.863256520243363e-17,1.454688201425242e-16,1.0,1.0
unregistered,0.05,290000,exponential (comparison),4.0,v0.4: L = 3 days,3.0,8640.0,2.6057562301242223,2026183346.5990639,6.481140324753261e-17,9.558121293113783e-17,0.6570563563895783,0.6570994388568683
unregistered,0.05,290000,exponential (comparison),4.0,v0.4: L = 7 days,7.0,20160.0,1.4715177646857693,1165854396.6562736,3.729737473694425e-17,5.499688738462263e-17,0.3780664978978932,0.37814462860613085
unregistered,0.05,290000,exponential (comparison),4.0,v0.4: L = 30 days,30.0,86400.0,0.05505514693220161,91456169.38925038,2.937234399093014e-18,4.314264854132125e-18,0.029657660314459076,0.0297795600577216
unregistered,0.05,290000,exponential (comparison),4.0,v0.4: L = 90 days,90.0,259200.0,0.000010429747523301442,49704311.04693441,1.601975576433474e-18,2.3447030821503542e-18,0.016118251869047355,0.016241852507288813
unregistered,0.05,290000,exponential (comparison),4.0,v0.4: L = 365 days,365.0,1051200.0,9.051172950701565e-23,49696400.0,1.601722574635829e-18,2.3443298940759307e-18,0.016115686452801745,0.01623928741332491
unregistered,0.05,1000000,Lomax (primary),1.0,v0.3: every absence vacates the seat,,,1.0,1469214400.0,4.7009864003314544e-17,6.930729869219565e-17,1.0,1.0
unregistered,0.05,1000000,Lomax (primary),1.0,v0.4: L = 3 days,3.0,8640.0,0.25298221281347033,409339587.39745426,1.3114194430019238e-17,1.9309789674192882e-17,0.278611200242425,0.27896686595593195
unregistered,0.05,1000000,Lomax (primary),1.0,v0.4: L = 7 days,7.0,20160.0,0.10475656017578482,199035845.6298849,6.388507531698441e-18,9.389124421544044e-18,0.13547093305775174,0.13589717109685753
unregistered,0.05,1000000,Lomax (primary),1.0,v0.4: L = 30 days,30.0,86400.0,0.015625,72575275.0,2.344194311729149e-18,3.4235958088167663e-18,0.049397334384961106,0.04986600921806253
unregistered,0.05,1000000,Lomax (primary),1.0,v0.4: L = 90 days,90.0,259200.0,0.0032052599164108073,54954048.41148299,1.7806529700362594e-18,2.592349113648785e-18,0.03740369575160915,0.03787828379828349
unregistered,0.05,1000000,Lomax (primary),1.0,v0.4: L = 365 days,365.0,1051200.0,0.00040229616922373963,50977181.02326399,1.6534694750375584e-18,2.404748218956665e-18,0.03469689721477273,0.03517281979205421
unregistered,0.05,1000000,Lomax (primary),4.0,v0.3: every absence vacates the seat,,,4.0,5725638400.0,1.83133809730051e-16,2.7009572652725515e-16,1.0,1.0
unregistered,0.05,1000000,Lomax (primary),4.0,v0.4: L = 3 days,3.0,8640.0,1.0119288512538813,1486139149.589817,4.755113143686976e-17,7.010569045524403e-17,0.2595586807559864,0.2596523902766107
unregistered,0.05,1000000,Lomax (primary),4.0,v0.4: L = 7 days,7.0,20160.0,0.41902624070313926,644924182.5195396,2.0648383843586574e-17,3.042302944464868e-17,0.1126379518691819,0.1127502555318616
unregistered,0.05,1000000,Lomax (primary),4.0,v0.4: L = 30 days,30.0,86400.0,0.0625,139081900.0,4.471130963709406e-18,6.5609149937395705e-18,0.0242910729395695,0.024414557695818656
unregistered,0.05,1000000,Lomax (primary),4.0,v0.4: L = 90 days,90.0,259200.0,0.012821039665643229,68596993.64593193,2.2169655969378478e-18,3.2359282130676447e-18,0.011980671648061452,0.012105714396515714
unregistered,0.05,1000000,Lomax (primary),4.0,v0.4: L = 365 days,365.0,1051200.0,0.0016091846768949585,52689524.09305598,1.7082316169430447e-18,2.485524634299167e-18,0.009202384155635113,0.009327778521405027
unregistered,0.05,1000000,exponential (comparison),1.0,v0.3: every absence vacates the seat,,,1.0,1469214400.0,4.7009864003314544e-17,6.930729869219565e-17,1.0,1.0
unregistered,0.05,1000000,exponential (comparison),1.0,v0.4: L = 3 days,3.0,8640.0,0.6514390575310556,974673346.3375219,3.1194033731613645e-17,4.5978297477847e-17,0.6633976268797269,0.6635635816647807
unregistered,0.05,1000000,exponential (comparison),1.0,v0.4: L = 7 days,7.0,20160.0,0.36787944117144233,572356694.1695716,1.8327615789070244e-17,2.699980095572721e-17,0.38956648816508443,0.38986744968626186
unregistered,0.05,1000000,exponential (comparison),1.0,v0.4: L = 30 days,30.0,86400.0,0.013763786733050402,69934570.72714578,2.259742413817106e-18,3.2990257802379114e-18,0.04759997637318677,0.04806953735619778
unregistered,0.05,1000000,exponential (comparison),1.0,v0.4: L = 90 days,90.0,259200.0,2.6074368808253605e-6,50410099.45230602,1.63533373926788e-18,2.3779972615598254e-18,0.03431092116460744,0.034787034039336445
unregistered,0.05,1000000,exponential (comparison),1.0,v0.4: L = 365 days,365.0,1051200.0,2.2627932376753912e-23,50406400.0,1.6352154277357297e-18,2.3778227471758316e-18,0.03430840318472239,0.03478451730088891
unregistered,0.05,1000000,exponential (comparison),4.0,v0.3: every absence vacates the seat,,,4.0,5725638400.0,1.83133809730051e-16,2.7009572652725515e-16,1.0,1.0
unregistered,0.05,1000000,exponential (comparison),4.0,v0.4: L = 3 days,3.0,8640.0,2.6057562301242223,3747474185.3500876,1.1987048864324742e-16,1.767797216698605e-16,0.6545076589800165,0.6545513841487977
unregistered,0.05,1000000,exponential (comparison),4.0,v0.4: L = 7 days,7.0,20160.0,1.4715177646857693,2138207576.6782868,6.840481687307378e-17,1.0086573558138136e-16,0.37344439646735056,0.3735236927244954
unregistered,0.05,1000000,exponential (comparison),4.0,v0.4: L = 30 days,30.0,86400.0,0.05505514693220161,128519082.9085831,4.133323372061234e-18,6.062634879424152e-18,0.02244624510492718,0.022569963340761452
unregistered,0.05,1000000,exponential (comparison),4.0,v0.4: L = 90 days,90.0,259200.0,0.000010429747523301442,50421197.80922404,1.6356886738643314e-18,2.378520804711805e-18,0.008806214134868182,0.008931658639523875
unregistered,0.05,1000000,exponential (comparison),4.0,v0.4: L = 365 days,365.0,1051200.0,9.051172950701565e-23,50406400.0,1.6352154277357297e-18,2.3778227471758316e-18,0.008803629652895998,0.008929074484641173
unregistered,0.1,10000,Lomax (primary),1.0,v0.3: every absence vacates the seat,,,1.0,547524400.0,1.1224421691570583e-9,1.765237402320334e-9,1.0,1.0
unregistered,0.1,10000,Lomax (primary),1.0,v0.4: L = 3 days,3.0,8640.0,0.25298221281347033,175428864.0600921,3.6006241178685026e-10,5.65588661044958e-10,0.32040373736785444,0.3207848223104921
unregistered,0.1,10000,Lomax (primary),1.0,v0.4: L = 7 days,7.0,20160.0,0.10475656017578482,101596480.67603983,2.0878858801410733e-10,3.2755053041190596e-10,0.18555607873555924,0.18601277976833785
unregistered,0.1,10000,Lomax (primary),1.0,v0.4: L = 30 days,30.0,86400.0,0.015625,57199337.5,1.1782409106850064e-10,1.8441262150681151e-10,0.10446902001079769,0.10497119077144547
unregistered,0.1,10000,Lomax (primary),1.0,v0.4: L = 90 days,90.0,259200.0,0.0032052599164108073,51012965.60644356,1.0514894652182401e-10,1.6446754681942026e-10,0.09317021416112882,0.09367872074940815
unregistered,0.1,10000,Lomax (primary),1.0,v0.4: L = 365 days,365.0,1051200.0,0.00040229616922373963,49616786.940259695,1.0228834151595636e-10,1.5996621902129932e-10,0.09062022978384104,0.09113016628088177
unregistered,0.1,10000,Lomax (primary),4.0,v0.3: every absence vacates the seat,,,4.0,2041848400.0,4.184135359522188e-9,6.582989115275831e-9,1.0,1.0
unregistered,0.1,10000,Lomax (primary),4.0,v0.4: L = 3 days,3.0,8640.0,1.0119288512538813,553466256.2403684,1.1346163300413542e-9,1.784394150174327e-9,0.271061385478162,0.2711710383506625
unregistered,0.1,10000,Lomax (primary),4.0,v0.4: L = 7 days,7.0,20160.0,0.41902624070313926,258136722.70415932,5.295210349503825e-10,8.32241627642119e-10,0.1264230599608469,0.1265544705061482
unregistered,0.1,10000,Lomax (primary),4.0,v0.4: L = 30 days,30.0,86400.0,0.0625,80548150.0,1.6566304716795577e-10,2.5968999202174116e-10,0.03944864368970782,0.039593137633786746
unregistered,0.1,10000,Lomax (primary),4.0,v0.4: L = 90 days,90.0,259200.0,0.012821039665643229,55802662.42577422,1.1496246898124928e-10,1.7990969327217597e-10,0.027329483631485185,0.027475800638146076
unregistered,0.1,10000,Lomax (primary),4.0,v0.4: L = 365 days,365.0,1051200.0,0.0016091846768949585,50217947.761038795,1.0352004895777866e-10,1.6190438207969246e-10,0.024594356643244813,0.024741085089943233
unregistered,0.1,10000,exponential (comparison),1.0,v0.3: every absence vacates the seat,,,1.0,547524400.0,1.1224421691570583e-9,1.765237402320334e-9,1.0,1.0
unregistered,0.1,10000,exponential (comparison),1.0,v0.4: L = 3 days,3.0,8640.0,0.6514390575310556,373903406.0686791,7.667132811622523e-10,1.2054773764372878e-9,0.6828981613763315,0.683075976856826
unregistered,0.1,10000,exponential (comparison),1.0,v0.4: L = 7 days,7.0,20160.0,0.36787944117144233,232660092.6830248,4.773224323386602e-10,7.501041006234442e-10,0.4249310034092084,0.425253474481562
unregistered,0.1,10000,exponential (comparison),1.0,v0.4: L = 30 days,30.0,86400.0,0.013763786733050402,56272252.282026276,1.1592460307342169e-10,1.814236670384709e-10,0.10277578913748187,0.10327890938067641
unregistered,0.1,10000,exponential (comparison),1.0,v0.4: L = 90 days,90.0,259200.0,2.6074368808253605e-6,49417698.78516983,1.018804334259297e-10,1.5932435199633464e-10,0.09025661465529176,0.09076675505023192
unregistered,0.1,10000,exponential (comparison),1.0,v0.4: L = 365 days,365.0,1051200.0,2.2627932376753912e-23,49416400.0,1.0187777236868225e-10,1.5932016466850164e-10,0.09025424255065162,0.09076438427575412
unregistered,0.1,10000,exponential (comparison),4.0,v0.3: every absence vacates the seat,,,4.0,2041848400.0,4.184135359522188e-9,6.582989115275831e-9,1.0,1.0
unregistered,0.1,10000,exponential (comparison),4.0,v0.4: L = 3 days,3.0,8640.0,2.6057562301242223,1347364424.2747164,2.761219807542963e-9,4.343949011743646e-9,0.6598748586206088,0.6599260230095145
unregistered,0.1,10000,exponential (comparison),4.0,v0.4: L = 7 days,7.0,20160.0,1.4715177646857693,782391170.7320992,1.603656412248594e-9,2.5224559084882714e-9,0.3831778944666505,0.38327068186238733
unregistered,0.1,10000,exponential (comparison),4.0,v0.4: L = 30 days,30.0,86400.0,0.05505514693220161,76839809.12810507,1.5806509518764e-10,2.477341741483786e-10,0.03763247512797967,0.03777724227489868
unregistered,0.1,10000,exponential (comparison),4.0,v0.4: L = 90 days,90.0,259200.0,0.000010429747523301442,49421595.14067934,1.0188841659767204e-10,1.5933691397983368e-10,0.02420434109637098,0.024351128212378698
unregistered,0.1,10000,exponential (comparison),4.0,v0.4: L = 365 days,365.0,1051200.0,9.051172950701565e-23,49416400.0,1.0187777236868225e-10,1.5932016466850164e-10,0.02420179676414762,0.024348584262894473
unregistered,0.1,100000,Lomax (primary),1.0,v0.3: every absence vacates the seat,,,1.0,631314400.0,1.2942237357301224e-9,2.03537922968076e-9,1.0,1.0
unregistered,0.1,100000,Lomax (primary),1.0,v0.4: L = 3 days,3.0,8640.0,0.25298221281347033,196693475.27257955,4.0373684960091733e-10,6.341464952859218e-10,0.3115618387170949,0.31195290153842953
unregistered,0.1,100000,Lomax (primary),1.0,v0.4: L = 7 days,7.0,20160.0,0.10475656017578482,110454604.762753,2.2704360062364324e-10,3.5610942559951905e-10,0.17495974234510253,0.17542840109910288
unregistered,0.1,100000,Lomax (primary),1.0,v0.4: L = 30 days,30.0,86400.0,0.015625,58597150.0,1.2079380732795334e-10,1.8891921684106674e-10,0.09281769907355195,0.09333301808115026
unregistered,0.1,100000,Lomax (primary),1.0,v0.4: L = 90 days,90.0,259200.0,0.0032052599164108073,51371245.86144714,1.0598878412332133e-10,1.65622654622187e-10,0.08137188991958229,0.08189371064465055
unregistered,0.1,100000,Lomax (primary),1.0,v0.4: L = 365 days,365.0,1051200.0,0.00040229616922373963,49740459.129623726,1.0264749493050802e-10,1.6036494239196961e-10,0.07878872892749433,0.07931201700036859
unregistered,0.1,100000,Lomax (primary),4.0,v0.3: every absence vacates the seat,,,4.0,2376738400.0,4.870391136574829e-9,7.66268593547792e-9,1.0,1.0
unregistered,0.1,100000,Lomax (primary),4.0,v0.4: L = 3 days,3.0,8640.0,1.0119288512538813,638254701.0903182,1.3084435920580077e-9,2.0577549978985677e-9,0.26854225988451996,0.2686526719039221
unregistered,0.1,100000,Lomax (primary),4.0,v0.4: L = 7 days,7.0,20160.0,0.41902624070313926,293299219.05101204,6.016705961489117e-10,9.456067191529568e-10,0.12340408142983345,0.12353640175438663
unregistered,0.1,100000,Lomax (primary),4.0,v0.4: L = 30 days,30.0,86400.0,0.0625,85869400.0,1.7667142296615184e-10,2.7684588411914736e-10,0.03612909186808275,0.0362745861701774
unregistered,0.1,100000,Lomax (primary),4.0,v0.4: L = 90 days,90.0,259200.0,0.012821039665643229,56965783.445788555,1.174513301476239e-10,1.8365963524362839e-10,0.023968049426806314,0.02411537941287878
unregistered,0.1,100000,Lomax (primary),4.0,v0.4: L = 365 days,365.0,1051200.0,0.0016091846768949585,50442636.518494904,1.0408617337637069e-10,1.626287863227589e-10,0.02122347016335281,0.021371214437937474
unregistered,0.1,100000,exponential (comparison),1.0,v0.3: every absence vacates the seat,,,1.0,631314400.0,1.2942237357301224e-9,2.03537922968076e-9,1.0,1.0
unregistered,0.1,100000,exponential (comparison),1.0,v0.4: L = 3 days,3.0,8640.0,0.6514390575310556,428518855.1840284,8.787196425084071e-10,1.3815594533692704e-9,0.6787725025502799,0.678954973741605
unregistered,0.1,100000,exponential (comparison),1.0,v0.4: L = 7 days,7.0,20160.0,0.36787944117144233,263541601.90907452,5.407007571013137e-10,8.496671431580297e-10,0.417449058518346,0.41777997279294465
unregistered,0.1,100000,exponential (comparison),1.0,v0.4: L = 30 days,30.0,86400.0,0.013763786733050402,57514281.23158259,1.1857513725752508e-10,1.854280108750587e-10,0.09110243839136663,0.09161873174164294
unregistered,0.1,100000,exponential (comparison),1.0,v0.4: L = 90 days,90.0,259200.0,2.6074368808253605e-6,49507917.02763677,1.0217104365881148e-10,1.5961521869738802e-10,0.07842038297817501,0.07894388028757082
unregistered,0.1,100000,exponential (comparison),1.0,v0.4: L = 365 days,365.0,1051200.0,2.2627932376753912e-23,49506400.0,1.0216793544855382e-10,1.596103277483732e-10,0.07841798001122736,0.07894147868561295
unregistered,0.1,100000,exponential (comparison),4.0,v0.3: every absence vacates the seat,,,4.0,2376738400.0,4.870391136574829e-9,7.66268593547792e-9,1.0,1.0
unregistered,0.1,100000,exponential (comparison),4.0,v0.4: L = 3 days,3.0,8640.0,2.6057562301242223,1565556220.7361135,3.2083747636879672e-9,5.047406830231962e-9,0.6586994263803343,0.6587509449896671
unregistered,0.1,100000,exponential (comparison),4.0,v0.4: L = 7 days,7.0,20160.0,1.4715177646857693,905647207.6362982,1.8562992220595934e-9,2.9198375893869995e-9,0.3810462302608895,0.3811396600407462
unregistered,0.1,100000,exponential (comparison),4.0,v0.4: L = 30 days,30.0,86400.0,0.05505514693220161,81537924.92633034,1.6779674268443873e-10,2.628810602551152e-10,0.034306646842719564,0.034452416239087555
unregistered,0.1,100000,exponential (comparison),4.0,v0.4: L = 90 days,90.0,259200.0,0.000010429747523301442,49512468.110547036,1.0218036828958445e-10,1.596298915444324e-10,0.020832106768901043,0.020979910118973367
unregistered,0.1,100000,exponential (comparison),4.0,v0.4: L = 365 days,365.0,1051200.0,9.051172950701565e-23,49506400.0,1.0216793544855382e-10,1.596103277483732e-10,0.0208295536437666,0.020977357379227835
unregistered,0.1,290000,Lomax (primary),1.0,v0.3: every absence vacates the seat,,,1.0,808204400.0,1.656873709606591e-9,2.6056786429972147e-9,1.0,1.0
unregistered,0.1,290000,Lomax (primary),1.0,v0.4: L = 3 days,3.0,8640.0,0.25298221281347033,241585432.27671975,4.959384405417256e-10,7.788797009057346e-10,0.29891625469586625,0.29932181171459443
unregistered,0.1,290000,Lomax (primary),1.0,v0.4: L = 7 days,7.0,20160.0,0.10475656017578482,129155088.94581419,2.655819605771081e-10,4.1640042655114683e-10,0.15980498119759579,0.16029101013387922
unregistered,0.1,290000,Lomax (primary),1.0,v0.4: L = 30 days,30.0,86400.0,0.015625,61548087.5,1.2706320832013124e-10,1.9843314032449446e-10,0.07615411089075981,0.07668852947778453
unregistered,0.1,290000,Lomax (primary),1.0,v0.4: L = 90 days,90.0,259200.0,0.0032052599164108073,52127615.28867693,1.0776177461537125e-10,1.6806121553913908e-10,0.06449805926406356,0.06503922054563728
unregistered,0.1,290000,Lomax (primary),1.0,v0.4: L = 365 days,365.0,1051200.0,0.00040229616922373963,50001544.862725556,1.0340570769456158e-10,1.6120669173005132e-10,0.06186744945056666,0.062410132465143826
unregistered,0.1,290000,Lomax (primary),4.0,v0.3: every absence vacates the seat,,,4.0,3083728400.0,6.3191533325748484e-9,9.942045889237886e-9,1.0,1.0
unregistered,0.1,290000,Lomax (primary),4.0,v0.4: L = 3 days,3.0,8640.0,1.0119288512538813,817252529.106879,1.6754122563153877e-9,2.6348501208719654e-9,0.26502091724643423,0.26513239482237916
unregistered,0.1,290000,Lomax (primary),4.0,v0.4: L = 7 days,7.0,20160.0,0.41902624070313926,367531155.78325677,7.539863364569177e-10,1.1849330234536145e-9,0.11918402275091956,0.11931762006314427
unregistered,0.1,290000,Lomax (primary),4.0,v0.4: L = 30 days,30.0,86400.0,0.0625,97103150.0,1.9991132742901028e-10,3.1306387854700495e-10,0.031488878851976716,0.03163577728023779
unregistered,0.1,290000,Lomax (primary),4.0,v0.4: L = 90 days,90.0,259200.0,0.012821039665643229,59421261.15470771,1.227055926099703e-10,1.915761794055834e-10,0.01926929140539994,0.019418043233328502
unregistered,0.1,290000,Lomax (primary),4.0,v0.4: L = 365 days,365.0,1051200.0,0.0016091846768949585,50916979.45090224,1.052813249267316e-10,1.6415808416923245e-10,0.01651149934310111,0.01666066945772827
unregistered,0.1,290000,exponential (comparison),1.0,v0.3: every absence vacates the seat,,,1.0,808204400.0,1.656873709606591e-9,2.6056786429972147e-9,1.0,1.0
unregistered,0.1,290000,exponential (comparison),1.0,v0.4: L = 3 days,3.0,8640.0,0.6514390575310556,543818136.649766,1.1151775164614007e-9,1.7532882824479007e-9,0.6728720316911984,0.6730612659224275
unregistered,0.1,290000,exponential (comparison),1.0,v0.4: L = 7 days,7.0,20160.0,0.36787944117144233,328735899.1640684,6.744994427113602e-10,1.0598557885088216e-9,0.4067484650715443,0.407091644221643
unregistered,0.1,290000,exponential (comparison),1.0,v0.4: L = 30 days,30.0,86400.0,0.013763786733050402,60136342.34731259,1.241707094239655e-10,1.9388162564118857e-10,0.0744073434236594,0.07494277246601291
unregistered,0.1,290000,exponential (comparison),1.0,v0.4: L = 90 days,90.0,259200.0,2.6074368808253605e-6,49698377.76173361,1.0278455415045079e-10,1.60229270621834e-10,0.06149233753458111,0.06203523754073931
unregistered,0.1,290000,exponential (comparison),1.0,v0.4: L = 365 days,365.0,1051200.0,2.2627932376753912e-23,49696400.0,1.027805019505049e-10,1.6022289425032429e-10,0.06148989042870838,0.06203279185044777
unregistered,0.1,290000,exponential (comparison),4.0,v0.3: every absence vacates the seat,,,4.0,3083728400.0,6.3191533325748484e-9,9.942045889237886e-9,1.0,1.0
unregistered,0.1,290000,exponential (comparison),4.0,v0.4: L = 3 days,3.0,8640.0,2.6057562301242223,2026183346.5990639,4.152368559994088e-9,6.53248444704063e-9,0.6570563563895783,0.6571083721910785
unregistered,0.1,290000,exponential (comparison),4.0,v0.4: L = 7 days,7.0,20160.0,1.4715177646857693,1165854396.6562736,2.3896562649939256e-9,3.758754471284314e-9,0.3780664978978932,0.378160829343291
unregistered,0.1,290000,exponential (comparison),4.0,v0.4: L = 30 days,30.0,86400.0,0.05505514693220161,91456169.38925038,1.8834133184434721e-10,2.9485781981378144e-10,0.029657660314459076,0.02980483649185393
unregistered,0.1,290000,exponential (comparison),4.0,v0.4: L = 90 days,90.0,259200.0,0.000010429747523301442,49704311.04693441,1.0279671075028843e-10,1.6024839973636314e-10,0.016118251869047355,0.016267481629283733
unregistered,0.1,290000,exponential (comparison),4.0,v0.4: L = 365 days,365.0,1051200.0,9.051172950701565e-23,49696400.0,1.027805019505049e-10,1.6022289425032429e-10,0.016115686452801745,0.01626491660214632
unregistered,0.1,1000000,Lomax (primary),1.0,v0.3: every absence vacates the seat,,,1.0,1469214400.0,3.012039401460762e-9,4.736797503285019e-9,1.0,1.0
unregistered,0.1,1000000,Lomax (primary),1.0,v0.4: L = 3 days,3.0,8640.0,0.25298221281347033,409339587.39745426,8.404812277415881e-10,1.3197248376955612e-9,0.278611200242425,0.2790405820501472
unregistered,0.1,1000000,Lomax (primary),1.0,v0.4: L = 7 days,7.0,20160.0,0.10475656017578482,199035845.6298849,4.09593726719003e-10,6.416983774756505e-10,0.13547093305775174,0.13598551417367266
unregistered,0.1,1000000,Lomax (primary),1.0,v0.4: L = 30 days,30.0,86400.0,0.015625,72575275.0,1.504909699224803e-10,2.3398517018361903e-10,0.049397334384961106,0.04996314784245386
unregistered,0.1,1000000,Lomax (primary),1.0,v0.4: L = 90 days,90.0,259200.0,0.0032052599164108073,54954048.41148299,1.1438716013829459e-10,1.7717373264985473e-10,0.03740369575160915,0.03797664800892702
unregistered,0.1,1000000,Lomax (primary),1.0,v0.4: L = 365 days,365.0,1051200.0,0.00040229616922373963,50977181.02326399,1.062390290760248e-10,1.6435217609867243e-10,0.03469689721477273,0.03527146060058231
unregistered,0.1,1000000,Lomax (primary),4.0,v0.3: every absence vacates the seat,,,4.0,5725638400.0,1.1732948907101242e-8,1.8459654137498812e-8,1.0,1.0
unregistered,0.1,1000000,Lomax (primary),4.0,v0.4: L = 3 days,3.0,8640.0,1.0119288512538813,1486139149.589817,3.046716212224544e-9,4.791363475140978e-9,0.2595586807559864,0.2596718213253747
unregistered,0.1,1000000,Lomax (primary),4.0,v0.4: L = 7 days,7.0,20160.0,0.41902624070313926,644924182.5195396,1.3231662081342035e-9,2.0792576342613356e-9,0.1126379518691819,0.11277354215131469
unregistered,0.1,1000000,Lomax (primary),4.0,v0.4: L = 30 days,30.0,86400.0,0.0625,139081900.0,2.8675518094811275e-10,4.4840480509320953e-10,0.0242910729395695,0.024440162760323385
unregistered,0.1,1000000,Lomax (primary),4.0,v0.4: L = 90 days,90.0,259200.0,0.012821039665643229,68596993.64593193,1.4233994181137002e-10,2.2115905495815225e-10,0.011980671648061452,0.012131642517016357
unregistered,0.1,1000000,Lomax (primary),4.0,v0.4: L = 365 days,365.0,1051200.0,0.0016091846768949585,52689524.09305598,1.0974741756229087e-10,1.6987282875342323e-10,0.009202384155635113,0.009353779551180644
unregistered,0.1,1000000,exponential (comparison),1.0,v0.3: every absence vacates the seat,,,1.0,1469214400.0,3.012039401460762e-9,4.736797503285019e-9,1.0,1.0
unregistered,0.1,1000000,exponential (comparison),1.0,v0.4: L = 3 days,3.0,8640.0,0.6514390575310556,974673346.3375219,1.9987832559699554e-9,3.1423802226890974e-9,0.6633976268797269,0.663597977835415
unregistered,0.1,1000000,exponential (comparison),1.0,v0.4: L = 7 days,7.0,20160.0,0.36787944117144233,572356694.1695716,1.174484004727849e-9,1.845297568503885e-9,0.38956648816508443,0.3899298276636933
unregistered,0.1,1000000,exponential (comparison),1.0,v0.4: L = 30 days,30.0,86400.0,0.013763786733050402,69934570.72714578,1.4508047909855865e-10,2.25471449240937e-10,0.04759997637318677,0.048166859646058525
unregistered,0.1,1000000,exponential (comparison),1.0,v0.4: L = 90 days,90.0,259200.0,2.6074368808253605e-6,50410099.45230602,1.0507714598762924e-10,1.6252388570792165e-10,0.03431092116460744,0.03488571428935143
unregistered,0.1,1000000,exponential (comparison),1.0,v0.4: L = 365 days,365.0,1051200.0,2.2627932376753912e-23,50406400.0,1.0506956624726945e-10,1.6251195854708885e-10,0.03430840318472239,0.03488319780820709
unregistered,0.1,1000000,exponential (comparison),4.0,v0.3: every absence vacates the seat,,,4.0,5725638400.0,1.1732948907101242e-8,1.8459654137498812e-8,1.0,1.0
unregistered,0.1,1000000,exponential (comparison),4.0,v0.4: L = 3 days,3.0,8640.0,2.6057562301242223,3747474185.3500876,7.679924325138013e-9,1.2081985015115123e-8,0.6545076589800165,0.654560450739696
unregistered,0.1,1000000,exponential (comparison),4.0,v0.4: L = 7 days,7.0,20160.0,1.4715177646857693,2138207576.6782868,4.382727320169588e-9,6.893654398374274e-9,0.37344439646735056,0.373540135124682
unregistered,0.1,1000000,exponential (comparison),4.0,v0.4: L = 30 days,30.0,86400.0,0.05505514693220161,128519082.9085831,2.651132176524262e-10,4.143499213224815e-10,0.02244624510492718,0.0225956168182041
unregistered,0.1,1000000,exponential (comparison),4.0,v0.4: L = 90 days,90.0,259200.0,0.000010429747523301442,50421197.80922404,1.0509988520870859e-10,1.6255966719041995e-10,0.008806214134868182,0.008957670065800593
unregistered,0.1,1000000,exponential (comparison),4.0,v0.4: L = 365 days,365.0,1051200.0,9.051172950701565e-23,50406400.0,1.0506956624726945e-10,1.6251195854708885e-10,0.008803629652895998,0.00895508597874122
unregistered,0.15,10000,Lomax (primary),1.0,v0.3: every absence vacates the seat,,,1.0,547524400.0,0.000029230139921368867,0.000049255470696346864,1.0,1.0
unregistered,0.15,10000,Lomax (primary),1.0,v0.4: L = 3 days,3.0,8640.0,0.25298221281347033,175428864.0600921,9.37877185998027e-6,0.00001578163689692237,0.32040373736785444,0.32085962931446194
unregistered,0.15,10000,Lomax (primary),1.0,v0.4: L = 7 days,7.0,20160.0,0.10475656017578482,101596480.67603983,5.439800074940974e-6,9.13965199868837e-6,0.18555607873555924,0.18610243021670164
unregistered,0.15,10000,Lomax (primary),1.0,v0.4: L = 30 days,30.0,86400.0,0.015625,57199337.5,3.071203988896911e-6,5.145670753817919e-6,0.10446902001079769,0.10506976693093724
unregistered,0.15,10000,Lomax (primary),1.0,v0.4: L = 90 days,90.0,259200.0,0.0032052599164108073,51012965.60644356,2.741159864305608e-6,4.589142753385842e-6,0.09317021416112882,0.09377854063235827
unregistered,0.15,10000,Lomax (primary),1.0,v0.4: L = 365 days,365.0,1051200.0,0.00040229616922373963,49616786.940259695,2.666673465236444e-6,4.463542072614201e-6,0.09062022978384104,0.09123026685503331
unregistered,0.15,10000,Lomax (primary),4.0,v0.3: every absence vacates the seat,,,4.0,2041848400.0,0.00010895261133461673,0.00018368533718786362,1.0,1.0
unregistered,0.15,10000,Lomax (primary),4.0,v0.4: L = 3 days,3.0,8640.0,1.0119288512538813,553466256.2403684,0.00002954713908906235,0.00004979000199016568,0.271061385478162,0.27119257379079037
unregistered,0.15,10000,Lomax (primary),4.0,v0.4: L = 7 days,7.0,20160.0,0.41902624070313926,258136722.70415932,0.00001379125194890516,0.000023222062397229665,0.1264230599608469,0.1265802790770134
unregistered,0.15,10000,Lomax (primary),4.0,v0.4: L = 30 days,30.0,86400.0,0.0625,80548150.0,4.316867604728908e-6,7.24613741774787e-6,0.03944864368970782,0.03962151573835056
unregistered,0.15,10000,Lomax (primary),4.0,v0.4: L = 90 days,90.0,259200.0,0.012821039665643229,55802662.42577422,2.996691106363698e-6,5.020025416019556e-6,0.027329483631485185,0.027504536785816172
unregistered,0.15,10000,Lomax (primary),4.0,v0.4: L = 365 days,365.0,1051200.0,0.0016091846768949585,50217947.761038795,2.6987455100870426e-6,4.517622692932998e-6,0.024594356643244813,0.02476990204299573
unregistered,0.15,10000,exponential (comparison),1.0,v0.3: every absence vacates the seat,,,1.0,547524400.0,0.000029230139921368867,0.000049255470696346864,1.0,1.0
unregistered,0.15,10000,exponential (comparison),1.0,v0.4: L = 3 days,3.0,8640.0,0.6514390575310556,373903406.0686791,0.00001996742666411715,0.00003363647037626105,0.6828981613763315,0.6831108820495192
unregistered,0.15,10000,exponential (comparison),1.0,v0.4: L = 7 days,7.0,20160.0,0.36787944117144233,232660092.6830248,0.000012432068861056882,0.000020930176586391534,0.4249310034092084,0.4253167755782224
unregistered,0.15,10000,exponential (comparison),1.0,v0.4: L = 30 days,30.0,86400.0,0.013763786733050402,56272252.282026276,3.0217438150741285e-6,5.062269870155162e-6,0.10277578913748187,0.10337767192366619
unregistered,0.15,10000,exponential (comparison),1.0,v0.4: L = 90 days,90.0,259200.0,2.6074368808253605e-6,49417698.78516983,2.656052074056976e-6,4.445632038305194e-6,0.09025661465529176,0.09086689564955704
unregistered,0.15,10000,exponential (comparison),1.0,v0.4: L = 365 days,365.0,1051200.0,2.2627932376753912e-23,49416400.0,2.655982783619578e-6,4.445515199174603e-6,0.09025424255065162,0.0908645251361902
unregistered,0.15,10000,exponential (comparison),4.0,v0.3: every absence vacates the seat,,,4.0,2041848400.0,0.00010895261133461673,0.00018368533718786362,1.0,1.0
unregistered,0.15,10000,exponential (comparison),4.0,v0.4: L = 3 days,3.0,8640.0,2.6057562301242223,1347364424.2747164,0.00007190175830560985,0.00012120933590752038,0.6598748586206088,0.6599360715163054
unregistered,0.15,10000,exponential (comparison),4.0,v0.4: L = 7 days,7.0,20160.0,1.4715177646857693,782391170.7320992,0.000041760327093368795,0.00007038416074804233,0.3831778944666505,0.3832889049819459
unregistered,0.15,10000,exponential (comparison),4.0,v0.4: L = 30 days,30.0,86400.0,0.05505514693220161,76839809.12810507,4.11902690943778e-6,6.912533883096837e-6,0.03763247512797967,0.037805674035543475
unregistered,0.15,10000,exponential (comparison),4.0,v0.4: L = 90 days,90.0,259200.0,0.000010429747523301442,49421595.14067934,2.6562599453691693e-6,4.445982555696969e-6,0.02420434109637098,0.02437995668787807
unregistered,0.15,10000,exponential (comparison),4.0,v0.4: L = 365 days,365.0,1051200.0,9.051172950701565e-23,49416400.0,2.655982783619578e-6,4.445515199174603e-6,0.02420179676414762,0.024377412813562475
unregistered,0.15,100000,Lomax (primary),1.0,v0.3: every absence vacates the seat,,,1.0,631314400.0,0.00003370364737040474,0.00005679324598023723,1.0,1.0
unregistered,0.15,100000,Lomax (primary),1.0,v0.4: L = 3 days,3.0,8640.0,0.25298221281347033,196693475.27257955,0.00001051653784985824,0.00001769460814431497,0.3115618387170949,0.3120296665307755
unregistered,0.15,100000,Lomax (primary),1.0,v0.4: L = 7 days,7.0,20160.0,0.10475656017578482,110454604.762753,5.915677602060285e-6,9.936531683644336e-6,0.17495974234510253,0.17552039804614314
unregistered,0.15,100000,Lomax (primary),1.0,v0.4: L = 30 days,30.0,86400.0,0.015625,58597150.0,3.149072464963262e-6,5.2714184148038725e-6,0.09281769907355195,0.09343417435967097
unregistered,0.15,100000,Lomax (primary),1.0,v0.4: L = 90 days,90.0,259200.0,0.0032052599164108073,51371245.86144714,2.7635690961351833e-6,4.621373760079623e-6,0.08137188991958229,0.08199614319967875
unregistered,0.15,100000,Lomax (primary),1.0,v0.4: L = 365 days,365.0,1051200.0,0.00040229616922373963,49740459.129623726,2.6765663118602227e-6,4.474667662449418e-6,0.07878872892749433,0.07941473759337164
unregistered,0.15,100000,Lomax (primary),4.0,v0.3: every absence vacates the seat,,,4.0,2376738400.0,0.00012682235184413115,0.00021381214903679603,1.0,1.0
unregistered,0.15,100000,Lomax (primary),4.0,v0.4: L = 3 days,3.0,8640.0,1.0119288512538813,638254701.0903182,0.00003407391376194515,0.000057417597693107,0.26854225988451996,0.2686743564243558
unregistered,0.15,100000,Lomax (primary),4.0,v0.4: L = 7 days,7.0,20160.0,0.41902624070313926,293299219.05101204,0.00001567047277075333,0.000026385291850424462,0.12340408142983345,0.12356238898654755
unregistered,0.15,100000,Lomax (primary),4.0,v0.4: L = 30 days,30.0,86400.0,0.0625,85869400.0,4.6040522223652374e-6,7.724838775062604e-6,0.03612909186808275,0.03630316072377974
unregistered,0.15,100000,Lomax (primary),4.0,v0.4: L = 90 days,90.0,259200.0,0.012821039665643229,56965783.445788555,3.062038747052922e-6,5.124660156165605e-6,0.023968049426806314,0.024144314488161112
unregistered,0.15,100000,Lomax (primary),4.0,v0.4: L = 365 days,365.0,1051200.0,0.0016091846768949585,50442636.518494904,2.714027609953081e-6,4.537835765644785e-6,0.02122347016335281,0.02140023087798206
unregistered,0.15,100000,exponential (comparison),1.0,v0.3: every absence vacates the seat,,,1.0,631314400.0,0.00003370364737040474,0.00005679324598023723,1.0,1.0
unregistered,0.15,100000,exponential (comparison),1.0,v0.4: L = 3 days,3.0,8640.0,0.6514390575310556,428518855.1840284,0.000022884466239455013,0.000038549693701959245,0.6787725025502799,0.6789907925380777
unregistered,0.15,100000,exponential (comparison),1.0,v0.4: L = 7 days,7.0,20160.0,0.36787944117144233,263541601.90907452,0.000014082898200630323,0.000023708287064650873,0.417449058518346,0.41784493072392376
unregistered,0.15,100000,exponential (comparison),1.0,v0.4: L = 30 days,30.0,86400.0,0.013763786733050402,57514281.23158259,3.091301208907376e-6,5.174003192960293e-6,0.09110243839136663,0.09172007928203806
unregistered,0.15,100000,exponential (comparison),1.0,v0.4: L = 90 days,90.0,259200.0,2.6074368808253605e-6,49507917.02763677,2.6641601462107167e-6,4.453748100343902e-6,0.07842038297817501,0.07904664195336089
unregistered,0.15,100000,exponential (comparison),1.0,v0.4: L = 365 days,365.0,1051200.0,2.2627932376753912e-23,49506400.0,2.664079212495937e-6,4.453611628050962e-6,0.07841798001122736,0.07904424061934828
unregistered,0.15,100000,exponential (comparison),4.0,v0.3: every absence vacates the seat,,,4.0,2376738400.0,0.00012682235184413115,0.00021381214903679603,1.0,1.0
unregistered,0.15,100000,exponential (comparison),4.0,v0.4: L = 3 days,3.0,8640.0,2.6057562301242223,1565556220.7361135,0.00008354562732033224,0.0001408379399236841,0.6586994263803343,0.6587610630578162
unregistered,0.15,100000,exponential (comparison),4.0,v0.4: L = 7 days,7.0,20160.0,1.4715177646857693,905647207.6362982,0.00004833935516503348,0.00008147231337445061,0.3810462302608895,0.38115800931088345
unregistered,0.15,100000,exponential (comparison),4.0,v0.4: L = 30 days,30.0,86400.0,0.05505514693220161,81537924.92633034,4.372967198141692e-6,7.335177887688283e-6,0.034306646842719564,0.03448104482020813
unregistered,0.15,100000,exponential (comparison),4.0,v0.4: L = 90 days,90.0,259200.0,0.000010429747523301442,49512468.110547036,2.6644029473550568e-6,4.454157517222718e-6,0.020832106768901043,0.02100893816122962
unregistered,0.15,100000,exponential (comparison),4.0,v0.4: L = 365 days,365.0,1051200.0,9.051172950701565e-23,49506400.0,2.664079212495937e-6,4.453611628050962e-6,0.0208295536437666,0.02100638549717307
unregistered,0.15,290000,Lomax (primary),1.0,v0.3: every absence vacates the seat,,,1.0,808204400.0,0.000043147718651702694,0.00007270632713511689,1.0,1.0
unregistered,0.15,290000,Lomax (primary),1.0,v0.4: L = 3 days,3.0,8640.0,0.25298221281347033,241585432.27671975,0.000012918488272933952,0.000021733102999921573,0.29891625469586625,0.2994014209004805
unregistered,0.15,290000,Lomax (primary),1.0,v0.4: L = 7 days,7.0,20160.0,0.10475656017578482,129155088.94581419,6.920307937089944e-6,0.000011618833240773604,0.15980498119759579,0.16038641562841596
unregistered,0.15,290000,Lomax (primary),1.0,v0.4: L = 30 days,30.0,86400.0,0.015625,61548087.5,3.3134614699922267e-6,5.536885699107551e-6,0.07615411089075981,0.0767934336630674
unregistered,0.15,290000,Lomax (primary),1.0,v0.4: L = 90 days,90.0,259200.0,0.0032052599164108073,52127615.28867693,2.8108774744420655e-6,4.689416996433162e-6,0.06449805926406356,0.06514544829431307
unregistered,0.15,290000,Lomax (primary),1.0,v0.4: L = 365 days,365.0,1051200.0,0.00040229616922373963,50001544.862725556,2.6974512102882003e-6,4.498155018768208e-6,0.06186744945056666,0.06251665892379117
unregistered,0.15,290000,Lomax (primary),4.0,v0.3: every absence vacates the seat,,,4.0,3083728400.0,0.00016454735958643937,0.0002774131962734311,1.0,1.0
unregistered,0.15,290000,Lomax (primary),4.0,v0.4: L = 3 days,3.0,8640.0,1.0119288512538813,817252529.106879,0.000043630438071364395,0.00007352029973264979,0.26502091724643423,0.2651542885952213
unregistered,0.15,290000,Lomax (primary),4.0,v0.4: L = 7 days,7.0,20160.0,0.41902624070313926,367531155.78325677,0.000019637716727988356,0.000033063220696057924,0.11918402275091956,0.11934385806824416
unregistered,0.15,290000,Lomax (primary),4.0,v0.4: L = 30 days,30.0,86400.0,0.0625,97103150.0,5.210330859597488e-6,8.73543052939371e-6,0.031488878851976716,0.03166462757404757
unregistered,0.15,290000,Lomax (primary),4.0,v0.4: L = 90 days,90.0,259200.0,0.012821039665643229,59421261.15470771,3.199994877396841e-6,5.3455557186961524e-6,0.01926929140539994,0.019447257527799057
unregistered,0.15,290000,Lomax (primary),4.0,v0.4: L = 365 days,365.0,1051200.0,0.0016091846768949585,50916979.45090224,2.7462898207813826e-6,4.580507808036337e-6,0.01651149934310111,0.016689965902118974
unregistered,0.15,290000,exponential (comparison),1.0,v0.3: every absence vacates the seat,,,1.0,808204400.0,0.000043147718651702694,0.00007270632713511689,1.0,1.0
unregistered,0.15,290000,exponential (comparison),1.0,v0.4: L = 3 days,3.0,8640.0,0.6514390575310556,543818136.649766,0.000029042660898501613,0.000048922054056211015,0.6728720316911984,0.6730984118289075
unregistered,0.15,290000,exponential (comparison),1.0,v0.4: L = 7 days,7.0,20160.0,0.36787944117144233,328735899.1640684,0.000017567982361952035,0.000029573186963198368,0.4067484650715443,0.40715900888675993
unregistered,0.15,290000,exponential (comparison),1.0,v0.4: L = 30 days,30.0,86400.0,0.013763786733050402,60136342.34731259,3.2381445958886774e-6,5.409884652215569e-6,0.0744073434236594,0.07504787499954864
unregistered,0.15,290000,exponential (comparison),1.0,v0.4: L = 90 days,90.0,259200.0,2.6074368808253605e-6,49698377.76173361,2.681277187424171e-6,4.470882009092282e-6,0.06149233753458111,0.06214180659394752
unregistered,0.15,290000,exponential (comparison),1.0,v0.4: L = 365 days,365.0,1051200.0,2.2627932376753912e-23,49696400.0,2.6811716734571398e-6,4.470704089012165e-6,0.06148989042870838,0.06213936118152878
unregistered,0.15,290000,exponential (comparison),4.0,v0.3: every absence vacates the seat,,,4.0,3083728400.0,0.00016454735958643937,0.0002774131962734311,1.0,1.0
unregistered,0.15,290000,exponential (comparison),4.0,v0.4: L = 3 days,3.0,8640.0,2.6057562301242223,2026183346.5990639,0.00010812712857363502,0.00018227610395780755,0.6570563563895783,0.6571185878970857
unregistered,0.15,290000,exponential (comparison),4.0,v0.4: L = 7 days,7.0,20160.0,1.4715177646857693,1165854396.6562736,0.0000622284144274367,0.00010488063558575697,0.3780664978978932,0.37817935568116556
unregistered,0.15,290000,exponential (comparison),4.0,v0.4: L = 30 days,30.0,86400.0,0.05505514693220161,91456169.38925038,4.909063363183288e-6,8.227426341825783e-6,0.029657660314459076,0.029833741334539483
unregistered,0.15,290000,exponential (comparison),4.0,v0.4: L = 90 days,90.0,259200.0,0.000010429747523301442,49704311.04693441,2.6815937293252627e-6,4.4714157693326315e-6,0.016118251869047355,0.01629678978784572
unregistered,0.15,290000,exponential (comparison),4.0,v0.4: L = 365 days,365.0,1051200.0,9.051172950701565e-23,49696400.0,2.6811716734571398e-6,4.470704089012165e-6,0.016115686452801745,0.01629422483712768
unregistered,0.15,1000000,Lomax (primary),1.0,v0.3: every absence vacates the seat,,,1.0,1469214400.0,0.00007843872186076348,0.00013217099881914092,1.0,1.0
unregistered,0.15,1000000,Lomax (primary),1.0,v0.4: L = 3 days,3.0,8640.0,0.25298221281347033,409339587.39745426,0.00002189419774863793,0.00003682432061824098,0.278611200242425,0.2791248662554995
unregistered,0.15,1000000,Lomax (primary),1.0,v0.4: L = 7 days,7.0,20160.0,0.10475656017578482,199035845.6298849,0.000010674452873253406,0.000017905328533204024,0.13547093305775174,0.1360865223199534
unregistered,0.15,1000000,Lomax (primary),1.0,v0.4: L = 30 days,30.0,86400.0,0.015625,72575275.0,3.927757225626778e-6,6.528895024663403e-6,0.049397334384961106,0.0500742124865183
unregistered,0.15,1000000,Lomax (primary),1.0,v0.4: L = 90 days,90.0,259200.0,0.0032052599164108073,54954048.41148299,2.987661414430939e-6,4.943683827017439e-6,0.03740369575160915,0.03808911394214626
unregistered,0.15,1000000,Lomax (primary),1.0,v0.4: L = 365 days,365.0,1051200.0,0.00040229616922373963,50977181.02326399,2.7754947780980104e-6,4.585923560801581e-6,0.03469689721477273,0.03538424278540374
unregistered,0.15,1000000,Lomax (primary),4.0,v0.3: every absence vacates the seat,,,4.0,5725638400.0,0.00030551975693927534,0.00051508026752612,1.0,1.0
unregistered,0.15,1000000,Lomax (primary),4.0,v0.4: L = 3 days,3.0,8640.0,1.0119288512538813,1486139149.589817,0.00007934166049077314,0.00013369355472252027,0.2595586807559864,0.25969404167385146
unregistered,0.15,1000000,Lomax (primary),4.0,v0.4: L = 7 days,7.0,20160.0,0.41902624070313926,644924182.5195396,0.00003446268098923504,0.00005801758638237243,0.1126379518691819,0.11280017153222857
unregistered,0.15,1000000,Lomax (primary),4.0,v0.4: L = 30 days,30.0,86400.0,0.0625,139081900.0,7.475898398728526e-6,0.00001251185234820995,0.0242910729395695,0.02446944339581425
unregistered,0.15,1000000,Lomax (primary),4.0,v0.4: L = 90 days,90.0,259200.0,0.012821039665643229,68596993.64593193,3.715515153945169e-6,6.171007557626093e-6,0.011980671648061452,0.012161292582736832
unregistered,0.15,1000000,Lomax (primary),4.0,v0.4: L = 365 days,365.0,1051200.0,0.0016091846768949585,52689524.09305598,2.8668486086134576e-6,4.739966492762662e-6,0.009202384155635113,0.009383512992199939
unregistered,0.15,1000000,exponential (comparison),1.0,v0.3: every absence vacates the seat,,,1.0,1469214400.0,0.00007843872186076348,0.00013217099881914092,1.0,1.0
unregistered,0.15,1000000,exponential (comparison),1.0,v0.4: L = 3 days,3.0,8640.0,0.6514390575310556,974673346.3375219,0.00005205486199283364,0.00008768192695894128,0.6633976268797269,0.6636373051212664
unregistered,0.15,1000000,exponential (comparison),1.0,v0.4: L = 7 days,7.0,20160.0,0.36787944117144233,572356694.1695716,0.00003059119159636474,0.00005148939184724425,0.38956648816508443,0.3900011482934047
unregistered,0.15,1000000,exponential (comparison),1.0,v0.4: L = 30 days,30.0,86400.0,0.013763786733050402,69934570.72714578,3.7868751472398533e-6,6.291336421011604e-6,0.04759997637318677,0.04827813428630228
unregistered,0.15,1000000,exponential (comparison),1.0,v0.4: L = 90 days,90.0,259200.0,2.6074368808253605e-6,50410099.45230602,2.7452408677481284e-6,4.534908720730966e-6,0.03431092116460744,0.03499854157008325
unregistered,0.15,1000000,exponential (comparison),1.0,v0.4: L = 365 days,365.0,1051200.0,2.2627932376753912e-23,50406400.0,2.7450435012595285e-6,4.5345759168145535e-6,0.03430840318472239,0.034996025383129695
unregistered,0.15,1000000,exponential (comparison),4.0,v0.3: every absence vacates the seat,,,4.0,5725638400.0,0.00030551975693927534,0.00051508026752612,1.0,1.0
unregistered,0.15,1000000,exponential (comparison),4.0,v0.4: L = 3 days,3.0,8640.0,2.6057562301242223,3747474185.3500876,0.000199984317467556,0.00033712398008532143,0.6545076589800165,0.6545708188269624
unregistered,0.15,1000000,exponential (comparison),4.0,v0.4: L = 7 days,7.0,20160.0,1.4715177646857693,2138207576.6782868,0.00011412963588168036,0.00019235383963853335,0.37344439646735056,0.3735589378082826
unregistered,0.15,1000000,exponential (comparison),4.0,v0.4: L = 30 days,30.0,86400.0,0.05505514693220161,128519082.9085831,6.912370085180828e-6,0.000011561617933602755,0.02244624510492718,0.022624952816241998
unregistered,0.15,1000000,exponential (comparison),4.0,v0.4: L = 90 days,90.0,259200.0,0.000010429747523301442,50421197.80922404,2.745832967213928e-6,4.5359071324802026e-6,0.008806214134868182,0.0089874153957241
unregistered,0.15,1000000,exponential (comparison),4.0,v0.4: L = 365 days,365.0,1051200.0,9.051172950701565e-23,50406400.0,2.7450435012595285e-6,4.5345759168145535e-6,0.008803629652895998,0.008984831386224
unregistered,0.2,10000,Lomax (primary),1.0,v0.3: every absence vacates the seat,,,1.0,547524400.0,0.03024463485389762,0.054899049788048375,1.0,1.0
unregistered,0.2,10000,Lomax (primary),1.0,v0.4: L = 3 days,3.0,8640.0,0.25298221281347033,175428864.0600921,0.009706900235550077,0.01758986073003462,0.32040373736785444,0.32094618706560946
unregistered,0.2,10000,Lomax (primary),1.0,v0.4: L = 7 days,7.0,20160.0,0.10475656017578482,101596480.67603983,0.005631737408478044,0.010186852404978491,0.18555607873555924,0.18620616303298776
unregistered,0.2,10000,Lomax (primary),1.0,v0.4: L = 30 days,30.0,86400.0,0.015625,57199337.5,0.003181246455774056,0.0057352499308814045,0.10446902001079769,0.10518382751657157
unregistered,0.2,10000,Lomax (primary),1.0,v0.4: L = 90 days,90.0,259200.0,0.0032052599164108073,51012965.60644356,0.0028397909640296318,0.005114956225994941,0.09317021416112882,0.09389404030657915
unregistered,0.2,10000,Lomax (primary),1.0,v0.4: L = 365 days,365.0,1051200.0,0.00040229616922373963,49616786.940259695,0.002762729177052125,0.004974964506707473,0.09062022978384104,0.0913460913116659
unregistered,0.2,10000,Lomax (primary),4.0,v0.3: every absence vacates the seat,,,4.0,2041848400.0,0.11272353282913133,0.20473158268608105,1.0,1.0
unregistered,0.2,10000,Lomax (primary),4.0,v0.4: L = 3 days,3.0,8640.0,1.0119288512538813,553466256.2403684,0.030572594355741157,0.055494826454026015,0.271061385478162,0.27121749636860415
unregistered,0.2,10000,Lomax (primary),4.0,v0.4: L = 7 days,7.0,20160.0,0.41902624070313926,258136722.70415932,0.014271943047453032,0.02588279315380151,0.1264230599608469,0.12661014687223066
unregistered,0.2,10000,Lomax (primary),4.0,v0.4: L = 30 days,30.0,86400.0,0.0625,80548150.0,0.004469979236637083,0.008076383257413165,0.03944864368970782,0.039654357208736266
unregistered,0.2,10000,Lomax (primary),4.0,v0.4: L = 90 days,90.0,259200.0,0.012821039665643229,55802662.42577422,0.003104157269659385,0.0055952084378673075,0.027329483631485185,0.02753779261305384
unregistered,0.2,10000,Lomax (primary),4.0,v0.4: L = 365 days,365.0,1051200.0,0.0016091846768949585,50217947.761038795,0.0027959101217493567,0.005035241560717442,0.024594356643244813,0.02480325138485018
unregistered,0.2,10000,exponential (comparison),1.0,v0.3: every absence vacates the seat,,,1.0,547524400.0,0.03024463485389762,0.054899049788048375,1.0,1.0
unregistered,0.2,10000,exponential (comparison),1.0,v0.4: L = 3 days,3.0,8640.0,0.6514390575310556,373903406.0686791,0.020661660716548496,0.03749046016156592,0.6828981613763315,0.6831512701792739
unregistered,0.2,10000,exponential (comparison),1.0,v0.4: L = 7 days,7.0,20160.0,0.36787944117144233,232660092.6830248,0.012865765827341509,0.023328308312647487,0.4249310034092084,0.42539002006445126
unregistered,0.2,10000,exponential (comparison),1.0,v0.4: L = 30 days,30.0,86400.0,0.013763786733050402,56272252.282026276,0.0031300761827224273,0.005642293164864578,0.10277578913748187,0.10349194817007537
unregistered,0.2,10000,exponential (comparison),1.0,v0.4: L = 90 days,90.0,259200.0,2.6074368808253605e-6,49417698.78516983,0.0027517405483265377,0.004955002381661559,0.09025661465529176,0.09098276641855114
unregistered,0.2,10000,exponential (comparison),1.0,v0.4: L = 365 days,365.0,1051200.0,2.2627932376753912e-23,49416400.0,0.0027516688621530474,0.004954872155370818,0.09025424255065162,0.09098039620731081
unregistered,0.2,10000,exponential (comparison),4.0,v0.3: every absence vacates the seat,,,4.0,2041848400.0,0.11272353282913133,0.20473158268608105,1.0,1.0
unregistered,0.2,10000,exponential (comparison),4.0,v0.4: L = 3 days,3.0,8640.0,2.6057562301242223,1347364424.2747164,0.07439163627973483,0.13509722418015122,0.6598748586206088,0.6599477004726175
unregistered,0.2,10000,exponential (comparison),4.0,v0.4: L = 7 days,7.0,20160.0,1.4715177646857693,782391170.7320992,0.043208056722906896,0.0784486167844775,0.3831778944666505,0.38330999427069556
unregistered,0.2,10000,exponential (comparison),4.0,v0.4: L = 30 days,30.0,86400.0,0.05505514693220161,76839809.12810507,0.004265298144430567,0.007704556193345857,0.03763247512797967,0.03783857760114735
unregistered,0.2,10000,exponential (comparison),4.0,v0.4: L = 90 days,90.0,259200.0,0.000010429747523301442,49421595.14067934,0.002751955606847008,0.004955393060533785,0.02420434109637098,0.0244133193644532
unregistered,0.2,10000,exponential (comparison),4.0,v0.4: L = 365 days,365.0,1051200.0,9.051172950701565e-23,49416400.0,0.0027516688621530474,0.004954872155370818,0.02420179676414762,0.024410775577128903
unregistered,0.2,100000,Lomax (primary),1.0,v0.3: every absence vacates the seat,,,1.0,631314400.0,0.03487346279782938,0.06330048611077768,1.0,1.0
unregistered,0.2,100000,Lomax (primary),1.0,v0.4: L = 3 days,3.0,8640.0,0.25298221281347033,196693475.27257955,0.010884652534128441,0.019722015844359824,0.3115618387170949,0.3121184895583679
unregistered,0.2,100000,Lomax (primary),1.0,v0.4: L = 7 days,7.0,20160.0,0.10475656017578482,110454604.762753,0.006124716267107784,0.011075036740261406,0.17495974234510253,0.17562684562225359
unregistered,0.2,100000,Lomax (primary),1.0,v0.4: L = 30 days,30.0,86400.0,0.015625,58597150.0,0.0032624549900136584,0.005875405471039718,0.09281769907355195,0.09355121999002412
unregistered,0.2,100000,Lomax (primary),1.0,v0.4: L = 90 days,90.0,259200.0,0.0032052599164108073,51371245.86144714,0.0028636227352800657,0.0051508801876622495,0.08137188991958229,0.0821146655805659
unregistered,0.2,100000,Lomax (primary),1.0,v0.4: L = 365 days,365.0,1051200.0,0.00040229616922373963,49740459.129623726,0.0027736118056065624,0.004987364841160683,0.07878872892749433,0.0795335932564517
unregistered,0.2,100000,Lomax (primary),4.0,v0.3: every absence vacates the seat,,,4.0,2376738400.0,0.13121177230736303,0.23831025567950292,1.0,1.0
unregistered,0.2,100000,Lomax (primary),4.0,v0.4: L = 3 days,3.0,8640.0,1.0119288512538813,638254701.0903182,0.035256531252559245,0.06399637461383148,0.26854225988451996,0.2686994515246008
unregistered,0.2,100000,Lomax (primary),4.0,v0.4: L = 7 days,7.0,20160.0,0.41902624070313926,293299219.05101204,0.016216786184476625,0.029408458197437804,0.12340408142983345,0.12359246353664724
unregistered,0.2,100000,Lomax (primary),4.0,v0.4: L = 30 days,30.0,86400.0,0.0625,85869400.0,0.004767741076100122,0.00860993312055105,0.03612909186808275,0.03633622953382344
unregistered,0.2,100000,Lomax (primary),4.0,v0.4: L = 90 days,90.0,259200.0,0.012821039665643229,56965783.445788555,0.0031724120571657516,0.005711831987041176,0.023968049426806314,0.024177800523373694
unregistered,0.2,100000,Lomax (primary),4.0,v0.4: L = 365 days,365.0,1051200.0,0.0016091846768949585,50442636.518494904,0.0028123683384717393,0.005057770601034911,0.02122347016335281,0.021433811075150928
unregistered,0.2,100000,exponential (comparison),1.0,v0.3: every absence vacates the seat,,,1.0,631314400.0,0.03487346279782938,0.06330048611077768,1.0,1.0
unregistered,0.2,100000,exponential (comparison),1.0,v0.4: L = 3 days,3.0,8640.0,0.6514390575310556,428518855.1840284,0.023680205478326742,0.0429666293700618,0.6787725025502799,0.6790322376532296
unregistered,0.2,100000,exponential (comparison),1.0,v0.4: L = 7 days,7.0,20160.0,0.36787944117144233,263541601.90907452,0.014574320783241064,0.026424728330697783,0.417449058518346,0.41792009206921116
unregistered,0.2,100000,exponential (comparison),1.0,v0.4: L = 30 days,30.0,86400.0,0.013763786733050402,57514281.23158259,0.0032026862767554447,0.005766828636050683,0.09110243839136663,0.09183734621715824
unregistered,0.2,100000,exponential (comparison),1.0,v0.4: L = 90 days,90.0,259200.0,2.6074368808253605e-6,49507917.02763677,0.002760776693338588,0.004964048363511834,0.07842038297817501,0.07916554514082916
unregistered,0.2,100000,exponential (comparison),1.0,v0.4: L = 365 days,365.0,1051200.0,2.2627932376753912e-23,49506400.0,0.0027606929613181704,0.004963896254535941,0.07841798001122736,0.0791631441168499
unregistered,0.2,100000,exponential (comparison),4.0,v0.3: every absence vacates the seat,,,4.0,2376738400.0,0.13121177230736303,0.23831025567950292,1.0,1.0
unregistered,0.2,100000,exponential (comparison),4.0,v0.4: L = 3 days,3.0,8640.0,2.6057562301242223,1565556220.7361135,0.08643874302935246,0.15697482871663937,0.6586994263803343,0.6587727725136588
unregistered,0.2,100000,exponential (comparison),4.0,v0.4: L = 7 days,7.0,20160.0,1.4715177646857693,905647207.6362982,0.05001520424900975,0.09080722455918333,0.3810462302608895,0.38117924458675356
unregistered,0.2,100000,exponential (comparison),4.0,v0.4: L = 30 days,30.0,86400.0,0.05505514693220161,81537924.92633034,0.004528666223067267,0.00817562578059491,0.034306646842719564,0.03451417615531391
unregistered,0.2,100000,exponential (comparison),4.0,v0.4: L = 90 days,90.0,259200.0,0.000010429747523301442,49512468.110547036,0.0027610278893998395,0.004964504690439511,0.020832106768901043,0.021042531785426564
unregistered,0.2,100000,exponential (comparison),4.0,v0.4: L = 365 days,365.0,1051200.0,9.051172950701565e-23,49506400.0,0.0027606929613181704,0.004963896254535941,0.0208295536437666,0.021039979208963496
unregistered,0.2,290000,Lomax (primary),1.0,v0.3: every absence vacates the seat,,,1.0,808204400.0,0.04464543290168532,0.08103685168098401,1.0,1.0
unregistered,0.2,290000,Lomax (primary),1.0,v0.4: L = 3 days,3.0,8640.0,0.25298221281347033,241585432.27671975,0.013371018497793877,0.02422323219682415,0.29891625469586625,0.29949353447279786
unregistered,0.2,290000,Lomax (primary),1.0,v0.4: L = 7 days,7.0,20160.0,0.10475656017578482,129155088.94581419,0.007165449413103905,0.012950092559192009,0.15980498119759579,0.16049680666963398
unregistered,0.2,290000,Lomax (primary),1.0,v0.4: L = 30 days,30.0,86400.0,0.015625,61548087.5,0.003433895228963928,0.0061712893891517125,0.07615411089075981,0.07691481537486226
unregistered,0.2,290000,Lomax (primary),1.0,v0.4: L = 90 days,90.0,259200.0,0.0032052599164108073,52127615.28867693,0.0029139342523643147,0.005226719662293235,0.06449805926406356,0.06526836146445601
unregistered,0.2,290000,Lomax (primary),1.0,v0.4: L = 365 days,365.0,1051200.0,0.00040229616922373963,50001544.862725556,0.00279658624366593,0.005013543325006346,0.06186744945056666,0.06263991772292483
unregistered,0.2,290000,Lomax (primary),4.0,v0.3: every absence vacates the seat,,,4.0,3083728400.0,0.17024250009474098,0.30919856533228246,1.0,1.0
unregistered,0.2,290000,Lomax (primary),4.0,v0.4: L = 3 days,3.0,8640.0,1.0119288512538813,817252529.106879,0.04514484247917522,0.08194408739564302,0.26502091724643423,0.2651796258516636
unregistered,0.2,290000,Lomax (primary),4.0,v0.4: L = 7 days,7.0,20160.0,0.41902624070313926,367531155.78325677,0.02032256614041533,0.03685152884511444,0.11918402275091956,0.11937422282394641
unregistered,0.2,290000,Lomax (primary),4.0,v0.4: L = 30 days,30.0,86400.0,0.0625,97103150.0,0.005396349403855423,0.00973631616495325,0.031488878851976716,0.031698015482927715
unregistered,0.2,290000,Lomax (primary),4.0,v0.4: L = 90 days,90.0,259200.0,0.012821039665643229,59421261.15470771,0.0033165054974569706,0.005958037257519342,0.01926929140539994,0.01948106668787944
unregistered,0.2,290000,Lomax (primary),4.0,v0.4: L = 365 days,365.0,1051200.0,0.0016091846768949585,50916979.45090224,0.0028471134626634337,0.005105331908371788,0.01651149934310111,0.016723870132775293
unregistered,0.2,290000,exponential (comparison),1.0,v0.3: every absence vacates the seat,,,1.0,808204400.0,0.04464543290168532,0.08103685168098401,1.0,1.0
unregistered,0.2,290000,exponential (comparison),1.0,v0.4: L = 3 days,3.0,8640.0,0.6514390575310556,543818136.649766,0.030052688864303047,0.054527431032442016,0.6728720316911984,0.6731413923229891
unregistered,0.2,290000,exponential (comparison),1.0,v0.4: L = 7 days,7.0,20160.0,0.36787944117144233,328735899.1640684,0.018181270134584572,0.03296161503547064,0.4067484650715443,0.4072369546650369
unregistered,0.2,290000,exponential (comparison),1.0,v0.4: L = 30 days,30.0,86400.0,0.013763786733050402,60136342.34731259,0.0033559742530473694,0.006029736852999128,0.0744073434236594,0.075169486214584
unregistered,0.2,290000,exponential (comparison),1.0,v0.4: L = 90 days,90.0,259200.0,2.6074368808253605e-6,49698377.76173361,0.0027798529994751374,0.004983145436306856,0.06149233753458111,0.06226511467806152
unregistered,0.2,290000,exponential (comparison),1.0,v0.4: L = 365 days,365.0,1051200.0,2.2627932376753912e-23,49696400.0,0.0027797438373334295,0.0049829471305512,0.06148989042870838,0.062262669587161666
unregistered,0.2,290000,exponential (comparison),4.0,v0.3: every absence vacates the seat,,,4.0,3083728400.0,0.17024250009474098,0.30919856533228246,1.0,1.0
unregistered,0.2,290000,exponential (comparison),4.0,v0.4: L = 3 days,3.0,8640.0,2.6057562301242223,2026183346.5990639,0.11187152394521191,0.20316088273811447,0.6570563563895783,0.657130410343802
unregistered,0.2,290000,exponential (comparison),4.0,v0.4: L = 7 days,7.0,20160.0,1.4715177646857693,1165854396.6562736,0.06438584902633798,0.11689761875022896,0.3780664978978932,0.3782007958676997
unregistered,0.2,290000,exponential (comparison),4.0,v0.4: L = 30 days,30.0,86400.0,0.05505514693220161,91456169.38925038,0.005084665500189189,0.009170106020342916,0.029657660314459076,0.029867192371819857
unregistered,0.2,290000,exponential (comparison),4.0,v0.4: L = 90 days,90.0,259200.0,0.000010429747523301442,49704311.04693441,0.00278018048590026,0.0049837403535738225,0.016118251869047355,0.016330707575094777
unregistered,0.2,290000,exponential (comparison),4.0,v0.4: L = 365 days,365.0,1051200.0,9.051172950701565e-23,49696400.0,0.0027797438373334295,0.0049829471305512,0.016115686452801745,0.016328142712815456
unregistered,0.2,1000000,Lomax (primary),1.0,v0.3: every absence vacates the seat,,,1.0,1469214400.0,0.08116174223714699,0.14731484933807082,1.0,1.0
unregistered,0.2,1000000,Lomax (primary),1.0,v0.4: L = 3 days,3.0,8640.0,0.25298221281347033,409339587.39745426,0.022662175519912092,0.04104356698761191,0.278611200242425,0.27922238847085545
unregistered,0.2,1000000,Lomax (primary),1.0,v0.4: L = 7 days,7.0,20160.0,0.10475656017578482,199035845.6298849,0.011054504853405197,0.019956880093090577,0.13547093305775174,0.13620339520441752
unregistered,0.2,1000000,Lomax (primary),1.0,v0.4: L = 30 days,30.0,86400.0,0.015625,72575275.0,0.004074540332409673,0.00727696087262285,0.049397334384961106,0.05020272138200593
unregistered,0.2,1000000,Lomax (primary),1.0,v0.4: L = 90 days,90.0,259200.0,0.0032052599164108073,54954048.41148299,0.0031019404477844043,0.005510119804335341,0.03740369575160915,0.038219244218794926
unregistered,0.2,1000000,Lomax (primary),1.0,v0.4: L = 365 days,365.0,1051200.0,0.00040229616922373963,50977181.02326399,0.0028824380911509372,0.0051113681856927735,0.03469689721477273,0.035514738985379636
unregistered,0.2,1000000,Lomax (primary),4.0,v0.3: every absence vacates the seat,,,4.0,5725638400.0,0.31609416708967975,0.5740969856137217,1.0,1.0
unregistered,0.2,1000000,Lomax (primary),4.0,v0.4: L = 3 days,3.0,8640.0,1.0119288512538813,1486139149.589817,0.08209590022074016,0.14901185621188615,0.2595586807559864,0.2597197568579257
unregistered,0.2,1000000,Lomax (primary),4.0,v0.4: L = 7 days,7.0,20160.0,0.41902624070313926,644924182.5195396,0.035665217554712594,0.0646651086338008,0.1126379518691819,0.11283098920516917
unregistered,0.2,1000000,Lomax (primary),4.0,v0.4: L = 30 days,30.0,86400.0,0.0625,139081900.0,0.007745359470730498,0.013945431751929896,0.0242910729395695,0.024503329314941286
unregistered,0.2,1000000,Lomax (primary),4.0,v0.4: L = 90 days,90.0,259200.0,0.012821039665643229,68596993.64593193,0.0038549599322294215,0.0068780674787798585,0.011980671648061452,0.012195606036399029
unregistered,0.2,1000000,Lomax (primary),4.0,v0.4: L = 365 days,365.0,1051200.0,0.0016091846768949585,52689524.09305598,0.0029769505056955557,0.005283061004209592,0.009202384155635113,0.009417922934499955
unregistered,0.2,1000000,exponential (comparison),1.0,v0.3: every absence vacates the seat,,,1.0,1469214400.0,0.08116174223714699,0.14731484933807082,1.0,1.0
unregistered,0.2,1000000,exponential (comparison),1.0,v0.4: L = 3 days,3.0,8640.0,0.6514390575310556,974673346.3375219,0.05386565309610923,0.0977283214550207,0.6633976268797269,0.6636828093058778
unregistered,0.2,1000000,exponential (comparison),1.0,v0.4: L = 7 days,7.0,20160.0,0.36787944117144233,572356694.1695716,0.03165987034223661,0.05738892851120076,0.38956648816508443,0.39008367082275586
unregistered,0.2,1000000,exponential (comparison),1.0,v0.4: L = 30 days,30.0,86400.0,0.013763786733050402,69934570.72714578,0.0039287872170856155,0.007012183347911739,0.04759997637318677,0.04840688616079813
unregistered,0.2,1000000,exponential (comparison),1.0,v0.4: L = 90 days,90.0,259200.0,2.6074368808253605e-6,50410099.45230602,0.0028511381434590858,0.005054508182014569,0.03431092116460744,0.035129089948911243
unregistered,0.2,1000000,exponential (comparison),1.0,v0.4: L = 365 days,365.0,1051200.0,2.2627932376753912e-23,50406400.0,0.002850933952969398,0.005054137246187168,0.03430840318472239,0.03512657410235523
unregistered,0.2,1000000,exponential (comparison),4.0,v0.3: every absence vacates the seat,,,4.0,5725638400.0,0.31609416708967975,0.5740969856137217,1.0,1.0
unregistered,0.2,1000000,exponential (comparison),4.0,v0.4: L = 3 days,3.0,8640.0,2.6057562301242223,3747474185.3500876,0.20690981052552873,0.37575087408152125,0.6545076589800165,0.6545828176159477
unregistered,0.2,1000000,exponential (comparison),4.0,v0.4: L = 7 days,7.0,20160.0,1.4715177646857693,2138207576.6782868,0.11808667951003823,0.21439330230624157,0.37344439646735056,0.37358069779419756
unregistered,0.2,1000000,exponential (comparison),4.0,v0.4: L = 30 days,30.0,86400.0,0.05505514693220161,128519082.9085831,0.007162347009434267,0.012886321653085453,0.02244624510492718,0.022658902805385277
unregistered,0.2,1000000,exponential (comparison),4.0,v0.4: L = 90 days,90.0,259200.0,0.000010429747523301442,50421197.80922404,0.0028517507149281476,0.005055620989496771,0.008806214134868182,0.009021839096825445
unregistered,0.2,1000000,exponential (comparison),4.0,v0.4: L = 365 days,365.0,1051200.0,9.051172950701565e-23,50406400.0,0.002850933952969398,0.005054137246187168,0.008803629652895998,0.009019255177083206
unregistered,0.25,10000,Lomax (primary),1.0,v0.3: every absence vacates the seat,,,1.0,547524400.0,5.205641309997043,10.244379678185073,1.0,1.0
unregistered,0.25,10000,Lomax (primary),1.0,v0.4: L = 3 days,3.0,8640.0,0.25298221281347033,175428864.0600921,1.6712599417078402,3.2823375359057954,0.32040373736785444,0.3210478483214568
unregistered,0.25,10000,Lomax (primary),1.0,v0.4: L = 7 days,7.0,20160.0,0.10475656017578482,101596480.67603983,0.9699567144336423,1.9009069221622723,0.18555607873555924,0.1863279962395629
unregistered,0.25,10000,Lomax (primary),1.0,v0.4: L = 30 days,30.0,86400.0,0.015625,57199337.5,0.5482466413732529,1.0702203055985255,0.10446902001079769,0.10531779059006359
unregistered,0.25,10000,Lomax (primary),1.0,v0.4: L = 90 days,90.0,259200.0,0.0032052599164108073,51012965.60644356,0.4894848572452514,0.9544710485644191,0.09317021416112882,0.09402969357593512
unregistered,0.25,10000,Lomax (primary),1.0,v0.4: L = 365 days,365.0,1051200.0,0.00040229616922373963,49616786.940259695,0.4762231344135106,0.9283480404300428,0.09062022978384104,0.09148212603487679
unregistered,0.25,10000,Lomax (primary),4.0,v0.3: every absence vacates the seat,,,4.0,2041848400.0,19.39960601437431,38.203722527972644,1.0,1.0
unregistered,0.25,10000,Lomax (primary),4.0,v0.4: L = 3 days,3.0,8640.0,1.0119288512538813,553466256.2403684,5.262080541217497,10.355553958855536,0.271061385478162,0.27124677363646
unregistered,0.25,10000,Lomax (primary),4.0,v0.4: L = 7 days,7.0,20160.0,0.41902624070313926,258136722.70415932,2.456867632120705,4.829831503881444,0.1264230599608469,0.12664523342898135
unregistered,0.25,10000,Lomax (primary),4.0,v0.4: L = 30 days,30.0,86400.0,0.0625,80548150.0,0.7700273398791477,1.5070850376264564,0.03944864368970782,0.03969293702710195
unregistered,0.25,10000,Lomax (primary),4.0,v0.4: L = 90 days,90.0,259200.0,0.012821039665643229,55802662.42577422,0.5349802033671416,1.0440880094900302,0.027329483631485185,0.02757685918831255
unregistered,0.25,10000,Lomax (primary),4.0,v0.4: L = 365 days,365.0,1051200.0,0.0016091846768949585,50217947.761038795,0.48193331204017853,0.9395959769525255,0.024594356643244813,0.02484242781441467
unregistered,0.25,10000,exponential (comparison),1.0,v0.3: every absence vacates the seat,,,1.0,547524400.0,5.205641309997043,10.244379678185073,1.0,1.0
unregistered,0.25,10000,exponential (comparison),1.0,v0.4: L = 3 days,3.0,8640.0,0.6514390575310556,373903406.0686791,3.556487405087486,6.995868046673641,0.6828981613763315,0.6831987056537143
unregistered,0.25,10000,exponential (comparison),1.0,v0.4: L = 7 days,7.0,20160.0,0.36787944117144233,232660092.6830248,2.214875676355783,4.353154535956087,0.4249310034092084,0.42547604501721636
unregistered,0.25,10000,exponential (comparison),1.0,v0.4: L = 30 days,30.0,86400.0,0.013763786733050402,56272252.282026276,0.5394406429004525,1.0528742056494533,0.10277578913748187,0.1036261645350972
unregistered,0.25,10000,exponential (comparison),1.0,v0.4: L = 90 days,90.0,259200.0,2.6074368808253605e-6,49417698.78516983,0.47433207849363973,0.924623028996452,0.09025661465529176,0.09111885553519038
unregistered,0.25,10000,exponential (comparison),1.0,v0.4: L = 365 days,365.0,1051200.0,2.2627932376753912e-23,49416400.0,0.47431974187128795,0.924598728255882,0.09025424255065162,0.09111648567879475
unregistered,0.25,10000,exponential (comparison),4.0,v0.3: every absence vacates the seat,,,4.0,2041848400.0,19.39960601437431,38.203722527972644,1.0,1.0
unregistered,0.25,10000,exponential (comparison),4.0,v0.4: L = 3 days,3.0,8640.0,2.6057562301242223,1347364424.2747164,12.802990394736081,25.209676001926915,0.6598748586206088,0.6599613613415444
unregistered,0.25,10000,exponential (comparison),4.0,v0.4: L = 7 days,7.0,20160.0,1.4715177646857693,782391170.7320992,7.436543479809268,14.638821959056699,0.3831778944666505,0.38333476846380776
unregistered,0.25,10000,exponential (comparison),4.0,v0.4: L = 30 days,30.0,86400.0,0.05505514693220161,76839809.12810507,0.7348033459879459,1.4377006378301669,0.03763247512797967,0.03787723036454899
unregistered,0.25,10000,exponential (comparison),4.0,v0.4: L = 90 days,90.0,259200.0,0.000010429747523301442,49421595.14067934,0.4743690883606951,0.9246959312181622,0.02420434109637098,0.024452511458697
unregistered,0.25,10000,exponential (comparison),4.0,v0.4: L = 365 days,365.0,1051200.0,9.051172950701565e-23,49416400.0,0.47431974187128795,0.924598728255882,0.02420179676414762,0.024449967773563883
unregistered,0.25,100000,Lomax (primary),1.0,v0.3: every absence vacates the seat,,,1.0,631314400.0,6.0023568727617835,11.812120902567269,1.0,1.0
unregistered,0.25,100000,Lomax (primary),1.0,v0.4: L = 3 days,3.0,8640.0,0.25298221281347033,196693475.27257955,1.8740727353425801,3.680206107552489,0.3115618387170949,0.31222281098396076
unregistered,0.25,100000,Lomax (primary),1.0,v0.4: L = 7 days,7.0,20160.0,0.10475656017578482,110454604.762753,1.0549254258154361,2.066645629662369,0.17495974234510253,0.1757518668379422
unregistered,0.25,100000,Lomax (primary),1.0,v0.4: L = 30 days,30.0,86400.0,0.015625,58597150.0,0.5623529431668561,1.0963738833549015,0.09281769907355195,0.09368868847481711
unregistered,0.25,100000,Lomax (primary),1.0,v0.4: L = 90 days,90.0,259200.0,0.0032052599164108073,51371245.86144714,0.4937170728336265,0.9611746018005007,0.08137188991958229,0.08225386848857241
unregistered,0.25,100000,Lomax (primary),1.0,v0.4: L = 365 days,365.0,1051200.0,0.00040229616922373963,49740459.129623726,0.478226905164588,0.9306619918511622,0.07878872892749433,0.07967318759981491
unregistered,0.25,100000,Lomax (primary),4.0,v0.3: every absence vacates the seat,,,4.0,2376738400.0,22.581416467717755,44.46963562778591,1.0,1.0
unregistered,0.25,100000,Lomax (primary),4.0,v0.4: L = 3 days,3.0,8640.0,1.0119288512538813,638254701.0903182,6.068279918040939,11.941976447726793,0.26854225988451996,0.26872893145193577
unregistered,0.25,100000,Lomax (primary),4.0,v0.4: L = 7 days,7.0,20160.0,0.41902624070313926,293299219.05101204,2.791690679932364,5.487734536166315,0.12340408142983345,0.12362779296521752
unregistered,0.25,100000,Lomax (primary),4.0,v0.4: L = 30 days,30.0,86400.0,0.0625,85869400.0,0.8214007493380431,1.6066475509364426,0.03612909186808275,0.03637507640463176
unregistered,0.25,100000,Lomax (primary),4.0,v0.4: L = 90 days,90.0,259200.0,0.012821039665643229,56965783.445788555,0.5468572680051248,1.0658504247188396,0.023968049426806314,0.02421713752044334
unregistered,0.25,100000,Lomax (primary),4.0,v0.4: L = 365 days,365.0,1051200.0,0.0016091846768949585,50442636.518494904,0.48489659732897095,0.9437999849214855,0.02122347016335281,0.02147325868694623
unregistered,0.25,100000,exponential (comparison),1.0,v0.3: every absence vacates the seat,,,1.0,631314400.0,6.0023568727617835,11.812120902567269,1.0,1.0
unregistered,0.25,100000,exponential (comparison),1.0,v0.4: L = 3 days,3.0,8640.0,0.6514390575310556,428518855.1840284,4.076085993539568,8.017742865462054,0.6787725025502799,0.679080914371573
unregistered,0.25,100000,exponential (comparison),1.0,v0.4: L = 7 days,7.0,20160.0,0.36787944117144233,263541601.90907452,2.5090354007566074,4.930958749881582,0.417449058518346,0.4180083680366307
unregistered,0.25,100000,exponential (comparison),1.0,v0.4: L = 30 days,30.0,86400.0,0.013763786733050402,57514281.23158259,0.552067221276296,1.0761130167975086,0.09110243839136663,0.09197507462135966
unregistered,0.25,100000,exponential (comparison),1.0,v0.4: L = 90 days,90.0,259200.0,2.6074368808253605e-6,49507917.02763677,0.47601808406027285,0.9263110449638314,0.07842038297817501,0.07930519530093336
unregistered,0.25,100000,exponential (comparison),1.0,v0.4: L = 365 days,365.0,1051200.0,2.2627932376753912e-23,49506400.0,0.476003674443127,0.926282660827721,0.07841798001122736,0.07930279464108403
unregistered,0.25,100000,exponential (comparison),4.0,v0.3: every absence vacates the seat,,,4.0,2376738400.0,22.581416467717755,44.46963562778591,1.0,1.0
unregistered,0.25,100000,exponential (comparison),4.0,v0.4: L = 3 days,3.0,8640.0,2.6057562301242223,1565556220.7361135,14.876332950828889,29.292123479365056,0.6586994263803343,0.6587865279441614
unregistered,0.25,100000,exponential (comparison),4.0,v0.4: L = 7 days,7.0,20160.0,1.4715177646857693,905647207.6362982,8.60813057969705,16.944987017043168,0.3810462302608895,0.38120419026871843
unregistered,0.25,100000,exponential (comparison),4.0,v0.4: L = 30 days,30.0,86400.0,0.05505514693220161,81537924.92633034,0.7802578617758029,1.5256040847068708,0.034306646842719564,0.034553096476089284
unregistered,0.25,100000,exponential (comparison),4.0,v0.4: L = 90 days,90.0,259200.0,0.000010429747523301442,49512468.110547036,0.4760613129117101,0.9263961973721618,0.020832106768901043,0.02108199517033328
unregistered,0.25,100000,exponential (comparison),4.0,v0.4: L = 365 days,365.0,1051200.0,9.051172950701565e-23,49506400.0,0.476003674443127,0.926282660827721,0.0208295536437666,0.021079442696768768
unregistered,0.25,290000,Lomax (primary),1.0,v0.3: every absence vacates the seat,,,1.0,808204400.0,7.684311949709571,15.12179682070746,1.0,1.0
unregistered,0.25,290000,Lomax (primary),1.0,v0.4: L = 3 days,3.0,8640.0,0.25298221281347033,241585432.27671975,2.302233077460364,4.520150869917731,0.29891625469586625,0.29960172004044905
unregistered,0.25,290000,Lomax (primary),1.0,v0.4: L = 7 days,7.0,20160.0,0.10475656017578482,129155088.94581419,1.2343038165103348,2.4165384566070194,0.15980498119759579,0.16062645876277648
unregistered,0.25,290000,Lomax (primary),1.0,v0.4: L = 30 days,30.0,86400.0,0.015625,61548087.5,0.5921329136200183,1.151586991951695,0.07615411089075981,0.07705737579307904
unregistered,0.25,290000,Lomax (primary),1.0,v0.4: L = 90 days,90.0,259200.0,0.0032052599164108073,52127615.28867693,0.5026517501868629,0.9753265475211177,0.06449805926406356,0.06541272055019327
unregistered,0.25,290000,Lomax (primary),1.0,v0.4: L = 365 days,365.0,1051200.0,0.00040229616922373963,50001544.862725556,0.482457087861307,0.9355470004068583,0.06186744945056666,0.0627846827430713
unregistered,0.25,290000,Lomax (primary),4.0,v0.3: every absence vacates the seat,,,4.0,3083728400.0,29.29857186922058,57.69767439405836,1.0,1.0
unregistered,0.25,290000,Lomax (primary),4.0,v0.4: L = 3 days,3.0,8640.0,1.0119288512538813,817252529.106879,7.770256380223762,15.291090590899447,0.26502091724643423,0.2652093902360733
unregistered,0.25,290000,Lomax (primary),4.0,v0.4: L = 7 days,7.0,20160.0,0.41902624070313926,367531155.78325677,3.4985393364236437,6.8766409376566004,0.11918402275091956,0.11940989315247173
unregistered,0.25,290000,Lomax (primary),4.0,v0.4: L = 30 days,30.0,86400.0,0.0625,97103150.0,0.9298557248623779,1.816835079035303,0.031488878851976716,0.03173723719411838
unregistered,0.25,290000,Lomax (primary),4.0,v0.4: L = 90 days,90.0,259200.0,0.012821039665643229,59421261.15470771,0.5719310711297562,1.111793301312993,0.01926929140539994,0.019520783254647116
unregistered,0.25,290000,Lomax (primary),4.0,v0.4: L = 365 days,365.0,1051200.0,0.0016091846768949585,50916979.45090224,0.4911524218275325,0.9526751128559564,0.01651149934310111,0.016763698381609834
unregistered,0.25,290000,exponential (comparison),1.0,v0.3: every absence vacates the seat,,,1.0,808204400.0,7.684311949709571,15.12179682070746,1.0,1.0
unregistered,0.25,290000,exponential (comparison),1.0,v0.4: L = 3 days,3.0,8640.0,0.6514390575310556,543818136.649766,5.1730163469384065,10.175034149570932,0.6728720316911984,0.6731918720626537
unregistered,0.25,290000,exponential (comparison),1.0,v0.4: L = 7 days,7.0,20160.0,0.36787944117144233,328735899.1640684,3.1300392633805707,6.150767645946518,0.4067484650715443,0.4073285004389848
unregistered,0.25,290000,exponential (comparison),1.0,v0.4: L = 30 days,30.0,86400.0,0.013763786733050402,60136342.34731259,0.5787233311808547,1.1251727292211808,0.0744073434236594,0.0753123161798146
unregistered,0.25,290000,exponential (comparison),1.0,v0.4: L = 90 days,90.0,259200.0,2.6074368808253605e-6,49698377.76173361,0.47957742914538715,0.9298746342282986,0.06149233753458111,0.062409937582441954
unregistered,0.25,290000,exponential (comparison),1.0,v0.4: L = 365 days,365.0,1051200.0,2.2627932376753912e-23,49696400.0,0.47955864320589847,0.9298376295904924,0.06148989042870838,0.06240749286915967
unregistered,0.25,290000,exponential (comparison),4.0,v0.3: every absence vacates the seat,,,4.0,3083728400.0,29.29857186922058,57.69767439405836,1.0,1.0
unregistered,0.25,290000,exponential (comparison),4.0,v0.4: L = 3 days,3.0,8640.0,2.6057562301242223,2026183346.5990639,19.25338945813593,37.91062370951225,0.6570563563895783,0.6571442985029059
unregistered,0.25,290000,exponential (comparison),4.0,v0.4: L = 7 days,7.0,20160.0,1.4715177646857693,1165854396.6562736,11.081481123904586,21.81355769501459,0.3780664978978932,0.3782259822549973
unregistered,0.25,290000,exponential (comparison),4.0,v0.4: L = 30 days,30.0,86400.0,0.05505514693220161,91456169.38925038,0.8762173951057234,1.7111780281132463,0.029657660314459076,0.02990648824170941
unregistered,0.25,290000,exponential (comparison),4.0,v0.4: L = 90 days,90.0,259200.0,0.000010429747523301442,49704311.04693441,0.479633786963853,0.9299856481417169,0.016118251869047355,0.0163705517492383
unregistered,0.25,290000,exponential (comparison),4.0,v0.4: L = 365 days,365.0,1051200.0,9.051172950701565e-23,49696400.0,0.47955864320589847,0.9298376295904924,0.016115686452801745,0.016367986990850417
unregistered,0.25,1000000,Lomax (primary),1.0,v0.3: every absence vacates the seat,,,1.0,1469214400.0,13.96951250040919,27.489533146389228,1.0,1.0
unregistered,0.25,1000000,Lomax (primary),1.0,v0.4: L = 3 days,3.0,8640.0,0.25298221281347033,409339587.39745426,3.9022006716899797,7.6588918240194275,0.278611200242425,0.2793369254349912
unregistered,0.25,1000000,Lomax (primary),1.0,v0.4: L = 7 days,7.0,20160.0,0.10475656017578482,199035845.6298849,1.9046125396333768,3.724032704663343,0.13547093305775174,0.1363406589583987
unregistered,0.25,1000000,Lomax (primary),1.0,v0.4: L = 30 days,30.0,86400.0,0.015625,72575275.0,0.7034159611028878,1.3579096609186607,0.049397334384961106,0.050353651287565235
unregistered,0.25,1000000,Lomax (primary),1.0,v0.4: L = 90 days,90.0,259200.0,0.0032052599164108073,54954048.41148299,0.536039228717378,1.0282101341613177,0.03740369575160915,0.03837207838868225
unregistered,0.25,1000000,Lomax (primary),1.0,v0.4: L = 365 days,365.0,1051200.0,0.00040229616922373963,50977181.02326399,0.498264612675362,0.9538015060623551,0.03469689721477273,0.03566800292141669
unregistered,0.25,1000000,Lomax (primary),4.0,v0.3: every absence vacates the seat,,,4.0,5725638400.0,54.39952100115221,107.12876662591857,1.0,1.0
unregistered,0.25,1000000,Lomax (primary),4.0,v0.4: L = 3 days,3.0,8640.0,1.0119288512538813,1486139149.589817,14.130273686275363,27.806201336439376,0.2595586807559864,0.2597499651876728
unregistered,0.25,1000000,Lomax (primary),4.0,v0.4: L = 7 days,7.0,20160.0,0.41902624070313926,644924182.5195396,6.1399211580489546,12.066764859015036,0.1126379518691819,0.11286719156808216
unregistered,0.25,1000000,Lomax (primary),4.0,v0.4: L = 30 days,30.0,86400.0,0.0625,139081900.0,1.3351348439269974,2.602272684036307,0.0242910729395695,0.02454313603053083
unregistered,0.25,1000000,Lomax (primary),4.0,v0.4: L = 90 days,90.0,259200.0,0.012821039665643229,68596993.64593193,0.6656279143849576,1.2834745770069345,0.011980671648061452,0.012235914988495198
unregistered,0.25,1000000,Lomax (primary),4.0,v0.4: L = 365 days,365.0,1051200.0,0.0016091846768949585,52689524.09305598,0.5145294502168941,0.9858400646110848,0.009202384155635113,0.009458345234436828
unregistered,0.25,1000000,exponential (comparison),1.0,v0.3: every absence vacates the seat,,,1.0,1469214400.0,13.96951250040919,27.489533146389228,1.0,1.0
unregistered,0.25,1000000,exponential (comparison),1.0,v0.4: L = 3 days,3.0,8640.0,0.6514390575310556,974673346.3375219,9.272071878060384,18.236491053346207,0.6633976268797269,0.6637362526279131
unregistered,0.25,1000000,exponential (comparison),1.0,v0.4: L = 7 days,7.0,20160.0,0.36787944117144233,572356694.1695716,5.450632644764852,10.709000889136535,0.38956648816508443,0.3901805910983074
unregistered,0.25,1000000,exponential (comparison),1.0,v0.4: L = 30 days,30.0,86400.0,0.013763786733050402,69934570.72714578,0.6783330050347318,1.3085011282780619,0.04759997637318677,0.04855810143803246
unregistered,0.25,1000000,exponential (comparison),1.0,v0.4: L = 90 days,90.0,259200.0,2.6074368808253605e-6,50410099.45230602,0.4928781397266036,0.9431912046376238,0.03431092116460744,0.035282415167470334
unregistered,0.25,1000000,exponential (comparison),1.0,v0.4: L = 365 days,365.0,1051200.0,2.2627932376753912e-23,50406400.0,0.49284300016151794,0.943121986546112,0.03430840318472239,0.03527989972070119
unregistered,0.25,1000000,exponential (comparison),4.0,v0.3: every absence vacates the seat,,,4.0,5725638400.0,54.39952100115221,107.12876662591857,1.0,1.0
unregistered,0.25,1000000,exponential (comparison),4.0,v0.4: L = 3 days,3.0,8640.0,2.6057562301242223,3747474185.3500876,35.60975851175698,70.11659825374649,0.6545076589800165,0.6545969129213978
unregistered,0.25,1000000,exponential (comparison),4.0,v0.4: L = 7 days,7.0,20160.0,1.4715177646857693,2138207576.6782868,20.32400157857485,40.00663759690781,0.37344439646735056,0.3736062598445376
unregistered,0.25,1000000,exponential (comparison),4.0,v0.4: L = 30 days,30.0,86400.0,0.05505514693220161,128519082.9085831,1.2348030196543736,2.4046385534739114,0.02244624510492718,0.02269878478577449
unregistered,0.25,1000000,exponential (comparison),4.0,v0.4: L = 90 days,90.0,259200.0,0.000010429747523301442,50421197.80922404,0.4929835584218605,0.9433988589121589,0.008806214134868182,0.009062277559602388
unregistered,0.25,1000000,exponential (comparison),4.0,v0.4: L = 365 days,365.0,1051200.0,9.051172950701565e-23,50406400.0,0.49284300016151794,0.943121986546112,0.008803629652895998,0.009059693745301163
unregistered,0.3,10000,Lomax (primary),1.0,v0.3: every absence vacates the seat,,,1.0,547524400.0,280.78721191465206,603.9403562510025,1.0,1.0
unregistered,0.3,10000,Lomax (primary),1.0,v0.4: L = 3 days,3.0,8640.0,0.25298221281347033,175428864.0600921,90.18031321710014,193.50474729009468,0.32040373736785444,0.32116958818092933
unregistered,0.3,10000,Lomax (primary),1.0,v0.4: L = 7 days,7.0,20160.0,0.10475656017578482,101596480.67603983,52.35948426053991,112.06480429609273,0.18555607873555924,0.1864738921103539
unregistered,0.3,10000,Lomax (primary),1.0,v0.4: L = 30 days,30.0,86400.0,0.015625,57199337.5,29.616933075559338,63.09305716251427,0.10446902001079769,0.10547821203681343
unregistered,0.3,10000,Lomax (primary),1.0,v0.4: L = 90 days,90.0,259200.0,0.0032052599164108073,51012965.60644356,26.447948105497975,56.26925233245434,0.09317021416112882,0.09419213904063793
unregistered,0.3,10000,Lomax (primary),1.0,v0.4: L = 365 days,365.0,1051200.0,0.00040229616922373963,49616786.940259695,25.7327519800815,54.72921385920067,0.09062022978384104,0.09164502829246801
unregistered,0.3,10000,Lomax (primary),4.0,v0.3: every absence vacates the seat,,,4.0,2041848400.0,1046.2585379004586,2252.2368868063954,1.0,1.0
unregistered,0.3,10000,Lomax (primary),4.0,v0.4: L = 3 days,3.0,8640.0,1.0119288512538813,553466256.2403684,283.8309431102507,610.494450962764,0.271061385478162,0.2712818417518658
unregistered,0.3,10000,Lomax (primary),4.0,v0.4: L = 7 days,7.0,20160.0,0.41902624070313926,258136722.70415932,132.54762728400982,284.7346789867561,0.1264230599608469,0.12668725987172824
unregistered,0.3,10000,Lomax (primary),4.0,v0.4: L = 30 days,30.0,86400.0,0.0625,80548150.0,41.577422544087554,88.84769045244228,0.03944864368970782,0.0397391476752214
unregistered,0.3,10000,Lomax (primary),4.0,v0.4: L = 90 days,90.0,259200.0,0.012821039665643229,55802662.42577422,28.901482663842113,61.552471132202534,0.027329483631485185,0.02762365287057931
unregistered,0.3,10000,Lomax (primary),4.0,v0.4: L = 365 days,365.0,1051200.0,0.0016091846768949585,50217947.761038795,26.040698162176206,55.39231723918789,0.024594356643244813,0.02488935307943334
unregistered,0.3,10000,exponential (comparison),1.0,v0.3: every absence vacates the seat,,,1.0,547524400.0,280.78721191465206,603.9403562510025,1.0,1.0
unregistered,0.3,10000,exponential (comparison),1.0,v0.4: L = 3 days,3.0,8640.0,0.6514390575310556,373903406.0686791,191.84940964179697,412.4297588647763,0.6828981613763315,0.6832555098702694
unregistered,0.3,10000,exponential (comparison),1.0,v0.4: L = 7 days,7.0,20160.0,0.36787944117144233,232660092.6830248,119.4971577981904,256.6329815810533,0.4249310034092084,0.4255790603259834
unregistered,0.3,10000,exponential (comparison),1.0,v0.4: L = 30 days,30.0,86400.0,0.013763786733050402,56272252.282026276,29.14203127976124,62.070446705668715,0.10277578913748187,0.10378688929971369
unregistered,0.3,10000,exponential (comparison),1.0,v0.4: L = 90 days,90.0,259200.0,2.6074368808253605e-6,49417698.78516983,25.630768558772125,54.50961200892637,0.09025661465529176,0.09128182292918255
unregistered,0.3,10000,exponential (comparison),1.0,v0.4: L = 365 days,365.0,1051200.0,2.2627932376753912e-23,49416400.0,25.630103252716594,54.508179399204934,0.09025424255065162,0.09127945349771523
unregistered,0.3,10000,exponential (comparison),4.0,v0.3: every absence vacates the seat,,,4.0,2041848400.0,1046.2585379004586,2252.2368868063954,1.0,1.0
unregistered,0.3,10000,exponential (comparison),4.0,v0.4: L = 3 days,3.0,8640.0,2.6057562301242223,1347364424.2747164,690.5073288090382,1486.1944972614904,0.6598748586206088,0.6599777242388758
unregistered,0.3,10000,exponential (comparison),4.0,v0.4: L = 7 days,7.0,20160.0,1.4715177646857693,782391170.7320992,401.0983214346118,863.0073881265985,0.3831778944666505,0.3833644428264369
unregistered,0.3,10000,exponential (comparison),4.0,v0.4: L = 30 days,30.0,86400.0,0.05505514693220161,76839809.12810507,39.67781536089518,84.75724862506003,0.03763247512797967,0.03792352838574412
unregistered,0.3,10000,exponential (comparison),4.0,v0.4: L = 90 days,90.0,259200.0,0.000010429747523301442,49421595.14067934,25.632764476938718,54.513909838090676,0.02420434109637098,0.024499455486763664
unregistered,0.3,10000,exponential (comparison),4.0,v0.4: L = 365 days,365.0,1051200.0,9.051172950701565e-23,49416400.0,25.630103252716594,54.508179399204934,0.02420179676414762,0.024496911924034453
unregistered,0.3,100000,Lomax (primary),1.0,v0.3: every absence vacates the seat,,,1.0,631314400.0,323.7620263944851,696.3639312556444,1.0,1.0
unregistered,0.3,100000,Lomax (primary),1.0,v0.4: L = 3 days,3.0,8640.0,0.25298221281347033,196693475.27257955,101.12633590682918,216.96042683827324,0.3115618387170949,0.31234773587564796
unregistered,0.3,100000,Lomax (primary),1.0,v0.4: L = 7 days,7.0,20160.0,0.10475656017578482,110454604.762753,56.95025189782232,121.83565399091023,0.17495974234510253,0.17590157972520154
unregistered,0.3,100000,Lomax (primary),1.0,v0.4: L = 30 days,30.0,86400.0,0.015625,58597150.0,30.386136846806938,64.63489781696201,0.09281769907355195,0.09385330696498424
unregistered,0.3,100000,Lomax (primary),1.0,v0.4: L = 90 days,90.0,259200.0,0.0032052599164108073,51371245.86144714,26.684648801119128,56.66444915810186,0.08137188991958229,0.0824205639502807
unregistered,0.3,100000,Lomax (primary),1.0,v0.4: L = 365 days,365.0,1051200.0,0.00040229616922373963,49740459.129623726,25.849274088534088,54.86562901458526,0.07878872892749433,0.07984035180530487
unregistered,0.3,100000,Lomax (primary),4.0,v0.3: every absence vacates the seat,,,4.0,2376738400.0,1217.8599754921709,2621.633366497343,1.0,1.0
unregistered,0.3,100000,Lomax (primary),4.0,v0.4: L = 3 days,3.0,8640.0,1.0119288512538813,638254701.0903182,327.3172135415473,704.0193488278585,0.26854225988451996,0.26876424230073687
unregistered,0.3,100000,Lomax (primary),4.0,v0.4: L = 7 days,7.0,20160.0,0.41902624070313926,293299219.05101204,150.61287750551983,323.5202574384065,0.12340408142983345,0.12367011030529435
unregistered,0.3,100000,Lomax (primary),4.0,v0.4: L = 30 days,30.0,86400.0,0.0625,85869400.0,44.35641730145827,94.71723274261355,0.03612909186808275,0.036421606912184316
unregistered,0.3,100000,Lomax (primary),4.0,v0.4: L = 90 days,90.0,259200.0,0.012821039665643229,56965783.445788555,29.550465118707052,62.83543810717295,0.023968049426806314,0.0242642550977709
unregistered,0.3,100000,Lomax (primary),4.0,v0.4: L = 365 days,365.0,1051200.0,0.0016091846768949585,50442636.518494904,26.208966268366893,55.640157533106546,0.02122347016335281,0.021520508757811117
unregistered,0.3,100000,exponential (comparison),1.0,v0.3: every absence vacates the seat,,,1.0,631314400.0,323.7620263944851,696.3639312556444,1.0,1.0
unregistered,0.3,100000,exponential (comparison),1.0,v0.4: L = 3 days,3.0,8640.0,0.6514390575310556,428518855.1840284,219.8794851288052,472.67268830414474,0.6787725025502799,0.6791392047345753
unregistered,0.3,100000,exponential (comparison),1.0,v0.4: L = 7 days,7.0,20160.0,0.36787944117144233,263541601.90907452,135.36946131745293,290.69646748880297,0.417449058518346,0.4181140784945334
unregistered,0.3,100000,exponential (comparison),1.0,v0.4: L = 30 days,30.0,86400.0,0.013763786733050402,57514281.23158259,29.83143452520259,63.44045214518721,0.09110243839136663,0.09214000436497989
unregistered,0.3,100000,exponential (comparison),1.0,v0.4: L = 90 days,90.0,259200.0,2.6074368808253605e-6,49507917.02763677,25.730153796579003,54.609126181255164,0.07842038297817501,0.07947242634696237
unregistered,0.3,100000,exponential (comparison),1.0,v0.4: L = 365 days,365.0,1051200.0,2.2627932376753912e-23,49506400.0,25.729376695256487,54.60745284174483,0.07841798001122736,0.07947002612315858
unregistered,0.3,100000,exponential (comparison),4.0,v0.3: every absence vacates the seat,,,4.0,2376738400.0,1217.8599754921709,2621.633366497343,1.0,1.0
unregistered,0.3,100000,exponential (comparison),4.0,v0.4: L = 3 days,3.0,8640.0,2.6057562301242223,1565556220.7361135,802.3298104294513,1726.8683946913445,0.6586994263803343,0.6588030041016888
unregistered,0.3,100000,exponential (comparison),4.0,v0.4: L = 7 days,7.0,20160.0,1.4715177646857693,905647207.6362982,464.2897151840423,998.9635114299775,0.3810462302608895,0.38123407003043186
unregistered,0.3,100000,exponential (comparison),4.0,v0.4: L = 30 days,30.0,86400.0,0.05505514693220161,81537924.92633034,42.13760801504089,89.93945005551433,0.034306646842719564,0.03459971496149376
unregistered,0.3,100000,exponential (comparison),4.0,v0.4: L = 90 days,90.0,259200.0,0.000010429747523301442,49512468.110547036,25.732485100546555,54.61414619978613,0.020832106768901043,0.021129264134119644
unregistered,0.3,100000,exponential (comparison),4.0,v0.4: L = 365 days,365.0,1051200.0,9.051172950701565e-23,49506400.0,25.729376695256487,54.60745284174483,0.0208295536437666,0.02112671178380629
unregistered,0.3,290000,Lomax (primary),1.0,v0.3: every absence vacates the seat,,,1.0,808204400.0,414.4866347407992,891.4803673765548,1.0,1.0
unregistered,0.3,290000,Lomax (primary),1.0,v0.4: L = 3 days,3.0,8640.0,0.25298221281347033,241585432.27671975,124.23460602959054,266.47797255109464,0.29891625469586625,0.2997312714492739
unregistered,0.3,290000,Lomax (primary),1.0,v0.4: L = 7 days,7.0,20160.0,0.10475656017578482,129155088.94581419,66.64187246541854,142.46300334663613,0.15980498119759579,0.16078171617546436
unregistered,0.3,290000,Lomax (primary),1.0,v0.4: L = 30 days,30.0,86400.0,0.015625,61548087.5,32.01001147499631,67.88989475412946,0.07615411089075981,0.0772280908285834
unregistered,0.3,290000,Lomax (primary),1.0,v0.4: L = 90 days,90.0,259200.0,0.0032052599164108073,52127615.28867693,27.184350269652683,57.49875356780219,0.06449805926406356,0.06558558947661249
unregistered,0.3,290000,Lomax (primary),1.0,v0.4: L = 365 days,365.0,1051200.0,0.00040229616922373963,50001544.862725556,26.095265206378453,55.1536165648416,0.06186744945056666,0.06295803777291209
unregistered,0.3,290000,Lomax (primary),4.0,v0.3: every absence vacates the seat,,,4.0,3083728400.0,1580.1296770746746,3401.470379178232,1.0,1.0
unregistered,0.3,290000,Lomax (primary),4.0,v0.4: L = 3 days,3.0,8640.0,1.0119288512538813,817252529.106879,419.12156222984004,901.4607998763915,0.26502091724643423,0.2652450417903473
unregistered,0.3,290000,Lomax (primary),4.0,v0.4: L = 7 days,7.0,20160.0,0.41902624070313926,367531155.78325677,188.75062797315206,405.4009230585574,0.11918402275091956,0.11945261880188836
unregistered,0.3,290000,Lomax (primary),4.0,v0.4: L = 30 days,30.0,86400.0,0.0625,97103150.0,50.22318401146312,107.10848868853067,0.031488878851976716,0.03178421666280092
unregistered,0.3,290000,Lomax (primary),4.0,v0.4: L = 90 days,90.0,259200.0,0.012821039665643229,59421261.15470771,30.920539190088597,65.54392394322159,0.01926929140539994,0.019568355457592824
unregistered,0.3,290000,Lomax (primary),4.0,v0.4: L = 365 days,365.0,1051200.0,0.0016091846768949585,50916979.45090224,26.564198936991676,56.163375931379264,0.01651149934310111,0.01681140435648959
unregistered,0.3,290000,exponential (comparison),1.0,v0.3: every absence vacates the seat,,,1.0,808204400.0,414.4866347407992,891.4803673765548,1.0,1.0
unregistered,0.3,290000,exponential (comparison),1.0,v0.4: L = 3 days,3.0,8640.0,0.6514390575310556,543818136.649766,279.05408893471144,599.8522060094784,0.6728720316911984,0.6732523211736826
unregistered,0.3,290000,exponential (comparison),1.0,v0.4: L = 7 days,7.0,20160.0,0.36787944117144233,328735899.1640684,168.87765763589607,362.6082710718301,0.4067484650715443,0.40743812581919403
unregistered,0.3,290000,exponential (comparison),1.0,v0.4: L = 30 days,30.0,86400.0,0.013763786733050402,60136342.34731259,31.28684137668988,66.33268585083736,0.0744073434236594,0.07548335399585375
unregistered,0.3,290000,exponential (comparison),1.0,v0.4: L = 90 days,90.0,259200.0,2.6074368808253605e-6,49698377.76173361,25.939967076393533,54.81921165617148,0.06149233753458111,0.06258336192822041
unregistered,0.3,290000,exponential (comparison),1.0,v0.4: L = 365 days,365.0,1051200.0,2.2627932376753912e-23,49696400.0,25.93895396284071,54.81703010932905,0.06148989042870838,0.06258091766713234
unregistered,0.3,290000,exponential (comparison),4.0,v0.3: every absence vacates the seat,,,4.0,3083728400.0,1580.1296770746746,3401.470379178232,1.0,1.0
unregistered,0.3,290000,exponential (comparison),4.0,v0.4: L = 3 days,3.0,8640.0,2.6057562301242223,2026183346.5990639,1038.3994938503236,2234.9577337099263,0.6570563563895783,0.6571609336347211
unregistered,0.3,290000,exponential (comparison),4.0,v0.4: L = 7 days,7.0,20160.0,1.4715177646857693,1165854396.6562736,597.6937686550621,1285.981993959333,0.3780664978978932,0.3782561503189943
unregistered,0.3,290000,exponential (comparison),4.0,v0.4: L = 30 days,30.0,86400.0,0.05505514693220161,91456169.38925038,47.33050361823738,100.87965307536233,0.029657660314459076,0.029953556537119966
unregistered,0.3,290000,exponential (comparison),4.0,v0.4: L = 90 days,90.0,259200.0,0.000010429747523301442,49704311.04693441,25.943006417051986,54.825756296698756,0.016118251869047355,0.016418276799332564
unregistered,0.3,290000,exponential (comparison),4.0,v0.4: L = 365 days,365.0,1051200.0,9.051172950701565e-23,49696400.0,25.93895396284071,54.81703010932905,0.016115686452801745,0.016415712165385066
unregistered,0.3,1000000,Lomax (primary),1.0,v0.3: every absence vacates the seat,,,1.0,1469214400.0,753.510171192815,1620.5996813020624,1.0,1.0
unregistered,0.3,1000000,Lomax (primary),1.0,v0.4: L = 3 days,3.0,8640.0,0.25298221281347033,409339587.39745426,210.5865628041198,451.51722232005903,0.278611200242425,0.27947408124665246
unregistered,0.3,1000000,Lomax (primary),1.0,v0.4: L = 7 days,7.0,20160.0,0.10475656017578482,199035845.6298849,102.85792827064657,219.5441509390855,0.13547093305775174,0.13650502966379513
unregistered,0.3,1000000,Lomax (primary),1.0,v0.4: L = 30 days,30.0,86400.0,0.015625,72575275.0,38.07817455928293,80.05330436143937,0.049397334384961106,0.05053438694663504
unregistered,0.3,1000000,Lomax (primary),1.0,v0.4: L = 90 days,90.0,259200.0,0.0032052599164108073,54954048.41148299,29.051655757330703,60.6164174145771,0.03740369575160915,0.0385550943676601
unregistered,0.3,1000000,Lomax (primary),1.0,v0.4: L = 365 days,365.0,1051200.0,0.00040229616922373963,50977181.02326399,27.01449517306002,56.22978056843111,0.03469689721477273,0.035851533537093166
unregistered,0.3,1000000,Lomax (primary),4.0,v0.3: every absence vacates the seat,,,4.0,5725638400.0,2933.874351409294,6315.5981634068185,1.0,1.0
unregistered,0.3,1000000,Lomax (primary),4.0,v0.4: L = 3 days,3.0,8640.0,1.0119288512538813,1486139149.589817,762.179917854513,1639.2683274788048,0.2595586807559864,0.2597861484723768
unregistered,0.3,1000000,Lomax (primary),4.0,v0.4: L = 7 days,7.0,20160.0,0.41902624070313926,644924182.5195396,331.2653797206199,711.3760419549108,0.1126379518691819,0.11291055445557704
unregistered,0.3,1000000,Lomax (primary),4.0,v0.4: L = 30 days,30.0,86400.0,0.0625,139081900.0,72.1463648751654,153.41265564432618,0.0242910729395695,0.024590816181514288
unregistered,0.3,1000000,Lomax (primary),4.0,v0.4: L = 90 days,90.0,259200.0,0.012821039665643229,68596993.64593193,36.04028966735649,75.66510785687704,0.011980671648061452,0.012284196714165502
unregistered,0.3,1000000,Lomax (primary),4.0,v0.4: L = 365 days,365.0,1051200.0,0.0016091846768949585,52689524.09305598,27.891647330273763,58.118560472293126,0.009202384155635113,0.009506762727202663
unregistered,0.3,1000000,exponential (comparison),1.0,v0.3: every absence vacates the seat,,,1.0,1469214400.0,753.510171192815,1620.5996813020624,1.0,1.0
unregistered,0.3,1000000,exponential (comparison),1.0,v0.4: L = 3 days,3.0,8640.0,0.6514390575310556,974673346.3375219,500.1802399988874,1075.10198269783,0.6633976268797269,0.6638002499781741
unregistered,0.3,1000000,exponential (comparison),1.0,v0.4: L = 7 days,7.0,20160.0,0.36787944117144233,572356694.1695716,294.09249651007815,631.3313265662995,0.38956648816508443,0.3902966512642111
unregistered,0.3,1000000,exponential (comparison),1.0,v0.4: L = 30 days,30.0,86400.0,0.013763786733050402,69934570.72714578,36.725466979616066,77.14050654037219,0.04759997637318677,0.048739178824194554
unregistered,0.3,1000000,exponential (comparison),1.0,v0.4: L = 90 days,90.0,259200.0,2.6074368808253605e-6,50410099.45230602,26.724006174647812,55.604267904543,0.03431092116460744,0.035466019167788285
unregistered,0.3,1000000,exponential (comparison),1.0,v0.4: L = 365 days,365.0,1051200.0,2.2627932376753912e-23,50406400.0,26.722111120655434,55.600187267143774,0.03430840318472239,0.03546350419975623
unregistered,0.3,1000000,exponential (comparison),4.0,v0.3: every absence vacates the seat,,,4.0,5725638400.0,2933.874351409294,6315.5981634068185,1.0,1.0
unregistered,0.3,1000000,exponential (comparison),4.0,v0.4: L = 3 days,3.0,8640.0,2.6057562301242223,3747474185.3500876,1920.5546266335832,4133.6073689898885,0.6545076589800165,0.6546137961603706
unregistered,0.3,1000000,exponential (comparison),4.0,v0.4: L = 7 days,7.0,20160.0,1.4715177646857693,2138207576.6782868,1096.2036526783465,2358.524744463767,0.37344439646735056,0.3736368778546301
unregistered,0.3,1000000,exponential (comparison),4.0,v0.4: L = 30 days,30.0,86400.0,0.05505514693220161,128519082.9085831,66.73553455649795,141.7614643600574,0.02244624510492718,0.02274655508830546
unregistered,0.3,1000000,exponential (comparison),4.0,v0.4: L = 90 days,90.0,259200.0,0.000010429747523301442,50421197.80922404,26.729691336624935,55.61650981674065,0.008806214134868182,0.009110714412082868
unregistered,0.3,1000000,exponential (comparison),4.0,v0.4: L = 365 days,365.0,1051200.0,9.051172950701565e-23,50406400.0,26.722111120655434,55.600187267143774,0.008803629652895998,0.00910813072407801
unregistered,0.33,10000,Lomax (primary),1.0,v0.3: every absence vacates the seat,,,1.0,547524400.0,2035.7816889697513,4641.105376422218,1.0,1.0
unregistered,0.33,10000,Lomax (primary),1.0,v0.4: L = 3 days,3.0,8640.0,0.25298221281347033,175428864.0600921,654.0057650247091,1487.0275081237216,0.32040373736785444,0.3212553529527432
unregistered,0.33,10000,Lomax (primary),1.0,v0.4: L = 7 days,7.0,20160.0,0.10475656017578482,101596480.67603983,379.82937774324705,861.1853146474284,0.18555607873555924,0.18657667460181718
unregistered,0.33,10000,Lomax (primary),1.0,v0.4: L = 30 days,30.0,86400.0,0.015625,57199337.5,214.96068783104116,484.85173044167345,0.10446902001079769,0.10559122768209316
unregistered,0.33,10000,Lomax (primary),1.0,v0.4: L = 90 days,90.0,259200.0,0.0032052599164108073,51012965.60644356,191.98760991573099,432.4127818656244,0.09317021416112882,0.09430658059061835
unregistered,0.33,10000,Lomax (primary),1.0,v0.4: L = 365 days,365.0,1051200.0,0.00040229616922373963,49616786.940259695,186.80290362360788,420.5780356624015,0.09062022978384104,0.09175979164943923
unregistered,0.33,10000,Lomax (primary),4.0,v0.3: every absence vacates the seat,,,4.0,2041848400.0,7584.9504543448675,17307.78315464864,1.0,1.0
unregistered,0.33,10000,Lomax (primary),4.0,v0.4: L = 3 days,3.0,8640.0,1.0119288512538813,553466256.2403684,2057.8467585646995,4691.471681454654,0.271061385478162,0.27130655248854113
unregistered,0.33,10000,Lomax (primary),4.0,v0.4: L = 7 days,7.0,20160.0,0.41902624070313926,258136722.70415932,961.1412094388511,2188.102907549481,0.1264230599608469,0.1267168737916123
unregistered,0.33,10000,Lomax (primary),4.0,v0.4: L = 30 days,30.0,86400.0,0.0625,80548150.0,301.66644979002734,682.7685707264612,0.03944864368970782,0.03977170999412719
unregistered,0.33,10000,Lomax (primary),4.0,v0.4: L = 90 days,90.0,259200.0,0.012821039665643229,55802662.42577422,209.7741381287867,473.012776422265,0.027329483631485185,0.027656626024316653
unregistered,0.33,10000,Lomax (primary),4.0,v0.4: L = 365 days,365.0,1051200.0,0.0016091846768949585,50217947.761038795,189.03531296029433,425.67379160937344,0.024594356643244813,0.02492241895291613
unregistered,0.33,10000,exponential (comparison),1.0,v0.3: every absence vacates the seat,,,1.0,547524400.0,2035.7816889697513,4641.105376422218,1.0,1.0
unregistered,0.33,10000,exponential (comparison),1.0,v0.4: L = 3 days,3.0,8640.0,0.6514390575310556,373903406.0686791,1391.0405240436248,3169.40232831254,0.6828981613763315,0.6832955279932738
unregistered,0.33,10000,exponential (comparison),1.0,v0.4: L = 7 days,7.0,20160.0,0.36787944117144233,232660092.6830248,866.5338019687858,1972.149564530965,0.4249310034092084,0.42565163379935544
unregistered,0.33,10000,exponential (comparison),1.0,v0.4: L = 30 days,30.0,86400.0,0.013763786733050402,56272252.282026276,211.51795898882165,476.9932675320033,0.10277578913748187,0.10390011863004063
unregistered,0.33,10000,exponential (comparison),1.0,v0.4: L = 90 days,90.0,259200.0,2.6074368808253605e-6,49417698.78516983,186.06359021381132,418.890459534343,0.09025661465529176,0.09139663217423505
unregistered,0.33,10000,exponential (comparison),1.0,v0.4: L = 365 days,365.0,1051200.0,2.2627932376753912e-23,49416400.0,186.05876717804574,418.8794503467442,0.09025424255065162,0.09139426304212638
unregistered,0.33,10000,exponential (comparison),4.0,v0.3: every absence vacates the seat,,,4.0,2041848400.0,7584.9504543448675,17307.78315464864,1.0,1.0
unregistered,0.33,10000,exponential (comparison),4.0,v0.4: L = 3 days,3.0,8640.0,2.6057562301242223,1347364424.2747164,5005.985794640363,11420.970962209927,0.6598748586206088,0.6599892543494199
unregistered,0.33,10000,exponential (comparison),4.0,v0.4: L = 7 days,7.0,20160.0,1.4715177646857693,782391170.7320992,2907.9589063410067,6631.9599070836275,0.3831778944666505,0.38338535285688624
unregistered,0.33,10000,exponential (comparison),4.0,v0.4: L = 30 days,30.0,86400.0,0.05505514693220161,76839809.12810507,287.89553442114936,651.3347190877804,0.03763247512797967,0.037956152272060645
unregistered,0.33,10000,exponential (comparison),4.0,v0.4: L = 90 days,90.0,259200.0,0.000010429747523301442,49421595.14067934,186.0780593211081,418.92348709713946,0.02420434109637098,0.024532534581622415
unregistered,0.33,10000,exponential (comparison),4.0,v0.4: L = 365 days,365.0,1051200.0,9.051172950701565e-23,49416400.0,186.05876717804574,418.8794503467442,0.02420179676414762,0.02452999110514508
unregistered,0.33,100000,Lomax (primary),1.0,v0.3: every absence vacates the seat,,,1.0,631314400.0,2347.3643354787664,5351.353576302292,1.0,1.0
unregistered,0.33,100000,Lomax (primary),1.0,v0.4: L = 3 days,3.0,8640.0,0.25298221281347033,196693475.27257955,733.4005228947143,1667.2775598580438,0.3115618387170949,0.3124357441279479
unregistered,0.33,100000,Lomax (primary),1.0,v0.4: L = 7 days,7.0,20160.0,0.10475656017578482,110454604.762753,413.15267397148295,936.271442907392,0.17495974234510253,0.1760070508557065
unregistered,0.33,100000,Lomax (primary),1.0,v0.4: L = 30 days,30.0,86400.0,0.015625,58597150.0,220.58013399934705,496.70032588140214,0.09281769907355195,0.09396927893358221
unregistered,0.33,100000,Lomax (primary),1.0,v0.4: L = 90 days,90.0,259200.0,0.0032052599164108073,51371245.86144714,193.74675546346572,435.44975413163314,0.08137188991958229,0.08253799912315243
unregistered,0.33,100000,Lomax (primary),1.0,v0.4: L = 365 days,365.0,1051200.0,0.00040229616922373963,49740459.129623726,187.6908326547424,421.6263463184586,0.07878872892749433,0.0799581172031657
unregistered,0.33,100000,Lomax (primary),4.0,v0.3: every absence vacates the seat,,,4.0,2376738400.0,8828.992378082712,20146.48729187072,1.0,1.0
unregistered,0.33,100000,Lomax (primary),4.0,v0.4: L = 3 days,3.0,8640.0,1.0119288512538813,638254701.0903182,2373.1371277465028,5410.183226093725,0.26854225988451996,0.2687891240723722
unregistered,0.33,100000,Lomax (primary),4.0,v0.4: L = 7 days,7.0,20160.0,0.41902624070313926,293299219.05101204,1092.1457320535774,2486.158758291119,0.12340408142983345,0.12369992919744097
unregistered,0.33,100000,Lomax (primary),4.0,v0.4: L = 30 days,30.0,86400.0,0.0625,85869400.0,321.85557216503366,727.8742901871587,0.03612909186808275,0.03645439461064834
unregistered,0.33,100000,Lomax (primary),4.0,v0.4: L = 90 days,90.0,259200.0,0.012821039665643229,56965783.445788555,214.52205802150837,482.87200318808266,0.023968049426806314,0.024297456474653065
unregistered,0.33,100000,Lomax (primary),4.0,v0.4: L = 365 days,365.0,1051200.0,0.0016091846768949585,50442636.518494904,190.29836678661516,427.57837193538484,0.02122347016335281,0.021553803496196924
unregistered,0.33,100000,exponential (comparison),1.0,v0.3: every absence vacates the seat,,,1.0,631314400.0,2347.3643354787664,5351.353576302292,1.0,1.0
unregistered,0.33,100000,exponential (comparison),1.0,v0.4: L = 3 days,3.0,8640.0,0.6514390575310556,428518855.1840284,1594.283542391043,3632.3516590180966,0.6787725025502799,0.6791802696729115
unregistered,0.33,100000,exponential (comparison),1.0,v0.4: L = 7 days,7.0,20160.0,0.36787944117144233,263541601.90907452,981.6408886755478,2233.917512226176,0.417449058518346,0.4181885503833955
unregistered,0.33,100000,exponential (comparison),1.0,v0.4: L = 30 days,30.0,86400.0,0.013763786733050402,57514281.23158259,216.55890329790472,487.52135949549904,0.09110243839136663,0.09225619560831214
unregistered,0.33,100000,exponential (comparison),1.0,v0.4: L = 90 days,90.0,259200.0,2.6074368808253605e-6,49507917.02763677,186.82728808945353,419.6551969052522,0.07842038297817501,0.07959023883326931
unregistered,0.33,100000,exponential (comparison),1.0,v0.4: L = 365 days,365.0,1051200.0,2.2627932376753912e-23,49506400.0,186.82165461078483,419.6423377794832,0.07841798001122736,0.07958783891665494
unregistered,0.33,100000,exponential (comparison),4.0,v0.3: every absence vacates the seat,,,4.0,2376738400.0,8828.992378082712,20146.48729187072,1.0,1.0
unregistered,0.33,100000,exponential (comparison),4.0,v0.4: L = 3 days,3.0,8640.0,2.6057562301242223,1565556220.7361135,5816.669205731818,13270.479622733938,0.6586994263803343,0.6588146140177046
unregistered,0.33,100000,exponential (comparison),4.0,v0.4: L = 7 days,7.0,20160.0,1.4715177646857693,905647207.6362982,3366.0985908698367,7676.743035566255,0.3810462302608895,0.38125512478931517
unregistered,0.33,100000,exponential (comparison),4.0,v0.4: L = 30 days,30.0,86400.0,0.05505514693220161,81537924.92633034,305.7706493592643,691.1584246435464,0.034306646842719564,0.03463256465350635
unregistered,0.33,100000,exponential (comparison),4.0,v0.4: L = 90 days,90.0,259200.0,0.000010429747523301442,49512468.110547036,186.84418852545963,419.6937742825589,0.020832106768901043,0.02116257218539296
unregistered,0.33,100000,exponential (comparison),4.0,v0.4: L = 365 days,365.0,1051200.0,9.051172950701565e-23,49506400.0,186.82165461078483,419.6423377794832,0.0208295536437666,0.021160019921928473
unregistered,0.33,290000,Lomax (primary),1.0,v0.3: every absence vacates the seat,,,1.0,808204400.0,3005.1499225533544,6850.7664427157815,1.0,1.0
unregistered,0.33,290000,Lomax (primary),1.0,v0.4: L = 3 days,3.0,8640.0,0.25298221281347033,241585432.27671975,901.0116783980585,2047.8054468527241,0.29891625469586625,0.2998225385149854
unregistered,0.33,290000,Lomax (primary),1.0,v0.4: L = 7 days,7.0,20160.0,0.10475656017578482,129155088.94581419,483.5018548977588,1094.7866025673159,0.15980498119759579,0.160891092743535
unregistered,0.33,290000,Lomax (primary),1.0,v0.4: L = 30 days,30.0,86400.0,0.015625,61548087.5,232.44340924354836,521.7140273652738,0.07615411089075981,0.07734835706501145
unregistered,0.33,290000,Lomax (primary),1.0,v0.4: L = 90 days,90.0,259200.0,0.0032052599164108073,52127615.28867693,197.4605071753501,441.8611400265404,0.06449805926406356,0.06570737309757109
unregistered,0.33,290000,Lomax (primary),1.0,v0.4: L = 365 days,365.0,1051200.0,0.00040229616922373963,50001544.862725556,189.56534949824857,423.839446592357,0.06186744945056666,0.06308016384659523
unregistered,0.33,290000,Lomax (primary),4.0,v0.3: every absence vacates the seat,,,4.0,3083728400.0,11455.303105973715,26139.307137117332,1.0,1.0
unregistered,0.33,290000,Lomax (primary),4.0,v0.4: L = 3 days,3.0,8640.0,1.0119288512538813,817252529.106879,3038.750129352532,6927.4631536650995,0.26502091724643423,0.26527016362996836
unregistered,0.33,290000,Lomax (primary),4.0,v0.4: L = 7 days,7.0,20160.0,0.41902624070313926,367531155.78325677,1368.7108353513336,3115.387776523466,0.11918402275091956,0.11948272539707638
unregistered,0.33,290000,Lomax (primary),4.0,v0.4: L = 30 days,30.0,86400.0,0.0625,97103150.0,364.4770527344915,823.097475715298,0.031488878851976716,0.03181732070838212
unregistered,0.33,290000,Lomax (primary),4.0,v0.4: L = 90 days,90.0,259200.0,0.012821039665643229,59421261.15470771,224.54544446169857,503.6859263603643,0.01926929140539994,0.019601877172905405
unregistered,0.33,290000,Lomax (primary),4.0,v0.4: L = 365 days,365.0,1051200.0,0.0016091846768949585,50916979.45090224,192.96481375329236,431.59915262363097,0.01651149934310111,0.01684502033409007
unregistered,0.33,290000,exponential (comparison),1.0,v0.3: every absence vacates the seat,,,1.0,808204400.0,3005.1499225533544,6850.7664427157815,1.0,1.0
unregistered,0.33,290000,exponential (comparison),1.0,v0.4: L = 3 days,3.0,8640.0,0.6514390575310556,543818136.649766,2023.352136680037,4609.689134952052,0.6728720316911984,0.6732949066850137
unregistered,0.33,290000,exponential (comparison),1.0,v0.4: L = 7 days,7.0,20160.0,0.36787944117144233,328735899.1640684,1224.644738389823,2786.538735138288,0.4067484650715443,0.4075153552902585
unregistered,0.33,290000,exponential (comparison),1.0,v0.4: L = 30 days,30.0,86400.0,0.013763786733050402,60136342.34731259,227.20089683930223,509.74733141843467,0.0744073434236594,0.07560384762643017
unregistered,0.33,290000,exponential (comparison),1.0,v0.4: L = 90 days,90.0,259200.0,2.6074368808253605e-6,49698377.76173361,188.43953916025364,421.2696424660604,0.06149233753458111,0.06270553683396407
unregistered,0.33,290000,exponential (comparison),1.0,v0.4: L = 365 days,365.0,1051200.0,2.2627932376753912e-23,49696400.0,188.4321947465673,421.25287791526574,0.06148989042870838,0.0627030928914402
unregistered,0.33,290000,exponential (comparison),4.0,v0.3: every absence vacates the seat,,,4.0,3083728400.0,11455.303105973715,26139.307137117332,1.0,1.0
unregistered,0.33,290000,exponential (comparison),4.0,v0.4: L = 3 days,3.0,8640.0,2.6057562301242223,2026183346.5990639,7528.111962480447,17174.99790606241,0.6570563563895783,0.6571726555672442
unregistered,0.33,290000,exponential (comparison),4.0,v0.4: L = 7 days,7.0,20160.0,1.4715177646857693,1165854396.6562736,4333.28236931959,9882.396306807354,0.3780664978978932,0.3782774082215134
unregistered,0.33,290000,exponential (comparison),4.0,v0.4: L = 30 days,30.0,86400.0,0.05505514693220161,91456169.38925038,343.507003117507,775.2306919279415,0.029657660314459076,0.029986723174385044
unregistered,0.33,290000,exponential (comparison),4.0,v0.4: L = 90 days,90.0,259200.0,0.000010429747523301442,49704311.04693441,188.46157240131274,421.3199361184443,0.016118251869047355,0.016451906218267916
unregistered,0.33,290000,exponential (comparison),4.0,v0.4: L = 365 days,365.0,1051200.0,9.051172950701565e-23,49696400.0,188.4321947465673,421.25287791526574,0.016115686452801745,0.01644934167200723
unregistered,0.33,1000000,Lomax (primary),1.0,v0.3: every absence vacates the seat,,,1.0,1469214400.0,5463.190800568918,12453.835575103034,1.0,1.0
unregistered,0.33,1000000,Lomax (primary),1.0,v0.4: L = 3 days,3.0,8640.0,0.25298221281347033,409339587.39745426,1527.3481015947657,3469.778077201267,0.278611200242425,0.2795707046211369
unregistered,0.33,1000000,Lomax (primary),1.0,v0.4: L = 7 days,7.0,20160.0,0.10475656017578482,199035845.6298849,746.3856362538422,1687.1327255070303,0.13547093305775174,0.13662082535651437
unregistered,0.33,1000000,Lomax (primary),1.0,v0.4: L = 30 days,30.0,86400.0,0.015625,72575275.0,276.7745956824059,615.186280278689,0.049397334384961106,0.05066171140381616
unregistered,0.33,1000000,Lomax (primary),1.0,v0.4: L = 90 days,90.0,259200.0,0.0032052599164108073,54954048.41148299,211.33821094081293,465.81947679172026,0.03740369575160915,0.038684025262087654
unregistered,0.33,1000000,Lomax (primary),1.0,v0.4: L = 365 days,365.0,1051200.0,0.00040229616922373963,50977181.02326399,196.57012296608738,432.10945287903,0.03469689721477273,0.03598082698221289
unregistered,0.33,1000000,Lomax (primary),4.0,v0.3: every absence vacates the seat,,,4.0,5725638400.0,21269.411615461147,48533.528664091515,1.0,1.0
unregistered,0.33,1000000,Lomax (primary),4.0,v0.4: L = 3 days,3.0,8640.0,1.0119288512538813,1486139149.589817,5526.040819564536,12597.298672484447,0.2595586807559864,0.25981164497975817
unregistered,0.33,1000000,Lomax (primary),4.0,v0.4: L = 7 days,7.0,20160.0,0.41902624070313926,644924182.5195396,2402.1909582008425,5466.717265707499,0.1126379518691819,0.11294111006129776
unregistered,0.33,1000000,Lomax (primary),4.0,v0.4: L = 30 days,30.0,86400.0,0.0625,139081900.0,523.746795915097,1178.931484794134,0.0242910729395695,0.024624413941680235
unregistered,0.33,1000000,Lomax (primary),4.0,v0.4: L = 90 days,90.0,259200.0,0.012821039665643229,68596993.64593193,262.00125694872514,581.464270846259,0.011980671648061452,0.012318218373199913
unregistered,0.33,1000000,Lomax (primary),4.0,v0.4: L = 365 days,365.0,1051200.0,0.0016091846768949585,52689524.09305598,202.9289050498231,446.6241751954983,0.009202384155635113,0.009540880054355154
unregistered,0.33,1000000,exponential (comparison),1.0,v0.3: every absence vacates the seat,,,1.0,1469214400.0,5463.190800568918,12453.835575103034,1.0,1.0
unregistered,0.33,1000000,exponential (comparison),1.0,v0.4: L = 3 days,3.0,8640.0,0.6514390575310556,974673346.3375219,3626.7137258652247,8261.844966073671,0.6633976268797269,0.6638453347606953
unregistered,0.33,1000000,exponential (comparison),1.0,v0.4: L = 7 days,7.0,20160.0,0.36787944117144233,572356694.1695716,2132.7117557431666,4851.596989178283,0.38956648816508443,0.3903784132015073
unregistered,0.33,1000000,exponential (comparison),1.0,v0.4: L = 30 days,30.0,86400.0,0.013763786733050402,69934570.72714578,266.96834638873514,592.8022791304572,0.04759997637318677,0.04886674402089965
unregistered,0.33,1000000,exponential (comparison),1.0,v0.4: L = 90 days,90.0,259200.0,2.6074368808253605e-6,50410099.45230602,194.46426684587524,427.3025706143437,0.03431092116460744,0.035595364310839074
unregistered,0.33,1000000,exponential (comparison),1.0,v0.4: L = 365 days,365.0,1051200.0,2.2627932376753912e-23,50406400.0,194.45052893817552,427.2712121068739,0.03430840318472239,0.03559284968006721
unregistered,0.33,1000000,exponential (comparison),4.0,v0.3: every absence vacates the seat,,,4.0,5725638400.0,21269.411615461147,48533.528664091515,1.0,1.0
unregistered,0.33,1000000,exponential (comparison),4.0,v0.4: L = 3 days,3.0,8640.0,2.6057562301242223,3747474185.3500876,13923.503316646373,31765.566227974065,0.6545076589800165,0.6546256929140959
unregistered,0.33,1000000,exponential (comparison),4.0,v0.4: L = 7 days,7.0,20160.0,1.4715177646857693,2138207576.6782868,7947.4954361581395,18124.574320392512,0.37344439646735056,0.37365845279805254
unregistered,0.33,1000000,exponential (comparison),4.0,v0.4: L = 30 days,30.0,86400.0,0.05505514693220161,128519082.9085831,484.52179874041394,1089.3954802012072,0.02244624510492718,0.022780216373649267
unregistered,0.33,1000000,exponential (comparison),4.0,v0.4: L = 90 days,90.0,259200.0,0.000010429747523301442,50421197.80922404,194.50548056897446,427.39664613675274,0.008806214134868182,0.009144845381034643
unregistered,0.33,1000000,exponential (comparison),4.0,v0.4: L = 365 days,365.0,1051200.0,9.051172950701565e-23,50406400.0,194.45052893817552,427.2712121068739,0.008803629652895998,0.009142261782024364
unregistered,0.4,10000,Lomax (primary),1.0,v0.3: every absence vacates the seat,,,1.0,547524400.0,82748.18551553454,220316.8754466855,1.0,1.0
unregistered,0.4,10000,Lomax (primary),1.0,v0.4: L = 3 days,3.0,8640.0,0.25298221281347033,175428864.0600921,26604.37249671535,70590.35029832611,0.32040373736785444,0.3215100407454957
unregistered,0.4,10000,Lomax (primary),1.0,v0.4: L = 7 days,7.0,20160.0,0.10475656017578482,101596480.67603983,15464.137994903309,40881.13548715757,0.18555607873555924,0.18688189835896987
unregistered,0.4,10000,Lomax (primary),1.0,v0.4: L = 30 days,30.0,86400.0,0.015625,57199337.5,8765.25379907712,23016.28806975621,0.10446902001079769,0.10592683989948752
unregistered,0.4,10000,Lomax (primary),1.0,v0.4: L = 90 days,90.0,259200.0,0.0032052599164108073,51012965.60644356,7831.820115226628,20526.97046867843,0.09317021416112882,0.09464642718668846
unregistered,0.4,10000,Lomax (primary),1.0,v0.4: L = 365 days,365.0,1051200.0,0.00040229616922373963,49616786.940259695,7621.15702899237,19965.165878236527,0.09062022978384104,0.09210059388627476
unregistered,0.4,10000,Lomax (primary),4.0,v0.3: every absence vacates the seat,,,4.0,2041848400.0,308219.97741330956,821613.9036430414,1.0,1.0
unregistered,0.4,10000,Lomax (primary),4.0,v0.4: L = 3 days,3.0,8640.0,1.0119288512538813,553466256.2403684,83644.72533803276,222707.8030496039,0.271061385478162,0.2713799606372329
unregistered,0.4,10000,Lomax (primary),4.0,v0.4: L = 7 days,7.0,20160.0,0.41902624070313926,258136722.70415932,39083.78733078461,103870.94380492972,0.1264230599608469,0.12680484781937076
unregistered,0.4,10000,Lomax (primary),4.0,v0.4: L = 30 days,30.0,86400.0,0.0625,80548150.0,12288.250547479853,32411.55413532427,0.03944864368970782,0.03986844282647469
unregistered,0.4,10000,Lomax (primary),4.0,v0.4: L = 90 days,90.0,259200.0,0.012821039665643229,55802662.42577422,8554.515812077885,22454.283731013147,0.027329483631485185,0.02775457932308733
unregistered,0.4,10000,Lomax (primary),4.0,v0.4: L = 365 days,365.0,1051200.0,0.0016091846768949585,50217947.761038795,7711.863467140857,20207.065369245538,0.024594356643244813,0.025020647694096686
unregistered,0.4,10000,exponential (comparison),1.0,v0.3: every absence vacates the seat,,,1.0,547524400.0,82748.18551553454,220316.8754466855,1.0,1.0
unregistered,0.4,10000,exponential (comparison),1.0,v0.4: L = 3 days,3.0,8640.0,0.6514390575310556,373903406.0686791,56551.29875418449,150453.98916271975,0.6828981613763315,0.6834143661502761
unregistered,0.4,10000,exponential (comparison),1.0,v0.4: L = 7 days,7.0,20160.0,0.36787944117144233,232660092.6830248,35239.73381736861,93619.47095154166,0.4249310034092084,0.4258671486005328
unregistered,0.4,10000,exponential (comparison),1.0,v0.4: L = 30 days,30.0,86400.0,0.013763786733050402,56272252.282026276,8625.370102276107,22643.240734337403,0.10277578913748187,0.10423636540836105
unregistered,0.4,10000,exponential (comparison),1.0,v0.4: L = 90 days,90.0,259200.0,2.6074368808253605e-6,49417698.78516983,7591.1175174314685,19885.055329249404,0.09025661465529176,0.09173757068070534
unregistered,0.4,10000,exponential (comparison),1.0,v0.4: L = 365 days,365.0,1051200.0,2.2627932376753912e-23,49416400.0,7590.921549609542,19884.532714566856,0.09025424255065162,0.09173520243757463
unregistered,0.4,10000,exponential (comparison),4.0,v0.3: every absence vacates the seat,,,4.0,2041848400.0,308219.97741330956,821613.9036430414,1.0,1.0
unregistered,0.4,10000,exponential (comparison),4.0,v0.4: L = 3 days,3.0,8640.0,2.6057562301242223,1347364424.2747164,203432.43036790937,542162.3585071785,0.6598748586206088,0.6600235068316657
unregistered,0.4,10000,exponential (comparison),4.0,v0.4: L = 7 days,7.0,20160.0,1.4715177646857693,782391170.7320992,118186.17062064582,314824.2856624661,0.3831778944666505,0.3834474702532448
unregistered,0.4,10000,exponential (comparison),4.0,v0.4: L = 30 days,30.0,86400.0,0.05505514693220161,76839809.12810507,11728.715760275803,30919.364793649034,0.03763247512797967,0.03805306800262368
unregistered,0.4,10000,exponential (comparison),4.0,v0.4: L = 90 days,90.0,259200.0,0.000010429747523301442,49421595.14067934,7591.705420897249,19886.623173297055,0.02420434109637098,0.024630802599524892
unregistered,0.4,10000,exponential (comparison),4.0,v0.4: L = 365 days,365.0,1051200.0,9.051172950701565e-23,49416400.0,7590.921549609542,19884.532714566856,0.02420179676414762,0.024628259379275885
unregistered,0.4,100000,Lomax (primary),1.0,v0.3: every absence vacates the seat,,,1.0,631314400.0,95413.51493163269,254032.90891236806,1.0,1.0
unregistered,0.4,100000,Lomax (primary),1.0,v0.4: L = 3 days,3.0,8640.0,0.25298221281347033,196693475.27257955,29835.528702033567,79146.96019538969,0.3115618387170949,0.3126970924759645
unregistered,0.4,100000,Lomax (primary),1.0,v0.4: L = 7 days,7.0,20160.0,0.10475656017578482,110454604.762753,16823.335452717634,44445.532290484814,0.17495974234510253,0.17632025677674884
unregistered,0.4,100000,Lomax (primary),1.0,v0.4: L = 30 days,30.0,86400.0,0.015625,58597150.0,8998.798572753363,23578.75009420721,0.09281769907355195,0.09431366802911868
unregistered,0.4,100000,Lomax (primary),1.0,v0.4: L = 90 days,90.0,259200.0,0.0032052599164108073,51371245.86144714,7908.514568614327,20671.13789996849,0.08137188991958229,0.08288673333417253
unregistered,0.4,100000,Lomax (primary),1.0,v0.4: L = 365 days,365.0,1051200.0,0.00040229616922373963,49740459.129623726,7662.45253211666,20014.929998959426,0.07878872892749433,0.08030783204671886
unregistered,0.4,100000,Lomax (primary),4.0,v0.3: every absence vacates the seat,,,4.0,2376738400.0,358772.65050155064,956369.3929296202,1.0,1.0
unregistered,0.4,100000,Lomax (primary),4.0,v0.4: L = 3 days,3.0,8640.0,1.0119288512538813,638254701.0903182,96460.70558315414,256825.59806170667,0.26854225988451996,0.2688630402799815
unregistered,0.4,100000,Lomax (primary),4.0,v0.4: L = 7 days,7.0,20160.0,0.41902624070313926,293299219.05101204,44411.93258589042,118019.88644208723,0.12340408142983345,0.1237885120947882
unregistered,0.4,100000,Lomax (primary),4.0,v0.4: L = 30 days,30.0,86400.0,0.0625,85869400.0,13113.785066033332,34552.75765697678,0.03612909186808275,0.03655179693240484
unregistered,0.4,100000,Lomax (primary),4.0,v0.4: L = 90 days,90.0,259200.0,0.012821039665643229,56965783.445788555,8752.649049477184,22922.308880021887,0.023968049426806314,0.024396087709699473
unregistered,0.4,100000,Lomax (primary),4.0,v0.4: L = 365 days,365.0,1051200.0,0.0016091846768949585,50442636.518494904,7768.400903486514,20297.47727598564,0.02122347016335281,0.021652712079994342
unregistered,0.4,100000,exponential (comparison),1.0,v0.3: every absence vacates the seat,,,1.0,631314400.0,95413.51493163269,254032.90891236806,1.0,1.0
unregistered,0.4,100000,exponential (comparison),1.0,v0.4: L = 3 days,3.0,8640.0,0.6514390575310556,428518855.1840284,64814.61209761366,172430.55331257536,0.6787725025502799,0.6793022156667818
unregistered,0.4,100000,exponential (comparison),1.0,v0.4: L = 7 days,7.0,20160.0,0.36787944117144233,263541601.90907452,39921.94028194522,106045.7986581448,0.417449058518346,0.4184097012938971
unregistered,0.4,100000,exponential (comparison),1.0,v0.4: L = 30 days,30.0,86400.0,0.013763786733050402,57514281.23158259,8835.40940038833,23143.017433568664,0.09110243839136663,0.09260123585971261
unregistered,0.4,100000,exponential (comparison),1.0,v0.4: L = 90 days,90.0,259200.0,2.6074368808253605e-6,49507917.02763677,7627.365305767705,19921.35800596775,0.07842038297817501,0.07994009351015938
unregistered,0.4,100000,exponential (comparison),1.0,v0.4: L = 365 days,365.0,1051200.0,2.2627932376753912e-23,49506400.0,7627.136408326709,19920.74757328402,0.07841798001122736,0.07993769450577137
unregistered,0.4,100000,exponential (comparison),4.0,v0.3: every absence vacates the seat,,,4.0,2376738400.0,358772.65050155064,956369.3929296202,1.0,1.0
unregistered,0.4,100000,exponential (comparison),4.0,v0.4: L = 3 days,3.0,8640.0,2.6057562301242223,1565556220.7361135,236377.0391654745,629959.9705304494,0.6586994263803343,0.6588491035619028
unregistered,0.4,100000,exponential (comparison),4.0,v0.4: L = 7 days,7.0,20160.0,1.4715177646857693,905647207.6362982,136806.35190280073,364420.9519127272,0.3810462302608895,0.381317672101122
unregistered,0.4,100000,exponential (comparison),4.0,v0.4: L = 30 days,30.0,86400.0,0.05505514693220161,81537924.92633034,12460.228376573186,32809.82701442258,0.034306646842719564,0.03473015113931972
unregistered,0.4,100000,exponential (comparison),4.0,v0.4: L = 90 days,90.0,259200.0,0.000010429747523301442,49512468.110547036,7628.051998090693,19923.189304018924,0.020832106768901043,0.021261520317747085
unregistered,0.4,100000,exponential (comparison),4.0,v0.4: L = 365 days,365.0,1051200.0,9.051172950701565e-23,49506400.0,7627.136408326709,19920.74757328402,0.0208295536437666,0.02125896831228428
unregistered,0.4,290000,Lomax (primary),1.0,v0.3: every absence vacates the seat,,,1.0,808204400.0,122151.43258783987,325211.20178436465,1.0,1.0
unregistered,0.4,290000,Lomax (primary),1.0,v0.4: L = 3 days,3.0,8640.0,0.25298221281347033,241585432.27671975,36656.85846881646,97210.91442252389,0.29891625469586625,0.30009356167359136
unregistered,0.4,290000,Lomax (primary),1.0,v0.4: L = 7 days,7.0,20160.0,0.10475656017578482,129155088.94581419,19692.752308103438,51970.36998639792,0.15980498119759579,0.16121589318195065
unregistered,0.4,290000,Lomax (primary),1.0,v0.4: L = 30 days,30.0,86400.0,0.015625,61548087.5,9491.837539403214,24766.16992360377,0.07615411089075981,0.07770549504261912
unregistered,0.4,290000,Lomax (primary),1.0,v0.4: L = 90 days,90.0,259200.0,0.0032052599164108073,52127615.28867693,8070.425081321696,20975.491366025282,0.06449805926406356,0.0660690170417625
unregistered,0.4,290000,Lomax (primary),1.0,v0.4: L = 365 days,365.0,1051200.0,0.00040229616922373963,50001544.862725556,7749.63192760127,20119.987587152213,0.06186744945056666,0.06344282472519068
unregistered,0.4,290000,Lomax (primary),4.0,v0.3: every absence vacates the seat,,,4.0,3083728400.0,465494.96035450394,1240853.203645731,1.0,1.0
unregistered,0.4,290000,Lomax (primary),4.0,v0.4: L = 3 days,3.0,8640.0,1.0119288512538813,817252529.106879,123516.66387841036,328852.0541983681,0.26502091724643423,0.26534479295832675
unregistered,0.4,290000,Lomax (primary),4.0,v0.4: L = 7 days,7.0,20160.0,0.41902624070313926,367531155.78325677,55660.23923555823,147889.87645386424,0.11918402275091956,0.11957216291486684
unregistered,0.4,290000,Lomax (primary),4.0,v0.4: L = 30 days,30.0,86400.0,0.0625,97103150.0,14856.580160757341,39073.07620268762,0.031488878851976716,0.031915662737665544
unregistered,0.4,290000,Lomax (primary),4.0,v0.4: L = 90 days,90.0,259200.0,0.012821039665643229,59421261.15470771,9170.930328431265,23910.361972373667,0.01926929140539994,0.01970145997165473
unregistered,0.4,290000,Lomax (primary),4.0,v0.4: L = 365 days,365.0,1051200.0,0.0016091846768949585,50916979.45090224,7887.757713549564,20488.3468568814,0.01651149934310111,0.01694488315736552
unregistered,0.4,290000,exponential (comparison),1.0,v0.3: every absence vacates the seat,,,1.0,808204400.0,122151.43258783987,325211.20178436465,1.0,1.0
unregistered,0.4,290000,exponential (comparison),1.0,v0.4: L = 3 days,3.0,8640.0,0.6514390575310556,543818136.649766,82259.38471151967,218825.5220733817,0.6728720316911984,0.6734213669771447
unregistered,0.4,290000,exponential (comparison),1.0,v0.4: L = 7 days,7.0,20160.0,0.36787944117144233,328735899.1640684,49806.59837382917,132279.15714986259,0.4067484650715443,0.40774469294916316
unregistered,0.4,290000,exponential (comparison),1.0,v0.4: L = 30 days,30.0,86400.0,0.013763786733050402,60136342.34731259,9278.825696403017,24198.101576390214,0.0744073434236594,0.07596166086493136
unregistered,0.4,290000,exponential (comparison),1.0,v0.4: L = 90 days,90.0,259200.0,2.6074368808253605e-6,49698377.76173361,7703.888414477537,19997.996990150918,0.06149233753458111,0.06306834272236325
unregistered,0.4,290000,exponential (comparison),1.0,v0.4: L = 365 days,365.0,1051200.0,2.2627932376753912e-23,49696400.0,7703.589998951839,19997.201163909154,0.06148989042870838,0.0630658997258353
unregistered,0.4,290000,exponential (comparison),4.0,v0.3: every absence vacates the seat,,,4.0,3083728400.0,465494.96035450394,1240853.203645731,1.0,1.0
unregistered,0.4,290000,exponential (comparison),4.0,v0.4: L = 3 days,3.0,8640.0,2.6057562301242223,2026183346.5990639,305926.76884922315,815310.4848017994,0.6570563563895783,0.657207477855916
unregistered,0.4,290000,exponential (comparison),4.0,v0.4: L = 7 days,7.0,20160.0,1.4715177646857693,1165854396.6562736,176115.62349846115,469125.02510772285,0.3780664978978932,0.3783405589704729
unregistered,0.4,290000,exponential (comparison),4.0,v0.4: L = 30 days,30.0,86400.0,0.05505514693220161,91456169.38925038,14004.53278875655,36800.802813833405,0.029657660314459076,0.030085251144483308
unregistered,0.4,290000,exponential (comparison),4.0,v0.4: L = 90 days,90.0,259200.0,0.000010429747523301442,49704311.04693441,7704.783661054627,20000.384468876204,0.016118251869047355,0.016551808971652336
unregistered,0.4,290000,exponential (comparison),4.0,v0.4: L = 365 days,365.0,1051200.0,9.051172950701565e-23,49696400.0,7703.589998951839,19997.201163909154,0.016115686452801745,0.016549244685882456
unregistered,0.4,1000000,Lomax (primary),1.0,v0.3: every absence vacates the seat,,,1.0,1469214400.0,222066.8090926141,591193.2435691939,1.0,1.0
unregistered,0.4,1000000,Lomax (primary),1.0,v0.4: L = 3 days,3.0,8640.0,0.25298221281347033,409339587.39745426,62147.090755215744,164713.0591660254,0.278611200242425,0.2798576293735863
unregistered,0.4,1000000,Lomax (primary),1.0,v0.4: L = 7 days,7.0,20160.0,0.10475656017578482,199035845.6298849,30415.310030860906,80089.5003237574,0.13547093305775174,0.1369646826337566
unregistered,0.4,1000000,Lomax (primary),1.0,v0.4: L = 30 days,30.0,86400.0,0.015625,72575275.0,11334.246309515813,29203.370338717228,0.049397334384961106,0.05103980354303559
unregistered,0.4,1000000,Lomax (primary),1.0,v0.4: L = 90 days,90.0,259200.0,0.0032052599164108073,54954048.41148299,8675.459102491333,22112.812212869092,0.03740369575160915,0.03906688774400856
unregistered,0.4,1000000,Lomax (primary),1.0,v0.4: L = 365 days,365.0,1051200.0,0.00040229616922373963,50977181.02326399,8075.407563359552,20512.571206188422,0.03469689721477273,0.03636476606457502
unregistered,0.4,1000000,Lomax (primary),4.0,v0.3: every absence vacates the seat,,,4.0,5725638400.0,864299.3813839613,2303924.2857954088,1.0,1.0
unregistered,0.4,1000000,Lomax (primary),4.0,v0.4: L = 3 days,3.0,8640.0,1.0119288512538813,1486139149.589817,224620.5080343678,598003.5481827345,0.2595586807559864,0.2598873872554366
unregistered,0.4,1000000,Lomax (primary),4.0,v0.4: L = 7 days,7.0,20160.0,0.41902624070313926,644924182.5195396,97693.38513694849,259509.3128136625,0.1126379518691819,0.11303188136096631
unregistered,0.4,1000000,Lomax (primary),4.0,v0.4: L = 30 days,30.0,86400.0,0.0625,139081900.0,21369.130251568113,55964.79287350183,0.0242910729395695,0.02472422254583909
unregistered,0.4,1000000,Lomax (primary),4.0,v0.4: L = 90 days,90.0,259200.0,0.012821039665643229,68596993.64593193,10733.981423470195,27602.560370109277,0.011980671648061452,0.012419286250422145
unregistered,0.4,1000000,Lomax (primary),4.0,v0.4: L = 365 days,365.0,1051200.0,0.0016091846768949585,52689524.09305598,8333.77526694307,21201.596343386613,0.009202384155635113,0.009642232132109818
unregistered,0.4,1000000,exponential (comparison),1.0,v0.3: every absence vacates the seat,,,1.0,1469214400.0,222066.8090926141,591193.2435691939,1.0,1.0
unregistered,0.4,1000000,exponential (comparison),1.0,v0.4: L = 3 days,3.0,8640.0,0.6514390575310556,974673346.3375219,147447.7455319053,392196.19481113163,0.6633976268797269,0.6639792147885164
unregistered,0.4,1000000,exponential (comparison),1.0,v0.4: L = 7 days,7.0,20160.0,0.36787944117144233,572356694.1695716,86744.0049277113,230309.07572417625,0.38956648816508443,0.39062120666368594
unregistered,0.4,1000000,exponential (comparison),1.0,v0.4: L = 30 days,30.0,86400.0,0.013763786733050402,69934570.72714578,10935.80238151054,28140.78442588128,0.04759997637318677,0.049245551040226404
unregistered,0.4,1000000,exponential (comparison),1.0,v0.4: L = 90 days,90.0,259200.0,2.6074368808253605e-6,50410099.45230602,7989.843189130067,20284.384773151174,0.03431092116460744,0.035979456911085984
unregistered,0.4,1000000,exponential (comparison),1.0,v0.4: L = 365 days,365.0,1051200.0,2.2627932376753912e-23,50406400.0,7989.28499549838,20282.896160455693,0.03430840318472239,0.03597694328181393
unregistered,0.4,1000000,exponential (comparison),4.0,v0.3: every absence vacates the seat,,,4.0,5725638400.0,864299.3813839613,2303924.2857954088,1.0,1.0
unregistered,0.4,1000000,exponential (comparison),4.0,v0.4: L = 3 days,3.0,8640.0,2.6057562301242223,3747474185.3500876,565823.1271411261,1507936.0907631596,0.6545076589800165,0.6546610345076269
unregistered,0.4,1000000,exponential (comparison),4.0,v0.4: L = 7 days,7.0,20160.0,1.4715177646857693,2138207576.6782868,323008.16472435003,860387.614415338,0.37344439646735056,0.373722545314255
unregistered,0.4,1000000,exponential (comparison),4.0,v0.4: L = 30 days,30.0,86400.0,0.05505514693220161,128519082.9085831,19775.354539547017,51714.449222158044,0.02244624510492718,0.02288021369155869
unregistered,0.4,1000000,exponential (comparison),4.0,v0.4: L = 90 days,90.0,259200.0,0.000010429747523301442,50421197.80922404,7991.517770025125,20288.850611237605,0.008806214134868182,0.009246237984376073
unregistered,0.4,1000000,exponential (comparison),4.0,v0.4: L = 365 days,365.0,1051200.0,9.051172950701565e-23,50406400.0,7989.28499549838,20282.896160455693,0.008803629652895998,0.009243654649741298
