layout,approvals,attacker_fraction,failure_target,duration_model,absences_per_id_per_year,departures_per_id_per_year,long_absence_days,long_absence_blocks,capped_mean_absence_days,absent_seat_share,required_ordinary_uptime,status
unregistered PoWit,27 of 40,0.0,0.01,Lomax (primary),1.0,0.0,3.0,8640.0,1.4701778718652965,0.004027884580452867,0.8182432471806352,reachable
unregistered PoWit,27 of 40,0.0,0.01,Lomax (primary),1.0,0.0,7.0,20160.0,2.1143819168358733,0.005792827169413352,0.8196958140042749,reachable
unregistered PoWit,27 of 40,0.0,0.01,Lomax (primary),1.0,0.0,30.0,86400.0,3.0,0.00821917808219178,0.8217011660362532,reachable
unregistered PoWit,27 of 40,0.0,0.01,Lomax (primary),1.0,0.0,90.0,259200.0,3.4102321753804112,0.009343101850357291,0.8226334055154941,reachable
unregistered PoWit,27 of 40,0.0,0.01,Lomax (primary),1.0,0.0,365.0,1051200.0,3.7047146117897753,0.010149903045999385,0.8233039127136925,reachable
unregistered PoWit,27 of 40,0.0,0.01,Lomax (primary),1.0,0.1,3.0,8640.0,1.4701778718652965,0.004849802388672045,0.8189190534035824,reachable
unregistered PoWit,27 of 40,0.0,0.01,Lomax (primary),1.0,0.1,7.0,20160.0,2.1143819168358733,0.007710635388591434,0.8212800488307148,reachable
unregistered PoWit,27 of 40,0.0,0.01,Lomax (primary),1.0,0.1,30.0,86400.0,3.0,0.01643835616438356,0.8285677495964449,reachable
unregistered PoWit,27 of 40,0.0,0.01,Lomax (primary),1.0,0.1,90.0,259200.0,3.4102321753804112,0.034000636096932636,0.843631464237726,reachable
unregistered PoWit,27 of 40,0.0,0.01,Lomax (primary),1.0,0.1,365.0,1051200.0,3.7047146117897753,0.11014990304599938,0.915825553777946,reachable
unregistered PoWit,27 of 40,0.0,0.01,Lomax (primary),1.0,0.25,3.0,8640.0,1.4701778718652965,0.0060826791010008124,0.8199348584499321,reachable
unregistered PoWit,27 of 40,0.0,0.01,Lomax (primary),1.0,0.25,7.0,20160.0,2.1143819168358733,0.010587347717358557,0.8236679164574237,reachable
unregistered PoWit,27 of 40,0.0,0.01,Lomax (primary),1.0,0.25,30.0,86400.0,3.0,0.028767123287671233,0.839085534852253,reachable
unregistered PoWit,27 of 40,0.0,0.01,Lomax (primary),1.0,0.25,90.0,259200.0,3.4102321753804112,0.07098693746679564,0.877218513591276,reachable
unregistered PoWit,27 of 40,0.0,0.01,Lomax (primary),1.0,0.25,365.0,1051200.0,3.7047146117897753,0.2601499030459994,,not reachable
unregistered PoWit,27 of 40,0.0,0.01,Lomax (primary),4.0,0.0,3.0,8640.0,1.4701778718652965,0.016111538321811468,0.828292524573594,reachable
unregistered PoWit,27 of 40,0.0,0.01,Lomax (primary),4.0,0.0,7.0,20160.0,2.1143819168358733,0.023171308677653407,0.8342787891693179,reachable
unregistered PoWit,27 of 40,0.0,0.01,Lomax (primary),4.0,0.0,30.0,86400.0,3.0,0.03287671232876712,0.8426510541221633,reachable
unregistered PoWit,27 of 40,0.0,0.01,Lomax (primary),4.0,0.0,90.0,259200.0,3.4102321753804112,0.037372407401429164,0.8465864308152043,reachable
unregistered PoWit,27 of 40,0.0,0.01,Lomax (primary),4.0,0.0,365.0,1051200.0,3.7047146117897753,0.04059961218399754,0.8494341550949533,reachable
unregistered PoWit,27 of 40,0.0,0.01,Lomax (primary),4.0,0.1,3.0,8640.0,1.4701778718652965,0.016933456130030645,0.8289850396231673,reachable
unregistered PoWit,27 of 40,0.0,0.01,Lomax (primary),4.0,0.1,7.0,20160.0,2.1143819168358733,0.025089116896831486,0.8359199511941606,reachable
unregistered PoWit,27 of 40,0.0,0.01,Lomax (primary),4.0,0.1,30.0,86400.0,3.0,0.0410958904109589,0.8498737774432105,reachable
unregistered PoWit,27 of 40,0.0,0.01,Lomax (primary),4.0,0.1,90.0,259200.0,3.4102321753804112,0.06202994164800451,0.8688416549821554,reachable
unregistered PoWit,27 of 40,0.0,0.01,Lomax (primary),4.0,0.1,365.0,1051200.0,3.7047146117897753,0.14059961218399752,0.9482744822739558,reachable
unregistered PoWit,27 of 40,0.0,0.01,Lomax (primary),4.0,0.25,3.0,8640.0,1.4701778718652965,0.01816633284235941,0.8300259861545477,reachable
unregistered PoWit,27 of 40,0.0,0.01,Lomax (primary),4.0,0.25,7.0,20160.0,2.1143819168358733,0.02796582922559861,0.83839383668272,reachable
unregistered PoWit,27 of 40,0.0,0.01,Lomax (primary),4.0,0.25,30.0,86400.0,3.0,0.05342465753424658,0.8609430451667833,reachable
unregistered PoWit,27 of 40,0.0,0.01,Lomax (primary),4.0,0.25,90.0,259200.0,3.4102321753804112,0.09901624301786752,0.9045084903105728,reachable
unregistered PoWit,27 of 40,0.0,0.01,Lomax (primary),4.0,0.25,365.0,1051200.0,3.7047146117897753,0.29059961218399755,,not reachable
unregistered PoWit,27 of 40,0.0,0.01,exponential (comparison),1.0,0.0,3.0,8640.0,2.4399265972826107,0.006684730403514002,0.8204318233759885,reachable
unregistered PoWit,27 of 40,0.0,0.01,exponential (comparison),1.0,0.0,7.0,20160.0,4.424843911799904,0.012122860032328504,0.824948189254512,reachable
unregistered PoWit,27 of 40,0.0,0.01,exponential (comparison),1.0,0.0,30.0,86400.0,6.903653492868647,0.018914119158544237,0.8306586342097739,reachable
unregistered PoWit,27 of 40,0.0,0.01,exponential (comparison),1.0,0.0,90.0,259200.0,6.999981747941834,0.01917803218614201,0.8308821422899846,reachable
unregistered PoWit,27 of 40,0.0,0.01,exponential (comparison),1.0,0.0,365.0,1051200.0,7.0,0.019178082191780823,0.8308821846511835,reachable
unregistered PoWit,27 of 40,0.0,0.01,exponential (comparison),1.0,0.1,3.0,8640.0,2.4399265972826107,0.00750664821173318,0.8211112511271643,reachable
unregistered PoWit,27 of 40,0.0,0.01,exponential (comparison),1.0,0.1,7.0,20160.0,4.424843911799904,0.014040668251506587,0.8265528116428844,reachable
unregistered PoWit,27 of 40,0.0,0.01,exponential (comparison),1.0,0.1,30.0,86400.0,6.903653492868647,0.027133297240736015,0.8376763800332423,reachable
unregistered PoWit,27 of 40,0.0,0.01,exponential (comparison),1.0,0.1,90.0,259200.0,6.999981747941834,0.043835566432717354,0.8523089012857651,reachable
unregistered PoWit,27 of 40,0.0,0.01,exponential (comparison),1.0,0.1,365.0,1051200.0,7.0,0.11917808219178082,0.9252125104358435,reachable
unregistered PoWit,27 of 40,0.0,0.01,exponential (comparison),1.0,0.25,3.0,8640.0,2.4399265972826107,0.008739524924061947,0.8221325053435884,reachable
unregistered PoWit,27 of 40,0.0,0.01,exponential (comparison),1.0,0.25,7.0,20160.0,4.424843911799904,0.01691738058027371,0.8289714839056833,reachable
unregistered PoWit,27 of 40,0.0,0.01,exponential (comparison),1.0,0.25,30.0,86400.0,6.903653492868647,0.039462064364023684,0.8484281854861634,reachable
unregistered PoWit,27 of 40,0.0,0.01,exponential (comparison),1.0,0.25,90.0,259200.0,6.999981747941834,0.08082186780258037,0.88660448859245,reachable
unregistered PoWit,27 of 40,0.0,0.01,exponential (comparison),1.0,0.25,365.0,1051200.0,7.0,0.2691780821917808,,not reachable
unregistered PoWit,27 of 40,0.0,0.01,exponential (comparison),4.0,0.0,3.0,8640.0,2.4399265972826107,0.02673892161405601,0.8373369447525482,reachable
unregistered PoWit,27 of 40,0.0,0.01,exponential (comparison),4.0,0.0,7.0,20160.0,4.424843911799904,0.048491440129314015,0.8564793762160284,reachable
unregistered PoWit,27 of 40,0.0,0.01,exponential (comparison),4.0,0.0,30.0,86400.0,6.903653492868647,0.07565647663417695,0.8816499896648583,reachable
unregistered PoWit,27 of 40,0.0,0.01,exponential (comparison),4.0,0.0,90.0,259200.0,6.999981747941834,0.07671212874456804,0.8826580346107433,reachable
unregistered PoWit,27 of 40,0.0,0.01,exponential (comparison),4.0,0.0,365.0,1051200.0,7.0,0.07671232876712329,0.8826582258312275,reachable
unregistered PoWit,27 of 40,0.0,0.01,exponential (comparison),4.0,0.1,3.0,8640.0,2.4399265972826107,0.027560839422275187,0.8380446724688642,reachable
unregistered PoWit,27 of 40,0.0,0.01,exponential (comparison),4.0,0.1,7.0,20160.0,4.424843911799904,0.0504092483484921,0.858209135256338,reachable
unregistered PoWit,27 of 40,0.0,0.01,exponential (comparison),4.0,0.1,30.0,86400.0,6.903653492868647,0.08387565471636874,0.8895598747241562,reachable
unregistered PoWit,27 of 40,0.0,0.01,exponential (comparison),4.0,0.1,90.0,259200.0,6.999981747941834,0.10136966299114339,0.9068773045598001,reachable
unregistered PoWit,27 of 40,0.0,0.01,exponential (comparison),4.0,0.1,365.0,1051200.0,7.0,0.17671232876712328,0.9898696243098958,reachable
unregistered PoWit,27 of 40,0.0,0.01,exponential (comparison),4.0,0.25,3.0,8640.0,2.4399265972826107,0.028793716134603953,0.8391085100672638,reachable
unregistered PoWit,27 of 40,0.0,0.01,exponential (comparison),4.0,0.25,7.0,20160.0,4.424843911799904,0.05328596067725922,0.860816914054906,reachable
unregistered PoWit,27 of 40,0.0,0.01,exponential (comparison),4.0,0.25,30.0,86400.0,6.903653492868647,0.0962044218396564,0.901694451173422,reachable
unregistered PoWit,27 of 40,0.0,0.01,exponential (comparison),4.0,0.25,90.0,259200.0,6.999981747941834,0.13835596436100642,0.9458052561321255,reachable
unregistered PoWit,27 of 40,0.0,0.01,exponential (comparison),4.0,0.25,365.0,1051200.0,7.0,0.3267123287671233,,not reachable
unregistered PoWit,27 of 40,0.1,0.01,Lomax (primary),1.0,0.0,3.0,8640.0,1.4701778718652965,0.004027884580452867,0.9091591635340391,reachable
unregistered PoWit,27 of 40,0.1,0.01,Lomax (primary),1.0,0.0,7.0,20160.0,2.1143819168358733,0.005792827169413352,0.9107731266714166,reachable
unregistered PoWit,27 of 40,0.1,0.01,Lomax (primary),1.0,0.0,30.0,86400.0,3.0,0.00821917808219178,0.9130012955958369,reachable
unregistered PoWit,27 of 40,0.1,0.01,Lomax (primary),1.0,0.0,90.0,259200.0,3.4102321753804112,0.009343101850357291,0.9140371172394379,reachable
unregistered PoWit,27 of 40,0.1,0.01,Lomax (primary),1.0,0.0,365.0,1051200.0,3.7047146117897753,0.010149903045999385,0.9147821252374362,reachable
unregistered PoWit,27 of 40,0.1,0.01,Lomax (primary),1.0,0.1,3.0,8640.0,1.4701778718652965,0.004849802388672045,0.9099100593373137,reachable
unregistered PoWit,27 of 40,0.1,0.01,Lomax (primary),1.0,0.1,7.0,20160.0,2.1143819168358733,0.007710635388591434,0.9125333875896832,reachable
unregistered PoWit,27 of 40,0.1,0.01,Lomax (primary),1.0,0.1,30.0,86400.0,3.0,0.01643835616438356,0.9206308328849386,reachable
unregistered PoWit,27 of 40,0.1,0.01,Lomax (primary),1.0,0.1,90.0,259200.0,3.4102321753804112,0.034000636096932636,0.9373682935974733,reachable
unregistered PoWit,27 of 40,0.1,0.01,Lomax (primary),1.0,0.1,365.0,1051200.0,3.7047146117897753,0.11014990304599938,,not reachable
unregistered PoWit,27 of 40,0.1,0.01,Lomax (primary),1.0,0.25,3.0,8640.0,1.4701778718652965,0.0060826791010008124,0.9110387316110357,reachable
unregistered PoWit,27 of 40,0.1,0.01,Lomax (primary),1.0,0.25,7.0,20160.0,2.1143819168358733,0.010587347717358557,0.9151865738415818,reachable
unregistered PoWit,27 of 40,0.1,0.01,Lomax (primary),1.0,0.25,30.0,86400.0,3.0,0.028767123287671233,0.9323172609469478,reachable
unregistered PoWit,27 of 40,0.1,0.01,Lomax (primary),1.0,0.25,90.0,259200.0,3.4102321753804112,0.07098693746679564,0.9746872373236399,reachable
unregistered PoWit,27 of 40,0.1,0.01,Lomax (primary),1.0,0.25,365.0,1051200.0,3.7047146117897753,0.2601499030459994,,not reachable
unregistered PoWit,27 of 40,0.1,0.01,Lomax (primary),4.0,0.0,3.0,8640.0,1.4701778718652965,0.016111538321811468,0.9203250273039933,reachable
unregistered PoWit,27 of 40,0.1,0.01,Lomax (primary),4.0,0.0,7.0,20160.0,2.1143819168358733,0.023171308677653407,0.9269764324103531,reachable
unregistered PoWit,27 of 40,0.1,0.01,Lomax (primary),4.0,0.0,30.0,86400.0,3.0,0.03287671232876712,0.9362789490246259,reachable
unregistered PoWit,27 of 40,0.1,0.01,Lomax (primary),4.0,0.0,90.0,259200.0,3.4102321753804112,0.037372407401429164,0.9406515897946714,reachable
unregistered PoWit,27 of 40,0.1,0.01,Lomax (primary),4.0,0.0,365.0,1051200.0,3.7047146117897753,0.04059961218399754,0.9438157278832815,reachable
unregistered PoWit,27 of 40,0.1,0.01,Lomax (primary),4.0,0.1,3.0,8640.0,1.4701778718652965,0.016933456130030645,0.9210944884701858,reachable
unregistered PoWit,27 of 40,0.1,0.01,Lomax (primary),4.0,0.1,7.0,20160.0,2.1143819168358733,0.025089116896831486,0.9287999457712895,reachable
unregistered PoWit,27 of 40,0.1,0.01,Lomax (primary),4.0,0.1,30.0,86400.0,3.0,0.0410958904109589,0.9443041971591226,reachable
unregistered PoWit,27 of 40,0.1,0.01,Lomax (primary),4.0,0.1,90.0,259200.0,3.4102321753804112,0.06202994164800451,0.9653796166468394,reachable
unregistered PoWit,27 of 40,0.1,0.01,Lomax (primary),4.0,0.1,365.0,1051200.0,3.7047146117897753,0.14059961218399752,,not reachable
unregistered PoWit,27 of 40,0.1,0.01,Lomax (primary),4.0,0.25,3.0,8640.0,1.4701778718652965,0.01816633284235941,0.9222510957272751,reachable
unregistered PoWit,27 of 40,0.1,0.01,Lomax (primary),4.0,0.25,7.0,20160.0,2.1143819168358733,0.02796582922559861,0.9315487074252444,reachable
unregistered PoWit,27 of 40,0.1,0.01,Lomax (primary),4.0,0.25,30.0,86400.0,3.0,0.05342465753424658,0.9566033835186482,reachable
unregistered PoWit,27 of 40,0.1,0.01,Lomax (primary),4.0,0.25,90.0,259200.0,3.4102321753804112,0.09901624301786752,,not reachable
unregistered PoWit,27 of 40,0.1,0.01,Lomax (primary),4.0,0.25,365.0,1051200.0,3.7047146117897753,0.29059961218399755,,not reachable
unregistered PoWit,27 of 40,0.1,0.01,exponential (comparison),1.0,0.0,3.0,8640.0,2.4399265972826107,0.006684730403514002,0.9115909148622094,reachable
unregistered PoWit,27 of 40,0.1,0.01,exponential (comparison),1.0,0.0,7.0,20160.0,4.424843911799904,0.012122860032328504,0.9166090991716799,reachable
unregistered PoWit,27 of 40,0.1,0.01,exponential (comparison),1.0,0.0,30.0,86400.0,6.903653492868647,0.018914119158544237,0.92295403801086,reachable
unregistered PoWit,27 of 40,0.1,0.01,exponential (comparison),1.0,0.0,90.0,259200.0,6.999981747941834,0.01917803218614201,0.923202380322205,reachable
unregistered PoWit,27 of 40,0.1,0.01,exponential (comparison),1.0,0.0,365.0,1051200.0,7.0,0.019178082191780823,0.9232024273902039,reachable
unregistered PoWit,27 of 40,0.1,0.01,exponential (comparison),1.0,0.1,3.0,8640.0,2.4399265972826107,0.00750664821173318,0.9123458345857381,reachable
unregistered PoWit,27 of 40,0.1,0.01,exponential (comparison),1.0,0.1,7.0,20160.0,4.424843911799904,0.014040668251506587,0.9183920129365382,reachable
unregistered PoWit,27 of 40,0.1,0.01,exponential (comparison),1.0,0.1,30.0,86400.0,6.903653492868647,0.027133297240736015,0.9307515333702693,reachable
unregistered PoWit,27 of 40,0.1,0.01,exponential (comparison),1.0,0.1,90.0,259200.0,6.999981747941834,0.043835566432717354,0.9470098903175168,reachable
unregistered PoWit,27 of 40,0.1,0.01,exponential (comparison),1.0,0.1,365.0,1051200.0,7.0,0.11917808219178082,,not reachable
unregistered PoWit,27 of 40,0.1,0.01,exponential (comparison),1.0,0.25,3.0,8640.0,2.4399265972826107,0.008739524924061947,0.913480561492876,reachable
unregistered PoWit,27 of 40,0.1,0.01,exponential (comparison),1.0,0.25,7.0,20160.0,4.424843911799904,0.01691738058027371,0.9210794265618704,reachable
unregistered PoWit,27 of 40,0.1,0.01,exponential (comparison),1.0,0.25,30.0,86400.0,6.903653492868647,0.039462064364023684,0.942697983873515,reachable
unregistered PoWit,27 of 40,0.1,0.01,exponential (comparison),1.0,0.25,90.0,259200.0,6.999981747941834,0.08082186780258037,0.9851160984360555,reachable
unregistered PoWit,27 of 40,0.1,0.01,exponential (comparison),1.0,0.25,365.0,1051200.0,7.0,0.2691780821917808,,not reachable
unregistered PoWit,27 of 40,0.1,0.01,exponential (comparison),4.0,0.0,3.0,8640.0,2.4399265972826107,0.02673892161405601,0.9303743830583868,reachable
unregistered PoWit,27 of 40,0.1,0.01,exponential (comparison),4.0,0.0,7.0,20160.0,4.424843911799904,0.048491440129314015,0.9516437513511428,reachable
unregistered PoWit,27 of 40,0.1,0.01,exponential (comparison),4.0,0.0,30.0,86400.0,6.903653492868647,0.07565647663417695,0.9796110996276204,reachable
unregistered PoWit,27 of 40,0.1,0.01,exponential (comparison),4.0,0.0,90.0,259200.0,6.999981747941834,0.07671212874456804,0.9807311495674925,reachable
unregistered PoWit,27 of 40,0.1,0.01,exponential (comparison),4.0,0.0,365.0,1051200.0,7.0,0.07671232876712329,0.9807313620346972,reachable
unregistered PoWit,27 of 40,0.1,0.01,exponential (comparison),4.0,0.1,3.0,8640.0,2.4399265972826107,0.027560839422275187,0.9311607471876269,reachable
unregistered PoWit,27 of 40,0.1,0.01,exponential (comparison),4.0,0.1,7.0,20160.0,4.424843911799904,0.0504092483484921,0.9535657058403756,reachable
unregistered PoWit,27 of 40,0.1,0.01,exponential (comparison),4.0,0.1,30.0,86400.0,6.903653492868647,0.08387565471636874,0.988399860804618,reachable
unregistered PoWit,27 of 40,0.1,0.01,exponential (comparison),4.0,0.1,90.0,259200.0,6.999981747941834,0.10136966299114339,,not reachable
unregistered PoWit,27 of 40,0.1,0.01,exponential (comparison),4.0,0.1,365.0,1051200.0,7.0,0.17671232876712328,,not reachable
unregistered PoWit,27 of 40,0.1,0.01,exponential (comparison),4.0,0.25,3.0,8640.0,2.4399265972826107,0.028793716134603953,0.9323427889636264,reachable
unregistered PoWit,27 of 40,0.1,0.01,exponential (comparison),4.0,0.25,7.0,20160.0,4.424843911799904,0.05328596067725922,0.9564632378387844,reachable
unregistered PoWit,27 of 40,0.1,0.01,exponential (comparison),4.0,0.25,30.0,86400.0,6.903653492868647,0.0962044218396564,,not reachable
unregistered PoWit,27 of 40,0.1,0.01,exponential (comparison),4.0,0.25,90.0,259200.0,6.999981747941834,0.13835596436100642,,not reachable
unregistered PoWit,27 of 40,0.1,0.01,exponential (comparison),4.0,0.25,365.0,1051200.0,7.0,0.3267123287671233,,not reachable
unregistered PoWit,27 of 40,0.2,0.01,Lomax (primary),1.0,0.0,3.0,8640.0,1.4701778718652965,0.004027884580452867,,not reachable
unregistered PoWit,27 of 40,0.2,0.01,Lomax (primary),1.0,0.0,7.0,20160.0,2.1143819168358733,0.005792827169413352,,not reachable
unregistered PoWit,27 of 40,0.2,0.01,Lomax (primary),1.0,0.0,30.0,86400.0,3.0,0.00821917808219178,,not reachable
unregistered PoWit,27 of 40,0.2,0.01,Lomax (primary),1.0,0.0,90.0,259200.0,3.4102321753804112,0.009343101850357291,,not reachable
unregistered PoWit,27 of 40,0.2,0.01,Lomax (primary),1.0,0.0,365.0,1051200.0,3.7047146117897753,0.010149903045999385,,not reachable
unregistered PoWit,27 of 40,0.2,0.01,Lomax (primary),1.0,0.1,3.0,8640.0,1.4701778718652965,0.004849802388672045,,not reachable
unregistered PoWit,27 of 40,0.2,0.01,Lomax (primary),1.0,0.1,7.0,20160.0,2.1143819168358733,0.007710635388591434,,not reachable
unregistered PoWit,27 of 40,0.2,0.01,Lomax (primary),1.0,0.1,30.0,86400.0,3.0,0.01643835616438356,,not reachable
unregistered PoWit,27 of 40,0.2,0.01,Lomax (primary),1.0,0.1,90.0,259200.0,3.4102321753804112,0.034000636096932636,,not reachable
unregistered PoWit,27 of 40,0.2,0.01,Lomax (primary),1.0,0.1,365.0,1051200.0,3.7047146117897753,0.11014990304599938,,not reachable
unregistered PoWit,27 of 40,0.2,0.01,Lomax (primary),1.0,0.25,3.0,8640.0,1.4701778718652965,0.0060826791010008124,,not reachable
unregistered PoWit,27 of 40,0.2,0.01,Lomax (primary),1.0,0.25,7.0,20160.0,2.1143819168358733,0.010587347717358557,,not reachable
unregistered PoWit,27 of 40,0.2,0.01,Lomax (primary),1.0,0.25,30.0,86400.0,3.0,0.028767123287671233,,not reachable
unregistered PoWit,27 of 40,0.2,0.01,Lomax (primary),1.0,0.25,90.0,259200.0,3.4102321753804112,0.07098693746679564,,not reachable
unregistered PoWit,27 of 40,0.2,0.01,Lomax (primary),1.0,0.25,365.0,1051200.0,3.7047146117897753,0.2601499030459994,,not reachable
unregistered PoWit,27 of 40,0.2,0.01,Lomax (primary),4.0,0.0,3.0,8640.0,1.4701778718652965,0.016111538321811468,,not reachable
unregistered PoWit,27 of 40,0.2,0.01,Lomax (primary),4.0,0.0,7.0,20160.0,2.1143819168358733,0.023171308677653407,,not reachable
unregistered PoWit,27 of 40,0.2,0.01,Lomax (primary),4.0,0.0,30.0,86400.0,3.0,0.03287671232876712,,not reachable
unregistered PoWit,27 of 40,0.2,0.01,Lomax (primary),4.0,0.0,90.0,259200.0,3.4102321753804112,0.037372407401429164,,not reachable
unregistered PoWit,27 of 40,0.2,0.01,Lomax (primary),4.0,0.0,365.0,1051200.0,3.7047146117897753,0.04059961218399754,,not reachable
unregistered PoWit,27 of 40,0.2,0.01,Lomax (primary),4.0,0.1,3.0,8640.0,1.4701778718652965,0.016933456130030645,,not reachable
unregistered PoWit,27 of 40,0.2,0.01,Lomax (primary),4.0,0.1,7.0,20160.0,2.1143819168358733,0.025089116896831486,,not reachable
unregistered PoWit,27 of 40,0.2,0.01,Lomax (primary),4.0,0.1,30.0,86400.0,3.0,0.0410958904109589,,not reachable
unregistered PoWit,27 of 40,0.2,0.01,Lomax (primary),4.0,0.1,90.0,259200.0,3.4102321753804112,0.06202994164800451,,not reachable
unregistered PoWit,27 of 40,0.2,0.01,Lomax (primary),4.0,0.1,365.0,1051200.0,3.7047146117897753,0.14059961218399752,,not reachable
unregistered PoWit,27 of 40,0.2,0.01,Lomax (primary),4.0,0.25,3.0,8640.0,1.4701778718652965,0.01816633284235941,,not reachable
unregistered PoWit,27 of 40,0.2,0.01,Lomax (primary),4.0,0.25,7.0,20160.0,2.1143819168358733,0.02796582922559861,,not reachable
unregistered PoWit,27 of 40,0.2,0.01,Lomax (primary),4.0,0.25,30.0,86400.0,3.0,0.05342465753424658,,not reachable
unregistered PoWit,27 of 40,0.2,0.01,Lomax (primary),4.0,0.25,90.0,259200.0,3.4102321753804112,0.09901624301786752,,not reachable
unregistered PoWit,27 of 40,0.2,0.01,Lomax (primary),4.0,0.25,365.0,1051200.0,3.7047146117897753,0.29059961218399755,,not reachable
unregistered PoWit,27 of 40,0.2,0.01,exponential (comparison),1.0,0.0,3.0,8640.0,2.4399265972826107,0.006684730403514002,,not reachable
unregistered PoWit,27 of 40,0.2,0.01,exponential (comparison),1.0,0.0,7.0,20160.0,4.424843911799904,0.012122860032328504,,not reachable
unregistered PoWit,27 of 40,0.2,0.01,exponential (comparison),1.0,0.0,30.0,86400.0,6.903653492868647,0.018914119158544237,,not reachable
unregistered PoWit,27 of 40,0.2,0.01,exponential (comparison),1.0,0.0,90.0,259200.0,6.999981747941834,0.01917803218614201,,not reachable
unregistered PoWit,27 of 40,0.2,0.01,exponential (comparison),1.0,0.0,365.0,1051200.0,7.0,0.019178082191780823,,not reachable
unregistered PoWit,27 of 40,0.2,0.01,exponential (comparison),1.0,0.1,3.0,8640.0,2.4399265972826107,0.00750664821173318,,not reachable
unregistered PoWit,27 of 40,0.2,0.01,exponential (comparison),1.0,0.1,7.0,20160.0,4.424843911799904,0.014040668251506587,,not reachable
unregistered PoWit,27 of 40,0.2,0.01,exponential (comparison),1.0,0.1,30.0,86400.0,6.903653492868647,0.027133297240736015,,not reachable
unregistered PoWit,27 of 40,0.2,0.01,exponential (comparison),1.0,0.1,90.0,259200.0,6.999981747941834,0.043835566432717354,,not reachable
unregistered PoWit,27 of 40,0.2,0.01,exponential (comparison),1.0,0.1,365.0,1051200.0,7.0,0.11917808219178082,,not reachable
unregistered PoWit,27 of 40,0.2,0.01,exponential (comparison),1.0,0.25,3.0,8640.0,2.4399265972826107,0.008739524924061947,,not reachable
unregistered PoWit,27 of 40,0.2,0.01,exponential (comparison),1.0,0.25,7.0,20160.0,4.424843911799904,0.01691738058027371,,not reachable
unregistered PoWit,27 of 40,0.2,0.01,exponential (comparison),1.0,0.25,30.0,86400.0,6.903653492868647,0.039462064364023684,,not reachable
unregistered PoWit,27 of 40,0.2,0.01,exponential (comparison),1.0,0.25,90.0,259200.0,6.999981747941834,0.08082186780258037,,not reachable
unregistered PoWit,27 of 40,0.2,0.01,exponential (comparison),1.0,0.25,365.0,1051200.0,7.0,0.2691780821917808,,not reachable
unregistered PoWit,27 of 40,0.2,0.01,exponential (comparison),4.0,0.0,3.0,8640.0,2.4399265972826107,0.02673892161405601,,not reachable
unregistered PoWit,27 of 40,0.2,0.01,exponential (comparison),4.0,0.0,7.0,20160.0,4.424843911799904,0.048491440129314015,,not reachable
unregistered PoWit,27 of 40,0.2,0.01,exponential (comparison),4.0,0.0,30.0,86400.0,6.903653492868647,0.07565647663417695,,not reachable
unregistered PoWit,27 of 40,0.2,0.01,exponential (comparison),4.0,0.0,90.0,259200.0,6.999981747941834,0.07671212874456804,,not reachable
unregistered PoWit,27 of 40,0.2,0.01,exponential (comparison),4.0,0.0,365.0,1051200.0,7.0,0.07671232876712329,,not reachable
unregistered PoWit,27 of 40,0.2,0.01,exponential (comparison),4.0,0.1,3.0,8640.0,2.4399265972826107,0.027560839422275187,,not reachable
unregistered PoWit,27 of 40,0.2,0.01,exponential (comparison),4.0,0.1,7.0,20160.0,4.424843911799904,0.0504092483484921,,not reachable
unregistered PoWit,27 of 40,0.2,0.01,exponential (comparison),4.0,0.1,30.0,86400.0,6.903653492868647,0.08387565471636874,,not reachable
unregistered PoWit,27 of 40,0.2,0.01,exponential (comparison),4.0,0.1,90.0,259200.0,6.999981747941834,0.10136966299114339,,not reachable
unregistered PoWit,27 of 40,0.2,0.01,exponential (comparison),4.0,0.1,365.0,1051200.0,7.0,0.17671232876712328,,not reachable
unregistered PoWit,27 of 40,0.2,0.01,exponential (comparison),4.0,0.25,3.0,8640.0,2.4399265972826107,0.028793716134603953,,not reachable
unregistered PoWit,27 of 40,0.2,0.01,exponential (comparison),4.0,0.25,7.0,20160.0,4.424843911799904,0.05328596067725922,,not reachable
unregistered PoWit,27 of 40,0.2,0.01,exponential (comparison),4.0,0.25,30.0,86400.0,6.903653492868647,0.0962044218396564,,not reachable
unregistered PoWit,27 of 40,0.2,0.01,exponential (comparison),4.0,0.25,90.0,259200.0,6.999981747941834,0.13835596436100642,,not reachable
unregistered PoWit,27 of 40,0.2,0.01,exponential (comparison),4.0,0.25,365.0,1051200.0,7.0,0.3267123287671233,,not reachable
unregistered PoWit,27 of 40,0.25,0.01,Lomax (primary),1.0,0.0,3.0,8640.0,1.4701778718652965,0.004027884580452867,,not reachable
unregistered PoWit,27 of 40,0.25,0.01,Lomax (primary),1.0,0.0,7.0,20160.0,2.1143819168358733,0.005792827169413352,,not reachable
unregistered PoWit,27 of 40,0.25,0.01,Lomax (primary),1.0,0.0,30.0,86400.0,3.0,0.00821917808219178,,not reachable
unregistered PoWit,27 of 40,0.25,0.01,Lomax (primary),1.0,0.0,90.0,259200.0,3.4102321753804112,0.009343101850357291,,not reachable
unregistered PoWit,27 of 40,0.25,0.01,Lomax (primary),1.0,0.0,365.0,1051200.0,3.7047146117897753,0.010149903045999385,,not reachable
unregistered PoWit,27 of 40,0.25,0.01,Lomax (primary),1.0,0.1,3.0,8640.0,1.4701778718652965,0.004849802388672045,,not reachable
unregistered PoWit,27 of 40,0.25,0.01,Lomax (primary),1.0,0.1,7.0,20160.0,2.1143819168358733,0.007710635388591434,,not reachable
unregistered PoWit,27 of 40,0.25,0.01,Lomax (primary),1.0,0.1,30.0,86400.0,3.0,0.01643835616438356,,not reachable
unregistered PoWit,27 of 40,0.25,0.01,Lomax (primary),1.0,0.1,90.0,259200.0,3.4102321753804112,0.034000636096932636,,not reachable
unregistered PoWit,27 of 40,0.25,0.01,Lomax (primary),1.0,0.1,365.0,1051200.0,3.7047146117897753,0.11014990304599938,,not reachable
unregistered PoWit,27 of 40,0.25,0.01,Lomax (primary),1.0,0.25,3.0,8640.0,1.4701778718652965,0.0060826791010008124,,not reachable
unregistered PoWit,27 of 40,0.25,0.01,Lomax (primary),1.0,0.25,7.0,20160.0,2.1143819168358733,0.010587347717358557,,not reachable
unregistered PoWit,27 of 40,0.25,0.01,Lomax (primary),1.0,0.25,30.0,86400.0,3.0,0.028767123287671233,,not reachable
unregistered PoWit,27 of 40,0.25,0.01,Lomax (primary),1.0,0.25,90.0,259200.0,3.4102321753804112,0.07098693746679564,,not reachable
unregistered PoWit,27 of 40,0.25,0.01,Lomax (primary),1.0,0.25,365.0,1051200.0,3.7047146117897753,0.2601499030459994,,not reachable
unregistered PoWit,27 of 40,0.25,0.01,Lomax (primary),4.0,0.0,3.0,8640.0,1.4701778718652965,0.016111538321811468,,not reachable
unregistered PoWit,27 of 40,0.25,0.01,Lomax (primary),4.0,0.0,7.0,20160.0,2.1143819168358733,0.023171308677653407,,not reachable
unregistered PoWit,27 of 40,0.25,0.01,Lomax (primary),4.0,0.0,30.0,86400.0,3.0,0.03287671232876712,,not reachable
unregistered PoWit,27 of 40,0.25,0.01,Lomax (primary),4.0,0.0,90.0,259200.0,3.4102321753804112,0.037372407401429164,,not reachable
unregistered PoWit,27 of 40,0.25,0.01,Lomax (primary),4.0,0.0,365.0,1051200.0,3.7047146117897753,0.04059961218399754,,not reachable
unregistered PoWit,27 of 40,0.25,0.01,Lomax (primary),4.0,0.1,3.0,8640.0,1.4701778718652965,0.016933456130030645,,not reachable
unregistered PoWit,27 of 40,0.25,0.01,Lomax (primary),4.0,0.1,7.0,20160.0,2.1143819168358733,0.025089116896831486,,not reachable
unregistered PoWit,27 of 40,0.25,0.01,Lomax (primary),4.0,0.1,30.0,86400.0,3.0,0.0410958904109589,,not reachable
unregistered PoWit,27 of 40,0.25,0.01,Lomax (primary),4.0,0.1,90.0,259200.0,3.4102321753804112,0.06202994164800451,,not reachable
unregistered PoWit,27 of 40,0.25,0.01,Lomax (primary),4.0,0.1,365.0,1051200.0,3.7047146117897753,0.14059961218399752,,not reachable
unregistered PoWit,27 of 40,0.25,0.01,Lomax (primary),4.0,0.25,3.0,8640.0,1.4701778718652965,0.01816633284235941,,not reachable
unregistered PoWit,27 of 40,0.25,0.01,Lomax (primary),4.0,0.25,7.0,20160.0,2.1143819168358733,0.02796582922559861,,not reachable
unregistered PoWit,27 of 40,0.25,0.01,Lomax (primary),4.0,0.25,30.0,86400.0,3.0,0.05342465753424658,,not reachable
unregistered PoWit,27 of 40,0.25,0.01,Lomax (primary),4.0,0.25,90.0,259200.0,3.4102321753804112,0.09901624301786752,,not reachable
unregistered PoWit,27 of 40,0.25,0.01,Lomax (primary),4.0,0.25,365.0,1051200.0,3.7047146117897753,0.29059961218399755,,not reachable
unregistered PoWit,27 of 40,0.25,0.01,exponential (comparison),1.0,0.0,3.0,8640.0,2.4399265972826107,0.006684730403514002,,not reachable
unregistered PoWit,27 of 40,0.25,0.01,exponential (comparison),1.0,0.0,7.0,20160.0,4.424843911799904,0.012122860032328504,,not reachable
unregistered PoWit,27 of 40,0.25,0.01,exponential (comparison),1.0,0.0,30.0,86400.0,6.903653492868647,0.018914119158544237,,not reachable
unregistered PoWit,27 of 40,0.25,0.01,exponential (comparison),1.0,0.0,90.0,259200.0,6.999981747941834,0.01917803218614201,,not reachable
unregistered PoWit,27 of 40,0.25,0.01,exponential (comparison),1.0,0.0,365.0,1051200.0,7.0,0.019178082191780823,,not reachable
unregistered PoWit,27 of 40,0.25,0.01,exponential (comparison),1.0,0.1,3.0,8640.0,2.4399265972826107,0.00750664821173318,,not reachable
unregistered PoWit,27 of 40,0.25,0.01,exponential (comparison),1.0,0.1,7.0,20160.0,4.424843911799904,0.014040668251506587,,not reachable
unregistered PoWit,27 of 40,0.25,0.01,exponential (comparison),1.0,0.1,30.0,86400.0,6.903653492868647,0.027133297240736015,,not reachable
unregistered PoWit,27 of 40,0.25,0.01,exponential (comparison),1.0,0.1,90.0,259200.0,6.999981747941834,0.043835566432717354,,not reachable
unregistered PoWit,27 of 40,0.25,0.01,exponential (comparison),1.0,0.1,365.0,1051200.0,7.0,0.11917808219178082,,not reachable
unregistered PoWit,27 of 40,0.25,0.01,exponential (comparison),1.0,0.25,3.0,8640.0,2.4399265972826107,0.008739524924061947,,not reachable
unregistered PoWit,27 of 40,0.25,0.01,exponential (comparison),1.0,0.25,7.0,20160.0,4.424843911799904,0.01691738058027371,,not reachable
unregistered PoWit,27 of 40,0.25,0.01,exponential (comparison),1.0,0.25,30.0,86400.0,6.903653492868647,0.039462064364023684,,not reachable
unregistered PoWit,27 of 40,0.25,0.01,exponential (comparison),1.0,0.25,90.0,259200.0,6.999981747941834,0.08082186780258037,,not reachable
unregistered PoWit,27 of 40,0.25,0.01,exponential (comparison),1.0,0.25,365.0,1051200.0,7.0,0.2691780821917808,,not reachable
unregistered PoWit,27 of 40,0.25,0.01,exponential (comparison),4.0,0.0,3.0,8640.0,2.4399265972826107,0.02673892161405601,,not reachable
unregistered PoWit,27 of 40,0.25,0.01,exponential (comparison),4.0,0.0,7.0,20160.0,4.424843911799904,0.048491440129314015,,not reachable
unregistered PoWit,27 of 40,0.25,0.01,exponential (comparison),4.0,0.0,30.0,86400.0,6.903653492868647,0.07565647663417695,,not reachable
unregistered PoWit,27 of 40,0.25,0.01,exponential (comparison),4.0,0.0,90.0,259200.0,6.999981747941834,0.07671212874456804,,not reachable
unregistered PoWit,27 of 40,0.25,0.01,exponential (comparison),4.0,0.0,365.0,1051200.0,7.0,0.07671232876712329,,not reachable
unregistered PoWit,27 of 40,0.25,0.01,exponential (comparison),4.0,0.1,3.0,8640.0,2.4399265972826107,0.027560839422275187,,not reachable
unregistered PoWit,27 of 40,0.25,0.01,exponential (comparison),4.0,0.1,7.0,20160.0,4.424843911799904,0.0504092483484921,,not reachable
unregistered PoWit,27 of 40,0.25,0.01,exponential (comparison),4.0,0.1,30.0,86400.0,6.903653492868647,0.08387565471636874,,not reachable
unregistered PoWit,27 of 40,0.25,0.01,exponential (comparison),4.0,0.1,90.0,259200.0,6.999981747941834,0.10136966299114339,,not reachable
unregistered PoWit,27 of 40,0.25,0.01,exponential (comparison),4.0,0.1,365.0,1051200.0,7.0,0.17671232876712328,,not reachable
unregistered PoWit,27 of 40,0.25,0.01,exponential (comparison),4.0,0.25,3.0,8640.0,2.4399265972826107,0.028793716134603953,,not reachable
unregistered PoWit,27 of 40,0.25,0.01,exponential (comparison),4.0,0.25,7.0,20160.0,4.424843911799904,0.05328596067725922,,not reachable
unregistered PoWit,27 of 40,0.25,0.01,exponential (comparison),4.0,0.25,30.0,86400.0,6.903653492868647,0.0962044218396564,,not reachable
unregistered PoWit,27 of 40,0.25,0.01,exponential (comparison),4.0,0.25,90.0,259200.0,6.999981747941834,0.13835596436100642,,not reachable
unregistered PoWit,27 of 40,0.25,0.01,exponential (comparison),4.0,0.25,365.0,1051200.0,7.0,0.3267123287671233,,not reachable
unregistered PoWit,27 of 40,0.33,0.01,Lomax (primary),1.0,0.0,3.0,8640.0,1.4701778718652965,0.004027884580452867,,not reachable
unregistered PoWit,27 of 40,0.33,0.01,Lomax (primary),1.0,0.0,7.0,20160.0,2.1143819168358733,0.005792827169413352,,not reachable
unregistered PoWit,27 of 40,0.33,0.01,Lomax (primary),1.0,0.0,30.0,86400.0,3.0,0.00821917808219178,,not reachable
unregistered PoWit,27 of 40,0.33,0.01,Lomax (primary),1.0,0.0,90.0,259200.0,3.4102321753804112,0.009343101850357291,,not reachable
unregistered PoWit,27 of 40,0.33,0.01,Lomax (primary),1.0,0.0,365.0,1051200.0,3.7047146117897753,0.010149903045999385,,not reachable
unregistered PoWit,27 of 40,0.33,0.01,Lomax (primary),1.0,0.1,3.0,8640.0,1.4701778718652965,0.004849802388672045,,not reachable
unregistered PoWit,27 of 40,0.33,0.01,Lomax (primary),1.0,0.1,7.0,20160.0,2.1143819168358733,0.007710635388591434,,not reachable
unregistered PoWit,27 of 40,0.33,0.01,Lomax (primary),1.0,0.1,30.0,86400.0,3.0,0.01643835616438356,,not reachable
unregistered PoWit,27 of 40,0.33,0.01,Lomax (primary),1.0,0.1,90.0,259200.0,3.4102321753804112,0.034000636096932636,,not reachable
unregistered PoWit,27 of 40,0.33,0.01,Lomax (primary),1.0,0.1,365.0,1051200.0,3.7047146117897753,0.11014990304599938,,not reachable
unregistered PoWit,27 of 40,0.33,0.01,Lomax (primary),1.0,0.25,3.0,8640.0,1.4701778718652965,0.0060826791010008124,,not reachable
unregistered PoWit,27 of 40,0.33,0.01,Lomax (primary),1.0,0.25,7.0,20160.0,2.1143819168358733,0.010587347717358557,,not reachable
unregistered PoWit,27 of 40,0.33,0.01,Lomax (primary),1.0,0.25,30.0,86400.0,3.0,0.028767123287671233,,not reachable
unregistered PoWit,27 of 40,0.33,0.01,Lomax (primary),1.0,0.25,90.0,259200.0,3.4102321753804112,0.07098693746679564,,not reachable
unregistered PoWit,27 of 40,0.33,0.01,Lomax (primary),1.0,0.25,365.0,1051200.0,3.7047146117897753,0.2601499030459994,,not reachable
unregistered PoWit,27 of 40,0.33,0.01,Lomax (primary),4.0,0.0,3.0,8640.0,1.4701778718652965,0.016111538321811468,,not reachable
unregistered PoWit,27 of 40,0.33,0.01,Lomax (primary),4.0,0.0,7.0,20160.0,2.1143819168358733,0.023171308677653407,,not reachable
unregistered PoWit,27 of 40,0.33,0.01,Lomax (primary),4.0,0.0,30.0,86400.0,3.0,0.03287671232876712,,not reachable
unregistered PoWit,27 of 40,0.33,0.01,Lomax (primary),4.0,0.0,90.0,259200.0,3.4102321753804112,0.037372407401429164,,not reachable
unregistered PoWit,27 of 40,0.33,0.01,Lomax (primary),4.0,0.0,365.0,1051200.0,3.7047146117897753,0.04059961218399754,,not reachable
unregistered PoWit,27 of 40,0.33,0.01,Lomax (primary),4.0,0.1,3.0,8640.0,1.4701778718652965,0.016933456130030645,,not reachable
unregistered PoWit,27 of 40,0.33,0.01,Lomax (primary),4.0,0.1,7.0,20160.0,2.1143819168358733,0.025089116896831486,,not reachable
unregistered PoWit,27 of 40,0.33,0.01,Lomax (primary),4.0,0.1,30.0,86400.0,3.0,0.0410958904109589,,not reachable
unregistered PoWit,27 of 40,0.33,0.01,Lomax (primary),4.0,0.1,90.0,259200.0,3.4102321753804112,0.06202994164800451,,not reachable
unregistered PoWit,27 of 40,0.33,0.01,Lomax (primary),4.0,0.1,365.0,1051200.0,3.7047146117897753,0.14059961218399752,,not reachable
unregistered PoWit,27 of 40,0.33,0.01,Lomax (primary),4.0,0.25,3.0,8640.0,1.4701778718652965,0.01816633284235941,,not reachable
unregistered PoWit,27 of 40,0.33,0.01,Lomax (primary),4.0,0.25,7.0,20160.0,2.1143819168358733,0.02796582922559861,,not reachable
unregistered PoWit,27 of 40,0.33,0.01,Lomax (primary),4.0,0.25,30.0,86400.0,3.0,0.05342465753424658,,not reachable
unregistered PoWit,27 of 40,0.33,0.01,Lomax (primary),4.0,0.25,90.0,259200.0,3.4102321753804112,0.09901624301786752,,not reachable
unregistered PoWit,27 of 40,0.33,0.01,Lomax (primary),4.0,0.25,365.0,1051200.0,3.7047146117897753,0.29059961218399755,,not reachable
unregistered PoWit,27 of 40,0.33,0.01,exponential (comparison),1.0,0.0,3.0,8640.0,2.4399265972826107,0.006684730403514002,,not reachable
unregistered PoWit,27 of 40,0.33,0.01,exponential (comparison),1.0,0.0,7.0,20160.0,4.424843911799904,0.012122860032328504,,not reachable
unregistered PoWit,27 of 40,0.33,0.01,exponential (comparison),1.0,0.0,30.0,86400.0,6.903653492868647,0.018914119158544237,,not reachable
unregistered PoWit,27 of 40,0.33,0.01,exponential (comparison),1.0,0.0,90.0,259200.0,6.999981747941834,0.01917803218614201,,not reachable
unregistered PoWit,27 of 40,0.33,0.01,exponential (comparison),1.0,0.0,365.0,1051200.0,7.0,0.019178082191780823,,not reachable
unregistered PoWit,27 of 40,0.33,0.01,exponential (comparison),1.0,0.1,3.0,8640.0,2.4399265972826107,0.00750664821173318,,not reachable
unregistered PoWit,27 of 40,0.33,0.01,exponential (comparison),1.0,0.1,7.0,20160.0,4.424843911799904,0.014040668251506587,,not reachable
unregistered PoWit,27 of 40,0.33,0.01,exponential (comparison),1.0,0.1,30.0,86400.0,6.903653492868647,0.027133297240736015,,not reachable
unregistered PoWit,27 of 40,0.33,0.01,exponential (comparison),1.0,0.1,90.0,259200.0,6.999981747941834,0.043835566432717354,,not reachable
unregistered PoWit,27 of 40,0.33,0.01,exponential (comparison),1.0,0.1,365.0,1051200.0,7.0,0.11917808219178082,,not reachable
unregistered PoWit,27 of 40,0.33,0.01,exponential (comparison),1.0,0.25,3.0,8640.0,2.4399265972826107,0.008739524924061947,,not reachable
unregistered PoWit,27 of 40,0.33,0.01,exponential (comparison),1.0,0.25,7.0,20160.0,4.424843911799904,0.01691738058027371,,not reachable
unregistered PoWit,27 of 40,0.33,0.01,exponential (comparison),1.0,0.25,30.0,86400.0,6.903653492868647,0.039462064364023684,,not reachable
unregistered PoWit,27 of 40,0.33,0.01,exponential (comparison),1.0,0.25,90.0,259200.0,6.999981747941834,0.08082186780258037,,not reachable
unregistered PoWit,27 of 40,0.33,0.01,exponential (comparison),1.0,0.25,365.0,1051200.0,7.0,0.2691780821917808,,not reachable
unregistered PoWit,27 of 40,0.33,0.01,exponential (comparison),4.0,0.0,3.0,8640.0,2.4399265972826107,0.02673892161405601,,not reachable
unregistered PoWit,27 of 40,0.33,0.01,exponential (comparison),4.0,0.0,7.0,20160.0,4.424843911799904,0.048491440129314015,,not reachable
unregistered PoWit,27 of 40,0.33,0.01,exponential (comparison),4.0,0.0,30.0,86400.0,6.903653492868647,0.07565647663417695,,not reachable
unregistered PoWit,27 of 40,0.33,0.01,exponential (comparison),4.0,0.0,90.0,259200.0,6.999981747941834,0.07671212874456804,,not reachable
unregistered PoWit,27 of 40,0.33,0.01,exponential (comparison),4.0,0.0,365.0,1051200.0,7.0,0.07671232876712329,,not reachable
unregistered PoWit,27 of 40,0.33,0.01,exponential (comparison),4.0,0.1,3.0,8640.0,2.4399265972826107,0.027560839422275187,,not reachable
unregistered PoWit,27 of 40,0.33,0.01,exponential (comparison),4.0,0.1,7.0,20160.0,4.424843911799904,0.0504092483484921,,not reachable
unregistered PoWit,27 of 40,0.33,0.01,exponential (comparison),4.0,0.1,30.0,86400.0,6.903653492868647,0.08387565471636874,,not reachable
unregistered PoWit,27 of 40,0.33,0.01,exponential (comparison),4.0,0.1,90.0,259200.0,6.999981747941834,0.10136966299114339,,not reachable
unregistered PoWit,27 of 40,0.33,0.01,exponential (comparison),4.0,0.1,365.0,1051200.0,7.0,0.17671232876712328,,not reachable
unregistered PoWit,27 of 40,0.33,0.01,exponential (comparison),4.0,0.25,3.0,8640.0,2.4399265972826107,0.028793716134603953,,not reachable
unregistered PoWit,27 of 40,0.33,0.01,exponential (comparison),4.0,0.25,7.0,20160.0,4.424843911799904,0.05328596067725922,,not reachable
unregistered PoWit,27 of 40,0.33,0.01,exponential (comparison),4.0,0.25,30.0,86400.0,6.903653492868647,0.0962044218396564,,not reachable
unregistered PoWit,27 of 40,0.33,0.01,exponential (comparison),4.0,0.25,90.0,259200.0,6.999981747941834,0.13835596436100642,,not reachable
unregistered PoWit,27 of 40,0.33,0.01,exponential (comparison),4.0,0.25,365.0,1051200.0,7.0,0.3267123287671233,,not reachable
unregistered PoWit,27 of 40,0.0,0.001,Lomax (primary),1.0,0.0,3.0,8640.0,1.4701778718652965,0.004027884580452867,0.8584784770144697,reachable
unregistered PoWit,27 of 40,0.0,0.001,Lomax (primary),1.0,0.0,7.0,20160.0,2.1143819168358733,0.005792827169413352,0.8600024704709592,reachable
unregistered PoWit,27 of 40,0.0,0.001,Lomax (primary),1.0,0.0,30.0,86400.0,3.0,0.00821917808219178,0.8621064310770777,reachable
unregistered PoWit,27 of 40,0.0,0.001,Lomax (primary),1.0,0.0,90.0,259200.0,3.4102321753804112,0.009343101850357291,0.8630845112886885,reachable
unregistered PoWit,27 of 40,0.0,0.001,Lomax (primary),1.0,0.0,365.0,1051200.0,3.7047146117897753,0.010149903045999385,0.8637879891362845,reachable
unregistered PoWit,27 of 40,0.0,0.001,Lomax (primary),1.0,0.1,3.0,8640.0,1.4701778718652965,0.004849802388672045,0.8591875144541695,reachable
unregistered PoWit,27 of 40,0.0,0.001,Lomax (primary),1.0,0.1,7.0,20160.0,2.1143819168358733,0.007710635388591434,0.8616646064014682,reachable
unregistered PoWit,27 of 40,0.0,0.001,Lomax (primary),1.0,0.1,30.0,86400.0,3.0,0.01643835616438356,0.8693106630916495,reachable
unregistered PoWit,27 of 40,0.0,0.001,Lomax (primary),1.0,0.1,90.0,259200.0,3.4102321753804112,0.034000636096932636,0.8851151012559558,reachable
unregistered PoWit,27 of 40,0.0,0.001,Lomax (primary),1.0,0.1,365.0,1051200.0,3.7047146117897753,0.11014990304599938,0.9608591691128976,reachable
unregistered PoWit,27 of 40,0.0,0.001,Lomax (primary),1.0,0.25,3.0,8640.0,1.4701778718652965,0.0060826791010008124,0.8602532693774624,reachable
unregistered PoWit,27 of 40,0.0,0.001,Lomax (primary),1.0,0.25,7.0,20160.0,2.1143819168358733,0.010587347717358557,0.8641698919269554,reachable
unregistered PoWit,27 of 40,0.0,0.001,Lomax (primary),1.0,0.25,30.0,86400.0,3.0,0.028767123287671233,0.8803456362479609,reachable
unregistered PoWit,27 of 40,0.0,0.001,Lomax (primary),1.0,0.25,90.0,259200.0,3.4102321753804112,0.07098693746679564,0.9203537165158996,reachable
unregistered PoWit,27 of 40,0.0,0.001,Lomax (primary),1.0,0.25,365.0,1051200.0,3.7047146117897753,0.2601499030459994,,not reachable
unregistered PoWit,27 of 40,0.0,0.001,Lomax (primary),4.0,0.0,3.0,8640.0,1.4701778718652965,0.016111538321811468,0.8690219045112795,reachable
unregistered PoWit,27 of 40,0.0,0.001,Lomax (primary),4.0,0.0,7.0,20160.0,2.1143819168358733,0.023171308677653407,0.8753025299009175,reachable
unregistered PoWit,27 of 40,0.0,0.001,Lomax (primary),4.0,0.0,30.0,86400.0,3.0,0.03287671232876712,0.884086481727768,reachable
unregistered PoWit,27 of 40,0.0,0.001,Lomax (primary),4.0,0.0,90.0,259200.0,3.4102321753804112,0.037372407401429164,0.8882153715188674,reachable
unregistered PoWit,27 of 40,0.0,0.001,Lomax (primary),4.0,0.0,365.0,1051200.0,3.7047146117897753,0.04059961218399754,0.8912031260907012,reachable
unregistered PoWit,27 of 40,0.0,0.001,Lomax (primary),4.0,0.1,3.0,8640.0,1.4701778718652965,0.016933456130030645,0.8697484723957266,reachable
unregistered PoWit,27 of 40,0.0,0.001,Lomax (primary),4.0,0.1,7.0,20160.0,2.1143819168358733,0.025089116896831486,0.8770243922938863,reachable
unregistered PoWit,27 of 40,0.0,0.001,Lomax (primary),4.0,0.1,30.0,86400.0,3.0,0.0410958904109589,0.8916643658568633,reachable
unregistered PoWit,27 of 40,0.0,0.001,Lomax (primary),4.0,0.1,90.0,259200.0,3.4102321753804112,0.06202994164800451,0.9115649451502914,reachable
unregistered PoWit,27 of 40,0.0,0.001,Lomax (primary),4.0,0.1,365.0,1051200.0,3.7047146117897753,0.14059961218399752,0.9949036990396521,reachable
unregistered PoWit,27 of 40,0.0,0.001,Lomax (primary),4.0,0.25,3.0,8640.0,1.4701778718652965,0.01816633284235941,0.8708406050787547,reachable
unregistered PoWit,27 of 40,0.0,0.001,Lomax (primary),4.0,0.25,7.0,20160.0,2.1143819168358733,0.02796582922559861,0.8796199254117513,reachable
unregistered PoWit,27 of 40,0.0,0.001,Lomax (primary),4.0,0.25,30.0,86400.0,3.0,0.05342465753424658,0.9032779393629584,reachable
unregistered PoWit,27 of 40,0.0,0.001,Lomax (primary),4.0,0.25,90.0,259200.0,3.4102321753804112,0.09901624301786752,0.9489856150771966,reachable
unregistered PoWit,27 of 40,0.0,0.001,Lomax (primary),4.0,0.25,365.0,1051200.0,3.7047146117897753,0.29059961218399755,,not reachable
unregistered PoWit,27 of 40,0.0,0.001,exponential (comparison),1.0,0.0,3.0,8640.0,2.4399265972826107,0.006684730403514002,0.8607746714108071,reachable
unregistered PoWit,27 of 40,0.0,0.001,exponential (comparison),1.0,0.0,7.0,20160.0,4.424843911799904,0.012122860032328504,0.8655131191943901,reachable
unregistered PoWit,27 of 40,0.0,0.001,exponential (comparison),1.0,0.0,30.0,86400.0,6.903653492868647,0.018914119158544237,0.8715043621470937,reachable
unregistered PoWit,27 of 40,0.0,0.001,exponential (comparison),1.0,0.0,90.0,259200.0,6.999981747941834,0.01917803218614201,0.871738860723111,reachable
unregistered PoWit,27 of 40,0.0,0.001,exponential (comparison),1.0,0.0,365.0,1051200.0,7.0,0.019178082191780823,0.8717389051673244,reachable
unregistered PoWit,27 of 40,0.0,0.001,exponential (comparison),1.0,0.1,3.0,8640.0,2.4399265972826107,0.00750664821173318,0.8614875084590571,reachable
unregistered PoWit,27 of 40,0.0,0.001,exponential (comparison),1.0,0.1,7.0,20160.0,4.424843911799904,0.014040668251506587,0.8671966451983013,reachable
unregistered PoWit,27 of 40,0.0,0.001,exponential (comparison),1.0,0.1,30.0,86400.0,6.903653492868647,0.027133297240736015,0.8788671894815866,reachable
unregistered PoWit,27 of 40,0.0,0.001,exponential (comparison),1.0,0.1,90.0,259200.0,6.999981747941834,0.043835566432717354,0.8942192313139276,reachable
unregistered PoWit,27 of 40,0.0,0.001,exponential (comparison),1.0,0.1,365.0,1051200.0,7.0,0.11917808219178082,0.9707077077757454,reachable
unregistered PoWit,27 of 40,0.0,0.001,exponential (comparison),1.0,0.25,3.0,8640.0,2.4399265972826107,0.008739524924061947,0.8625589805028304,reachable
unregistered PoWit,27 of 40,0.0,0.001,exponential (comparison),1.0,0.25,7.0,20160.0,4.424843911799904,0.01691738058027371,0.8697342501070117,reachable
unregistered PoWit,27 of 40,0.0,0.001,exponential (comparison),1.0,0.25,30.0,86400.0,6.903653492868647,0.039462064364023684,0.89014769023999,reachable
unregistered PoWit,27 of 40,0.0,0.001,exponential (comparison),1.0,0.25,90.0,259200.0,6.999981747941834,0.08082186780258037,0.9302012252513123,reachable
unregistered PoWit,27 of 40,0.0,0.001,exponential (comparison),1.0,0.25,365.0,1051200.0,7.0,0.2691780821917808,,not reachable
unregistered PoWit,27 of 40,0.0,0.001,exponential (comparison),4.0,0.0,3.0,8640.0,2.4399265972826107,0.02673892161405601,0.8785110632516184,reachable
unregistered PoWit,27 of 40,0.0,0.001,exponential (comparison),4.0,0.0,7.0,20160.0,4.424843911799904,0.048491440129314015,0.8985947797573711,reachable
unregistered PoWit,27 of 40,0.0,0.001,exponential (comparison),4.0,0.0,30.0,86400.0,6.903653492868647,0.07565647663417695,0.9250031002336184,reachable
unregistered PoWit,27 of 40,0.0,0.001,exponential (comparison),4.0,0.0,90.0,259200.0,6.999981747941834,0.07671212874456804,0.9260607134713534,reachable
unregistered PoWit,27 of 40,0.0,0.001,exponential (comparison),4.0,0.0,365.0,1051200.0,7.0,0.07671232876712329,0.9260609140946652,reachable
unregistered PoWit,27 of 40,0.0,0.001,exponential (comparison),4.0,0.1,3.0,8640.0,2.4399265972826107,0.027560839422275187,0.8792535918507085,reachable
unregistered PoWit,27 of 40,0.0,0.001,exponential (comparison),4.0,0.1,7.0,20160.0,4.424843911799904,0.0504092483484921,0.9004095957202816,reachable
unregistered PoWit,27 of 40,0.0,0.001,exponential (comparison),4.0,0.1,30.0,86400.0,6.903653492868647,0.08387565471636874,0.9333019356990658,reachable
unregistered PoWit,27 of 40,0.0,0.001,exponential (comparison),4.0,0.1,90.0,259200.0,6.999981747941834,0.10136966299114339,0.9514709103191846,reachable
unregistered PoWit,27 of 40,0.0,0.001,exponential (comparison),4.0,0.1,365.0,1051200.0,7.0,0.17671232876712328,,not reachable
unregistered PoWit,27 of 40,0.0,0.001,exponential (comparison),4.0,0.25,3.0,8640.0,2.4399265972826107,0.028793716134603953,0.8803697412163302,reachable
unregistered PoWit,27 of 40,0.0,0.001,exponential (comparison),4.0,0.25,7.0,20160.0,4.424843911799904,0.05328596067725922,0.9031456060437385,reachable
unregistered PoWit,27 of 40,0.0,0.001,exponential (comparison),4.0,0.25,30.0,86400.0,6.903653492868647,0.0962044218396564,0.9460332020373772,reachable
unregistered PoWit,27 of 40,0.0,0.001,exponential (comparison),4.0,0.25,90.0,259200.0,6.999981747941834,0.13835596436100642,0.9923130543811758,reachable
unregistered PoWit,27 of 40,0.0,0.001,exponential (comparison),4.0,0.25,365.0,1051200.0,7.0,0.3267123287671233,,not reachable
unregistered PoWit,27 of 40,0.1,0.001,Lomax (primary),1.0,0.0,3.0,8640.0,1.4701778718652965,0.004027884580452867,0.9538649744605219,reachable
unregistered PoWit,27 of 40,0.1,0.001,Lomax (primary),1.0,0.0,7.0,20160.0,2.1143819168358733,0.005792827169413352,0.955558300523288,reachable
unregistered PoWit,27 of 40,0.1,0.001,Lomax (primary),1.0,0.0,30.0,86400.0,3.0,0.00821917808219178,0.9578960345300863,reachable
unregistered PoWit,27 of 40,0.1,0.001,Lomax (primary),1.0,0.0,90.0,259200.0,3.4102321753804112,0.009343101850357291,0.9589827903207649,reachable
unregistered PoWit,27 of 40,0.1,0.001,Lomax (primary),1.0,0.0,365.0,1051200.0,3.7047146117897753,0.010149903045999385,0.9597644323736494,reachable
unregistered PoWit,27 of 40,0.1,0.001,Lomax (primary),1.0,0.1,3.0,8640.0,1.4701778718652965,0.004849802388672045,0.9546527938379661,reachable
unregistered PoWit,27 of 40,0.1,0.001,Lomax (primary),1.0,0.1,7.0,20160.0,2.1143819168358733,0.007710635388591434,0.9574051182238537,reachable
unregistered PoWit,27 of 40,0.1,0.001,Lomax (primary),1.0,0.1,30.0,86400.0,3.0,0.01643835616438356,0.9659007367684994,reachable
unregistered PoWit,27 of 40,0.1,0.001,Lomax (primary),1.0,0.1,90.0,259200.0,3.4102321753804112,0.034000636096932636,0.9834612236177287,reachable
unregistered PoWit,27 of 40,0.1,0.001,Lomax (primary),1.0,0.1,365.0,1051200.0,3.7047146117897753,0.11014990304599938,,not reachable
unregistered PoWit,27 of 40,0.1,0.001,Lomax (primary),1.0,0.25,3.0,8640.0,1.4701778718652965,0.0060826791010008124,0.9558369659749582,reachable
unregistered PoWit,27 of 40,0.1,0.001,Lomax (primary),1.0,0.25,7.0,20160.0,2.1143819168358733,0.010587347717358557,0.9601887688077281,reachable
unregistered PoWit,27 of 40,0.1,0.001,Lomax (primary),1.0,0.25,30.0,86400.0,3.0,0.028767123287671233,0.9781618180532899,reachable
unregistered PoWit,27 of 40,0.1,0.001,Lomax (primary),1.0,0.25,90.0,259200.0,3.4102321753804112,0.07098693746679564,,not reachable
unregistered PoWit,27 of 40,0.1,0.001,Lomax (primary),1.0,0.25,365.0,1051200.0,3.7047146117897753,0.2601499030459994,,not reachable
unregistered PoWit,27 of 40,0.1,0.001,Lomax (primary),4.0,0.0,3.0,8640.0,1.4701778718652965,0.016111538321811468,0.9655798939014216,reachable
unregistered PoWit,27 of 40,0.1,0.001,Lomax (primary),4.0,0.0,7.0,20160.0,2.1143819168358733,0.023171308677653407,0.972558366556575,reachable
unregistered PoWit,27 of 40,0.1,0.001,Lomax (primary),4.0,0.0,30.0,86400.0,3.0,0.03287671232876712,0.9823183130308535,reachable
unregistered PoWit,27 of 40,0.1,0.001,Lomax (primary),4.0,0.0,90.0,259200.0,3.4102321753804112,0.037372407401429164,0.986905968354297,reachable
unregistered PoWit,27 of 40,0.1,0.001,Lomax (primary),4.0,0.0,365.0,1051200.0,3.7047146117897753,0.04059961218399754,0.9902256956563346,reachable
unregistered PoWit,27 of 40,0.1,0.001,Lomax (primary),4.0,0.1,3.0,8640.0,1.4701778718652965,0.016933456130030645,0.9663871915508073,reachable
unregistered PoWit,27 of 40,0.1,0.001,Lomax (primary),4.0,0.1,7.0,20160.0,2.1143819168358733,0.025089116896831486,0.974471546993207,reachable
unregistered PoWit,27 of 40,0.1,0.001,Lomax (primary),4.0,0.1,30.0,86400.0,3.0,0.0410958904109589,0.9907381842854035,reachable
unregistered PoWit,27 of 40,0.1,0.001,Lomax (primary),4.0,0.1,90.0,259200.0,3.4102321753804112,0.06202994164800451,,not reachable
unregistered PoWit,27 of 40,0.1,0.001,Lomax (primary),4.0,0.1,365.0,1051200.0,3.7047146117897753,0.14059961218399752,,not reachable
unregistered PoWit,27 of 40,0.1,0.001,Lomax (primary),4.0,0.25,3.0,8640.0,1.4701778718652965,0.01816633284235941,0.9676006723097273,reachable
unregistered PoWit,27 of 40,0.1,0.001,Lomax (primary),4.0,0.25,7.0,20160.0,2.1143819168358733,0.02796582922559861,0.9773554726797236,reachable
unregistered PoWit,27 of 40,0.1,0.001,Lomax (primary),4.0,0.25,30.0,86400.0,3.0,0.05342465753424658,,not reachable
unregistered PoWit,27 of 40,0.1,0.001,Lomax (primary),4.0,0.25,90.0,259200.0,3.4102321753804112,0.09901624301786752,,not reachable
unregistered PoWit,27 of 40,0.1,0.001,Lomax (primary),4.0,0.25,365.0,1051200.0,3.7047146117897753,0.29059961218399755,,not reachable
unregistered PoWit,27 of 40,0.1,0.001,exponential (comparison),1.0,0.0,3.0,8640.0,2.4399265972826107,0.006684730403514002,0.9564163015675633,reachable
unregistered PoWit,27 of 40,0.1,0.001,exponential (comparison),1.0,0.0,7.0,20160.0,4.424843911799904,0.012122860032328504,0.9616812435493224,reachable
unregistered PoWit,27 of 40,0.1,0.001,exponential (comparison),1.0,0.0,30.0,86400.0,6.903653492868647,0.018914119158544237,0.9683381801634374,reachable
unregistered PoWit,27 of 40,0.1,0.001,exponential (comparison),1.0,0.0,90.0,259200.0,6.999981747941834,0.01917803218614201,0.96859873413679,reachable
unregistered PoWit,27 of 40,0.1,0.001,exponential (comparison),1.0,0.0,365.0,1051200.0,7.0,0.019178082191780823,0.9685987835192493,reachable
unregistered PoWit,27 of 40,0.1,0.001,exponential (comparison),1.0,0.1,3.0,8640.0,2.4399265972826107,0.00750664821173318,0.9572083427322856,reachable
unregistered PoWit,27 of 40,0.1,0.001,exponential (comparison),1.0,0.1,7.0,20160.0,4.424843911799904,0.014040668251506587,0.9635518279981125,reachable
unregistered PoWit,27 of 40,0.1,0.001,exponential (comparison),1.0,0.1,30.0,86400.0,6.903653492868647,0.027133297240736015,0.9765190994239851,reachable
unregistered PoWit,27 of 40,0.1,0.001,exponential (comparison),1.0,0.1,90.0,259200.0,6.999981747941834,0.043835566432717354,0.9935769236821417,reachable
unregistered PoWit,27 of 40,0.1,0.001,exponential (comparison),1.0,0.1,365.0,1051200.0,7.0,0.11917808219178082,,not reachable
unregistered PoWit,27 of 40,0.1,0.001,exponential (comparison),1.0,0.25,3.0,8640.0,2.4399265972826107,0.008739524924061947,0.958398867225367,reachable
unregistered PoWit,27 of 40,0.1,0.001,exponential (comparison),1.0,0.25,7.0,20160.0,4.424843911799904,0.01691738058027371,0.9663713890077907,reachable
unregistered PoWit,27 of 40,0.1,0.001,exponential (comparison),1.0,0.25,30.0,86400.0,6.903653492868647,0.039462064364023684,0.9890529891555444,reachable
unregistered PoWit,27 of 40,0.1,0.001,exponential (comparison),1.0,0.25,90.0,259200.0,6.999981747941834,0.08082186780258037,,not reachable
unregistered PoWit,27 of 40,0.1,0.001,exponential (comparison),1.0,0.25,365.0,1051200.0,7.0,0.2691780821917808,,not reachable
unregistered PoWit,27 of 40,0.1,0.001,exponential (comparison),4.0,0.0,3.0,8640.0,2.4399265972826107,0.02673892161405601,0.9761234036129094,reachable
unregistered PoWit,27 of 40,0.1,0.001,exponential (comparison),4.0,0.0,7.0,20160.0,4.424843911799904,0.048491440129314015,0.9984386441748568,reachable
unregistered PoWit,27 of 40,0.1,0.001,exponential (comparison),4.0,0.0,30.0,86400.0,6.903653492868647,0.07565647663417695,,not reachable
unregistered PoWit,27 of 40,0.1,0.001,exponential (comparison),4.0,0.0,90.0,259200.0,6.999981747941834,0.07671212874456804,,not reachable
unregistered PoWit,27 of 40,0.1,0.001,exponential (comparison),4.0,0.0,365.0,1051200.0,7.0,0.07671232876712329,,not reachable
unregistered PoWit,27 of 40,0.1,0.001,exponential (comparison),4.0,0.1,3.0,8640.0,2.4399265972826107,0.027560839422275187,0.9769484353896761,reachable
unregistered PoWit,27 of 40,0.1,0.001,exponential (comparison),4.0,0.1,7.0,20160.0,4.424843911799904,0.0504092483484921,,not reachable
unregistered PoWit,27 of 40,0.1,0.001,exponential (comparison),4.0,0.1,30.0,86400.0,6.903653492868647,0.08387565471636874,,not reachable
unregistered PoWit,27 of 40,0.1,0.001,exponential (comparison),4.0,0.1,90.0,259200.0,6.999981747941834,0.10136966299114339,,not reachable
unregistered PoWit,27 of 40,0.1,0.001,exponential (comparison),4.0,0.1,365.0,1051200.0,7.0,0.17671232876712328,,not reachable
unregistered PoWit,27 of 40,0.1,0.001,exponential (comparison),4.0,0.25,3.0,8640.0,2.4399265972826107,0.028793716134603953,0.9781886013514779,reachable
unregistered PoWit,27 of 40,0.1,0.001,exponential (comparison),4.0,0.25,7.0,20160.0,4.424843911799904,0.05328596067725922,,not reachable
unregistered PoWit,27 of 40,0.1,0.001,exponential (comparison),4.0,0.25,30.0,86400.0,6.903653492868647,0.0962044218396564,,not reachable
unregistered PoWit,27 of 40,0.1,0.001,exponential (comparison),4.0,0.25,90.0,259200.0,6.999981747941834,0.13835596436100642,,not reachable
unregistered PoWit,27 of 40,0.1,0.001,exponential (comparison),4.0,0.25,365.0,1051200.0,7.0,0.3267123287671233,,not reachable
unregistered PoWit,27 of 40,0.2,0.001,Lomax (primary),1.0,0.0,3.0,8640.0,1.4701778718652965,0.004027884580452867,,not reachable
unregistered PoWit,27 of 40,0.2,0.001,Lomax (primary),1.0,0.0,7.0,20160.0,2.1143819168358733,0.005792827169413352,,not reachable
unregistered PoWit,27 of 40,0.2,0.001,Lomax (primary),1.0,0.0,30.0,86400.0,3.0,0.00821917808219178,,not reachable
unregistered PoWit,27 of 40,0.2,0.001,Lomax (primary),1.0,0.0,90.0,259200.0,3.4102321753804112,0.009343101850357291,,not reachable
unregistered PoWit,27 of 40,0.2,0.001,Lomax (primary),1.0,0.0,365.0,1051200.0,3.7047146117897753,0.010149903045999385,,not reachable
unregistered PoWit,27 of 40,0.2,0.001,Lomax (primary),1.0,0.1,3.0,8640.0,1.4701778718652965,0.004849802388672045,,not reachable
unregistered PoWit,27 of 40,0.2,0.001,Lomax (primary),1.0,0.1,7.0,20160.0,2.1143819168358733,0.007710635388591434,,not reachable
unregistered PoWit,27 of 40,0.2,0.001,Lomax (primary),1.0,0.1,30.0,86400.0,3.0,0.01643835616438356,,not reachable
unregistered PoWit,27 of 40,0.2,0.001,Lomax (primary),1.0,0.1,90.0,259200.0,3.4102321753804112,0.034000636096932636,,not reachable
unregistered PoWit,27 of 40,0.2,0.001,Lomax (primary),1.0,0.1,365.0,1051200.0,3.7047146117897753,0.11014990304599938,,not reachable
unregistered PoWit,27 of 40,0.2,0.001,Lomax (primary),1.0,0.25,3.0,8640.0,1.4701778718652965,0.0060826791010008124,,not reachable
unregistered PoWit,27 of 40,0.2,0.001,Lomax (primary),1.0,0.25,7.0,20160.0,2.1143819168358733,0.010587347717358557,,not reachable
unregistered PoWit,27 of 40,0.2,0.001,Lomax (primary),1.0,0.25,30.0,86400.0,3.0,0.028767123287671233,,not reachable
unregistered PoWit,27 of 40,0.2,0.001,Lomax (primary),1.0,0.25,90.0,259200.0,3.4102321753804112,0.07098693746679564,,not reachable
unregistered PoWit,27 of 40,0.2,0.001,Lomax (primary),1.0,0.25,365.0,1051200.0,3.7047146117897753,0.2601499030459994,,not reachable
unregistered PoWit,27 of 40,0.2,0.001,Lomax (primary),4.0,0.0,3.0,8640.0,1.4701778718652965,0.016111538321811468,,not reachable
unregistered PoWit,27 of 40,0.2,0.001,Lomax (primary),4.0,0.0,7.0,20160.0,2.1143819168358733,0.023171308677653407,,not reachable
unregistered PoWit,27 of 40,0.2,0.001,Lomax (primary),4.0,0.0,30.0,86400.0,3.0,0.03287671232876712,,not reachable
unregistered PoWit,27 of 40,0.2,0.001,Lomax (primary),4.0,0.0,90.0,259200.0,3.4102321753804112,0.037372407401429164,,not reachable
unregistered PoWit,27 of 40,0.2,0.001,Lomax (primary),4.0,0.0,365.0,1051200.0,3.7047146117897753,0.04059961218399754,,not reachable
unregistered PoWit,27 of 40,0.2,0.001,Lomax (primary),4.0,0.1,3.0,8640.0,1.4701778718652965,0.016933456130030645,,not reachable
unregistered PoWit,27 of 40,0.2,0.001,Lomax (primary),4.0,0.1,7.0,20160.0,2.1143819168358733,0.025089116896831486,,not reachable
unregistered PoWit,27 of 40,0.2,0.001,Lomax (primary),4.0,0.1,30.0,86400.0,3.0,0.0410958904109589,,not reachable
unregistered PoWit,27 of 40,0.2,0.001,Lomax (primary),4.0,0.1,90.0,259200.0,3.4102321753804112,0.06202994164800451,,not reachable
unregistered PoWit,27 of 40,0.2,0.001,Lomax (primary),4.0,0.1,365.0,1051200.0,3.7047146117897753,0.14059961218399752,,not reachable
unregistered PoWit,27 of 40,0.2,0.001,Lomax (primary),4.0,0.25,3.0,8640.0,1.4701778718652965,0.01816633284235941,,not reachable
unregistered PoWit,27 of 40,0.2,0.001,Lomax (primary),4.0,0.25,7.0,20160.0,2.1143819168358733,0.02796582922559861,,not reachable
unregistered PoWit,27 of 40,0.2,0.001,Lomax (primary),4.0,0.25,30.0,86400.0,3.0,0.05342465753424658,,not reachable
unregistered PoWit,27 of 40,0.2,0.001,Lomax (primary),4.0,0.25,90.0,259200.0,3.4102321753804112,0.09901624301786752,,not reachable
unregistered PoWit,27 of 40,0.2,0.001,Lomax (primary),4.0,0.25,365.0,1051200.0,3.7047146117897753,0.29059961218399755,,not reachable
unregistered PoWit,27 of 40,0.2,0.001,exponential (comparison),1.0,0.0,3.0,8640.0,2.4399265972826107,0.006684730403514002,,not reachable
unregistered PoWit,27 of 40,0.2,0.001,exponential (comparison),1.0,0.0,7.0,20160.0,4.424843911799904,0.012122860032328504,,not reachable
unregistered PoWit,27 of 40,0.2,0.001,exponential (comparison),1.0,0.0,30.0,86400.0,6.903653492868647,0.018914119158544237,,not reachable
unregistered PoWit,27 of 40,0.2,0.001,exponential (comparison),1.0,0.0,90.0,259200.0,6.999981747941834,0.01917803218614201,,not reachable
unregistered PoWit,27 of 40,0.2,0.001,exponential (comparison),1.0,0.0,365.0,1051200.0,7.0,0.019178082191780823,,not reachable
unregistered PoWit,27 of 40,0.2,0.001,exponential (comparison),1.0,0.1,3.0,8640.0,2.4399265972826107,0.00750664821173318,,not reachable
unregistered PoWit,27 of 40,0.2,0.001,exponential (comparison),1.0,0.1,7.0,20160.0,4.424843911799904,0.014040668251506587,,not reachable
unregistered PoWit,27 of 40,0.2,0.001,exponential (comparison),1.0,0.1,30.0,86400.0,6.903653492868647,0.027133297240736015,,not reachable
unregistered PoWit,27 of 40,0.2,0.001,exponential (comparison),1.0,0.1,90.0,259200.0,6.999981747941834,0.043835566432717354,,not reachable
unregistered PoWit,27 of 40,0.2,0.001,exponential (comparison),1.0,0.1,365.0,1051200.0,7.0,0.11917808219178082,,not reachable
unregistered PoWit,27 of 40,0.2,0.001,exponential (comparison),1.0,0.25,3.0,8640.0,2.4399265972826107,0.008739524924061947,,not reachable
unregistered PoWit,27 of 40,0.2,0.001,exponential (comparison),1.0,0.25,7.0,20160.0,4.424843911799904,0.01691738058027371,,not reachable
unregistered PoWit,27 of 40,0.2,0.001,exponential (comparison),1.0,0.25,30.0,86400.0,6.903653492868647,0.039462064364023684,,not reachable
unregistered PoWit,27 of 40,0.2,0.001,exponential (comparison),1.0,0.25,90.0,259200.0,6.999981747941834,0.08082186780258037,,not reachable
unregistered PoWit,27 of 40,0.2,0.001,exponential (comparison),1.0,0.25,365.0,1051200.0,7.0,0.2691780821917808,,not reachable
unregistered PoWit,27 of 40,0.2,0.001,exponential (comparison),4.0,0.0,3.0,8640.0,2.4399265972826107,0.02673892161405601,,not reachable
unregistered PoWit,27 of 40,0.2,0.001,exponential (comparison),4.0,0.0,7.0,20160.0,4.424843911799904,0.048491440129314015,,not reachable
unregistered PoWit,27 of 40,0.2,0.001,exponential (comparison),4.0,0.0,30.0,86400.0,6.903653492868647,0.07565647663417695,,not reachable
unregistered PoWit,27 of 40,0.2,0.001,exponential (comparison),4.0,0.0,90.0,259200.0,6.999981747941834,0.07671212874456804,,not reachable
unregistered PoWit,27 of 40,0.2,0.001,exponential (comparison),4.0,0.0,365.0,1051200.0,7.0,0.07671232876712329,,not reachable
unregistered PoWit,27 of 40,0.2,0.001,exponential (comparison),4.0,0.1,3.0,8640.0,2.4399265972826107,0.027560839422275187,,not reachable
unregistered PoWit,27 of 40,0.2,0.001,exponential (comparison),4.0,0.1,7.0,20160.0,4.424843911799904,0.0504092483484921,,not reachable
unregistered PoWit,27 of 40,0.2,0.001,exponential (comparison),4.0,0.1,30.0,86400.0,6.903653492868647,0.08387565471636874,,not reachable
unregistered PoWit,27 of 40,0.2,0.001,exponential (comparison),4.0,0.1,90.0,259200.0,6.999981747941834,0.10136966299114339,,not reachable
unregistered PoWit,27 of 40,0.2,0.001,exponential (comparison),4.0,0.1,365.0,1051200.0,7.0,0.17671232876712328,,not reachable
unregistered PoWit,27 of 40,0.2,0.001,exponential (comparison),4.0,0.25,3.0,8640.0,2.4399265972826107,0.028793716134603953,,not reachable
unregistered PoWit,27 of 40,0.2,0.001,exponential (comparison),4.0,0.25,7.0,20160.0,4.424843911799904,0.05328596067725922,,not reachable
unregistered PoWit,27 of 40,0.2,0.001,exponential (comparison),4.0,0.25,30.0,86400.0,6.903653492868647,0.0962044218396564,,not reachable
unregistered PoWit,27 of 40,0.2,0.001,exponential (comparison),4.0,0.25,90.0,259200.0,6.999981747941834,0.13835596436100642,,not reachable
unregistered PoWit,27 of 40,0.2,0.001,exponential (comparison),4.0,0.25,365.0,1051200.0,7.0,0.3267123287671233,,not reachable
unregistered PoWit,27 of 40,0.25,0.001,Lomax (primary),1.0,0.0,3.0,8640.0,1.4701778718652965,0.004027884580452867,,not reachable
unregistered PoWit,27 of 40,0.25,0.001,Lomax (primary),1.0,0.0,7.0,20160.0,2.1143819168358733,0.005792827169413352,,not reachable
unregistered PoWit,27 of 40,0.25,0.001,Lomax (primary),1.0,0.0,30.0,86400.0,3.0,0.00821917808219178,,not reachable
unregistered PoWit,27 of 40,0.25,0.001,Lomax (primary),1.0,0.0,90.0,259200.0,3.4102321753804112,0.009343101850357291,,not reachable
unregistered PoWit,27 of 40,0.25,0.001,Lomax (primary),1.0,0.0,365.0,1051200.0,3.7047146117897753,0.010149903045999385,,not reachable
unregistered PoWit,27 of 40,0.25,0.001,Lomax (primary),1.0,0.1,3.0,8640.0,1.4701778718652965,0.004849802388672045,,not reachable
unregistered PoWit,27 of 40,0.25,0.001,Lomax (primary),1.0,0.1,7.0,20160.0,2.1143819168358733,0.007710635388591434,,not reachable
unregistered PoWit,27 of 40,0.25,0.001,Lomax (primary),1.0,0.1,30.0,86400.0,3.0,0.01643835616438356,,not reachable
unregistered PoWit,27 of 40,0.25,0.001,Lomax (primary),1.0,0.1,90.0,259200.0,3.4102321753804112,0.034000636096932636,,not reachable
unregistered PoWit,27 of 40,0.25,0.001,Lomax (primary),1.0,0.1,365.0,1051200.0,3.7047146117897753,0.11014990304599938,,not reachable
unregistered PoWit,27 of 40,0.25,0.001,Lomax (primary),1.0,0.25,3.0,8640.0,1.4701778718652965,0.0060826791010008124,,not reachable
unregistered PoWit,27 of 40,0.25,0.001,Lomax (primary),1.0,0.25,7.0,20160.0,2.1143819168358733,0.010587347717358557,,not reachable
unregistered PoWit,27 of 40,0.25,0.001,Lomax (primary),1.0,0.25,30.0,86400.0,3.0,0.028767123287671233,,not reachable
unregistered PoWit,27 of 40,0.25,0.001,Lomax (primary),1.0,0.25,90.0,259200.0,3.4102321753804112,0.07098693746679564,,not reachable
unregistered PoWit,27 of 40,0.25,0.001,Lomax (primary),1.0,0.25,365.0,1051200.0,3.7047146117897753,0.2601499030459994,,not reachable
unregistered PoWit,27 of 40,0.25,0.001,Lomax (primary),4.0,0.0,3.0,8640.0,1.4701778718652965,0.016111538321811468,,not reachable
unregistered PoWit,27 of 40,0.25,0.001,Lomax (primary),4.0,0.0,7.0,20160.0,2.1143819168358733,0.023171308677653407,,not reachable
unregistered PoWit,27 of 40,0.25,0.001,Lomax (primary),4.0,0.0,30.0,86400.0,3.0,0.03287671232876712,,not reachable
unregistered PoWit,27 of 40,0.25,0.001,Lomax (primary),4.0,0.0,90.0,259200.0,3.4102321753804112,0.037372407401429164,,not reachable
unregistered PoWit,27 of 40,0.25,0.001,Lomax (primary),4.0,0.0,365.0,1051200.0,3.7047146117897753,0.04059961218399754,,not reachable
unregistered PoWit,27 of 40,0.25,0.001,Lomax (primary),4.0,0.1,3.0,8640.0,1.4701778718652965,0.016933456130030645,,not reachable
unregistered PoWit,27 of 40,0.25,0.001,Lomax (primary),4.0,0.1,7.0,20160.0,2.1143819168358733,0.025089116896831486,,not reachable
unregistered PoWit,27 of 40,0.25,0.001,Lomax (primary),4.0,0.1,30.0,86400.0,3.0,0.0410958904109589,,not reachable
unregistered PoWit,27 of 40,0.25,0.001,Lomax (primary),4.0,0.1,90.0,259200.0,3.4102321753804112,0.06202994164800451,,not reachable
unregistered PoWit,27 of 40,0.25,0.001,Lomax (primary),4.0,0.1,365.0,1051200.0,3.7047146117897753,0.14059961218399752,,not reachable
unregistered PoWit,27 of 40,0.25,0.001,Lomax (primary),4.0,0.25,3.0,8640.0,1.4701778718652965,0.01816633284235941,,not reachable
unregistered PoWit,27 of 40,0.25,0.001,Lomax (primary),4.0,0.25,7.0,20160.0,2.1143819168358733,0.02796582922559861,,not reachable
unregistered PoWit,27 of 40,0.25,0.001,Lomax (primary),4.0,0.25,30.0,86400.0,3.0,0.05342465753424658,,not reachable
unregistered PoWit,27 of 40,0.25,0.001,Lomax (primary),4.0,0.25,90.0,259200.0,3.4102321753804112,0.09901624301786752,,not reachable
unregistered PoWit,27 of 40,0.25,0.001,Lomax (primary),4.0,0.25,365.0,1051200.0,3.7047146117897753,0.29059961218399755,,not reachable
unregistered PoWit,27 of 40,0.25,0.001,exponential (comparison),1.0,0.0,3.0,8640.0,2.4399265972826107,0.006684730403514002,,not reachable
unregistered PoWit,27 of 40,0.25,0.001,exponential (comparison),1.0,0.0,7.0,20160.0,4.424843911799904,0.012122860032328504,,not reachable
unregistered PoWit,27 of 40,0.25,0.001,exponential (comparison),1.0,0.0,30.0,86400.0,6.903653492868647,0.018914119158544237,,not reachable
unregistered PoWit,27 of 40,0.25,0.001,exponential (comparison),1.0,0.0,90.0,259200.0,6.999981747941834,0.01917803218614201,,not reachable
unregistered PoWit,27 of 40,0.25,0.001,exponential (comparison),1.0,0.0,365.0,1051200.0,7.0,0.019178082191780823,,not reachable
unregistered PoWit,27 of 40,0.25,0.001,exponential (comparison),1.0,0.1,3.0,8640.0,2.4399265972826107,0.00750664821173318,,not reachable
unregistered PoWit,27 of 40,0.25,0.001,exponential (comparison),1.0,0.1,7.0,20160.0,4.424843911799904,0.014040668251506587,,not reachable
unregistered PoWit,27 of 40,0.25,0.001,exponential (comparison),1.0,0.1,30.0,86400.0,6.903653492868647,0.027133297240736015,,not reachable
unregistered PoWit,27 of 40,0.25,0.001,exponential (comparison),1.0,0.1,90.0,259200.0,6.999981747941834,0.043835566432717354,,not reachable
unregistered PoWit,27 of 40,0.25,0.001,exponential (comparison),1.0,0.1,365.0,1051200.0,7.0,0.11917808219178082,,not reachable
unregistered PoWit,27 of 40,0.25,0.001,exponential (comparison),1.0,0.25,3.0,8640.0,2.4399265972826107,0.008739524924061947,,not reachable
unregistered PoWit,27 of 40,0.25,0.001,exponential (comparison),1.0,0.25,7.0,20160.0,4.424843911799904,0.01691738058027371,,not reachable
unregistered PoWit,27 of 40,0.25,0.001,exponential (comparison),1.0,0.25,30.0,86400.0,6.903653492868647,0.039462064364023684,,not reachable
unregistered PoWit,27 of 40,0.25,0.001,exponential (comparison),1.0,0.25,90.0,259200.0,6.999981747941834,0.08082186780258037,,not reachable
unregistered PoWit,27 of 40,0.25,0.001,exponential (comparison),1.0,0.25,365.0,1051200.0,7.0,0.2691780821917808,,not reachable
unregistered PoWit,27 of 40,0.25,0.001,exponential (comparison),4.0,0.0,3.0,8640.0,2.4399265972826107,0.02673892161405601,,not reachable
unregistered PoWit,27 of 40,0.25,0.001,exponential (comparison),4.0,0.0,7.0,20160.0,4.424843911799904,0.048491440129314015,,not reachable
unregistered PoWit,27 of 40,0.25,0.001,exponential (comparison),4.0,0.0,30.0,86400.0,6.903653492868647,0.07565647663417695,,not reachable
unregistered PoWit,27 of 40,0.25,0.001,exponential (comparison),4.0,0.0,90.0,259200.0,6.999981747941834,0.07671212874456804,,not reachable
unregistered PoWit,27 of 40,0.25,0.001,exponential (comparison),4.0,0.0,365.0,1051200.0,7.0,0.07671232876712329,,not reachable
unregistered PoWit,27 of 40,0.25,0.001,exponential (comparison),4.0,0.1,3.0,8640.0,2.4399265972826107,0.027560839422275187,,not reachable
unregistered PoWit,27 of 40,0.25,0.001,exponential (comparison),4.0,0.1,7.0,20160.0,4.424843911799904,0.0504092483484921,,not reachable
unregistered PoWit,27 of 40,0.25,0.001,exponential (comparison),4.0,0.1,30.0,86400.0,6.903653492868647,0.08387565471636874,,not reachable
unregistered PoWit,27 of 40,0.25,0.001,exponential (comparison),4.0,0.1,90.0,259200.0,6.999981747941834,0.10136966299114339,,not reachable
unregistered PoWit,27 of 40,0.25,0.001,exponential (comparison),4.0,0.1,365.0,1051200.0,7.0,0.17671232876712328,,not reachable
unregistered PoWit,27 of 40,0.25,0.001,exponential (comparison),4.0,0.25,3.0,8640.0,2.4399265972826107,0.028793716134603953,,not reachable
unregistered PoWit,27 of 40,0.25,0.001,exponential (comparison),4.0,0.25,7.0,20160.0,4.424843911799904,0.05328596067725922,,not reachable
unregistered PoWit,27 of 40,0.25,0.001,exponential (comparison),4.0,0.25,30.0,86400.0,6.903653492868647,0.0962044218396564,,not reachable
unregistered PoWit,27 of 40,0.25,0.001,exponential (comparison),4.0,0.25,90.0,259200.0,6.999981747941834,0.13835596436100642,,not reachable
unregistered PoWit,27 of 40,0.25,0.001,exponential (comparison),4.0,0.25,365.0,1051200.0,7.0,0.3267123287671233,,not reachable
unregistered PoWit,27 of 40,0.33,0.001,Lomax (primary),1.0,0.0,3.0,8640.0,1.4701778718652965,0.004027884580452867,,not reachable
unregistered PoWit,27 of 40,0.33,0.001,Lomax (primary),1.0,0.0,7.0,20160.0,2.1143819168358733,0.005792827169413352,,not reachable
unregistered PoWit,27 of 40,0.33,0.001,Lomax (primary),1.0,0.0,30.0,86400.0,3.0,0.00821917808219178,,not reachable
unregistered PoWit,27 of 40,0.33,0.001,Lomax (primary),1.0,0.0,90.0,259200.0,3.4102321753804112,0.009343101850357291,,not reachable
unregistered PoWit,27 of 40,0.33,0.001,Lomax (primary),1.0,0.0,365.0,1051200.0,3.7047146117897753,0.010149903045999385,,not reachable
unregistered PoWit,27 of 40,0.33,0.001,Lomax (primary),1.0,0.1,3.0,8640.0,1.4701778718652965,0.004849802388672045,,not reachable
unregistered PoWit,27 of 40,0.33,0.001,Lomax (primary),1.0,0.1,7.0,20160.0,2.1143819168358733,0.007710635388591434,,not reachable
unregistered PoWit,27 of 40,0.33,0.001,Lomax (primary),1.0,0.1,30.0,86400.0,3.0,0.01643835616438356,,not reachable
unregistered PoWit,27 of 40,0.33,0.001,Lomax (primary),1.0,0.1,90.0,259200.0,3.4102321753804112,0.034000636096932636,,not reachable
unregistered PoWit,27 of 40,0.33,0.001,Lomax (primary),1.0,0.1,365.0,1051200.0,3.7047146117897753,0.11014990304599938,,not reachable
unregistered PoWit,27 of 40,0.33,0.001,Lomax (primary),1.0,0.25,3.0,8640.0,1.4701778718652965,0.0060826791010008124,,not reachable
unregistered PoWit,27 of 40,0.33,0.001,Lomax (primary),1.0,0.25,7.0,20160.0,2.1143819168358733,0.010587347717358557,,not reachable
unregistered PoWit,27 of 40,0.33,0.001,Lomax (primary),1.0,0.25,30.0,86400.0,3.0,0.028767123287671233,,not reachable
unregistered PoWit,27 of 40,0.33,0.001,Lomax (primary),1.0,0.25,90.0,259200.0,3.4102321753804112,0.07098693746679564,,not reachable
unregistered PoWit,27 of 40,0.33,0.001,Lomax (primary),1.0,0.25,365.0,1051200.0,3.7047146117897753,0.2601499030459994,,not reachable
unregistered PoWit,27 of 40,0.33,0.001,Lomax (primary),4.0,0.0,3.0,8640.0,1.4701778718652965,0.016111538321811468,,not reachable
unregistered PoWit,27 of 40,0.33,0.001,Lomax (primary),4.0,0.0,7.0,20160.0,2.1143819168358733,0.023171308677653407,,not reachable
unregistered PoWit,27 of 40,0.33,0.001,Lomax (primary),4.0,0.0,30.0,86400.0,3.0,0.03287671232876712,,not reachable
unregistered PoWit,27 of 40,0.33,0.001,Lomax (primary),4.0,0.0,90.0,259200.0,3.4102321753804112,0.037372407401429164,,not reachable
unregistered PoWit,27 of 40,0.33,0.001,Lomax (primary),4.0,0.0,365.0,1051200.0,3.7047146117897753,0.04059961218399754,,not reachable
unregistered PoWit,27 of 40,0.33,0.001,Lomax (primary),4.0,0.1,3.0,8640.0,1.4701778718652965,0.016933456130030645,,not reachable
unregistered PoWit,27 of 40,0.33,0.001,Lomax (primary),4.0,0.1,7.0,20160.0,2.1143819168358733,0.025089116896831486,,not reachable
unregistered PoWit,27 of 40,0.33,0.001,Lomax (primary),4.0,0.1,30.0,86400.0,3.0,0.0410958904109589,,not reachable
unregistered PoWit,27 of 40,0.33,0.001,Lomax (primary),4.0,0.1,90.0,259200.0,3.4102321753804112,0.06202994164800451,,not reachable
unregistered PoWit,27 of 40,0.33,0.001,Lomax (primary),4.0,0.1,365.0,1051200.0,3.7047146117897753,0.14059961218399752,,not reachable
unregistered PoWit,27 of 40,0.33,0.001,Lomax (primary),4.0,0.25,3.0,8640.0,1.4701778718652965,0.01816633284235941,,not reachable
unregistered PoWit,27 of 40,0.33,0.001,Lomax (primary),4.0,0.25,7.0,20160.0,2.1143819168358733,0.02796582922559861,,not reachable
unregistered PoWit,27 of 40,0.33,0.001,Lomax (primary),4.0,0.25,30.0,86400.0,3.0,0.05342465753424658,,not reachable
unregistered PoWit,27 of 40,0.33,0.001,Lomax (primary),4.0,0.25,90.0,259200.0,3.4102321753804112,0.09901624301786752,,not reachable
unregistered PoWit,27 of 40,0.33,0.001,Lomax (primary),4.0,0.25,365.0,1051200.0,3.7047146117897753,0.29059961218399755,,not reachable
unregistered PoWit,27 of 40,0.33,0.001,exponential (comparison),1.0,0.0,3.0,8640.0,2.4399265972826107,0.006684730403514002,,not reachable
unregistered PoWit,27 of 40,0.33,0.001,exponential (comparison),1.0,0.0,7.0,20160.0,4.424843911799904,0.012122860032328504,,not reachable
unregistered PoWit,27 of 40,0.33,0.001,exponential (comparison),1.0,0.0,30.0,86400.0,6.903653492868647,0.018914119158544237,,not reachable
unregistered PoWit,27 of 40,0.33,0.001,exponential (comparison),1.0,0.0,90.0,259200.0,6.999981747941834,0.01917803218614201,,not reachable
unregistered PoWit,27 of 40,0.33,0.001,exponential (comparison),1.0,0.0,365.0,1051200.0,7.0,0.019178082191780823,,not reachable
unregistered PoWit,27 of 40,0.33,0.001,exponential (comparison),1.0,0.1,3.0,8640.0,2.4399265972826107,0.00750664821173318,,not reachable
unregistered PoWit,27 of 40,0.33,0.001,exponential (comparison),1.0,0.1,7.0,20160.0,4.424843911799904,0.014040668251506587,,not reachable
unregistered PoWit,27 of 40,0.33,0.001,exponential (comparison),1.0,0.1,30.0,86400.0,6.903653492868647,0.027133297240736015,,not reachable
unregistered PoWit,27 of 40,0.33,0.001,exponential (comparison),1.0,0.1,90.0,259200.0,6.999981747941834,0.043835566432717354,,not reachable
unregistered PoWit,27 of 40,0.33,0.001,exponential (comparison),1.0,0.1,365.0,1051200.0,7.0,0.11917808219178082,,not reachable
unregistered PoWit,27 of 40,0.33,0.001,exponential (comparison),1.0,0.25,3.0,8640.0,2.4399265972826107,0.008739524924061947,,not reachable
unregistered PoWit,27 of 40,0.33,0.001,exponential (comparison),1.0,0.25,7.0,20160.0,4.424843911799904,0.01691738058027371,,not reachable
unregistered PoWit,27 of 40,0.33,0.001,exponential (comparison),1.0,0.25,30.0,86400.0,6.903653492868647,0.039462064364023684,,not reachable
unregistered PoWit,27 of 40,0.33,0.001,exponential (comparison),1.0,0.25,90.0,259200.0,6.999981747941834,0.08082186780258037,,not reachable
unregistered PoWit,27 of 40,0.33,0.001,exponential (comparison),1.0,0.25,365.0,1051200.0,7.0,0.2691780821917808,,not reachable
unregistered PoWit,27 of 40,0.33,0.001,exponential (comparison),4.0,0.0,3.0,8640.0,2.4399265972826107,0.02673892161405601,,not reachable
unregistered PoWit,27 of 40,0.33,0.001,exponential (comparison),4.0,0.0,7.0,20160.0,4.424843911799904,0.048491440129314015,,not reachable
unregistered PoWit,27 of 40,0.33,0.001,exponential (comparison),4.0,0.0,30.0,86400.0,6.903653492868647,0.07565647663417695,,not reachable
unregistered PoWit,27 of 40,0.33,0.001,exponential (comparison),4.0,0.0,90.0,259200.0,6.999981747941834,0.07671212874456804,,not reachable
unregistered PoWit,27 of 40,0.33,0.001,exponential (comparison),4.0,0.0,365.0,1051200.0,7.0,0.07671232876712329,,not reachable
unregistered PoWit,27 of 40,0.33,0.001,exponential (comparison),4.0,0.1,3.0,8640.0,2.4399265972826107,0.027560839422275187,,not reachable
unregistered PoWit,27 of 40,0.33,0.001,exponential (comparison),4.0,0.1,7.0,20160.0,4.424843911799904,0.0504092483484921,,not reachable
unregistered PoWit,27 of 40,0.33,0.001,exponential (comparison),4.0,0.1,30.0,86400.0,6.903653492868647,0.08387565471636874,,not reachable
unregistered PoWit,27 of 40,0.33,0.001,exponential (comparison),4.0,0.1,90.0,259200.0,6.999981747941834,0.10136966299114339,,not reachable
unregistered PoWit,27 of 40,0.33,0.001,exponential (comparison),4.0,0.1,365.0,1051200.0,7.0,0.17671232876712328,,not reachable
unregistered PoWit,27 of 40,0.33,0.001,exponential (comparison),4.0,0.25,3.0,8640.0,2.4399265972826107,0.028793716134603953,,not reachable
unregistered PoWit,27 of 40,0.33,0.001,exponential (comparison),4.0,0.25,7.0,20160.0,4.424843911799904,0.05328596067725922,,not reachable
unregistered PoWit,27 of 40,0.33,0.001,exponential (comparison),4.0,0.25,30.0,86400.0,6.903653492868647,0.0962044218396564,,not reachable
unregistered PoWit,27 of 40,0.33,0.001,exponential (comparison),4.0,0.25,90.0,259200.0,6.999981747941834,0.13835596436100642,,not reachable
unregistered PoWit,27 of 40,0.33,0.001,exponential (comparison),4.0,0.25,365.0,1051200.0,7.0,0.3267123287671233,,not reachable
"registered PoWit, SPEC (leader WC and subordinates)",7 of 10 and 21 of 30,0.0,0.01,Lomax (primary),1.0,0.0,3.0,8640.0,1.4701778718652965,0.004027884580452867,0.9110969704242875,reachable
"registered PoWit, SPEC (leader WC and subordinates)",7 of 10 and 21 of 30,0.0,0.01,Lomax (primary),1.0,0.0,7.0,20160.0,2.1143819168358733,0.005792827169413352,0.9127143736071639,reachable
"registered PoWit, SPEC (leader WC and subordinates)",7 of 10 and 21 of 30,0.0,0.01,Lomax (primary),1.0,0.0,30.0,86400.0,3.0,0.00821917808219178,0.91494729171222,reachable
"registered PoWit, SPEC (leader WC and subordinates)",7 of 10 and 21 of 30,0.0,0.01,Lomax (primary),1.0,0.0,90.0,259200.0,3.4102321753804112,0.009343101850357291,0.9159853211346111,reachable
"registered PoWit, SPEC (leader WC and subordinates)",7 of 10 and 21 of 30,0.0,0.01,Lomax (primary),1.0,0.0,365.0,1051200.0,3.7047146117897753,0.010149903045999385,0.9167319170631827,reachable
"registered PoWit, SPEC (leader WC and subordinates)",7 of 10 and 21 of 30,0.0,0.01,Lomax (primary),1.0,0.1,3.0,8640.0,1.4701778718652965,0.004849802388672045,0.911849466707566,reachable
"registered PoWit, SPEC (leader WC and subordinates)",7 of 10 and 21 of 30,0.0,0.01,Lomax (primary),1.0,0.1,7.0,20160.0,2.1143819168358733,0.007710635388591434,0.9144783863940501,reachable
"registered PoWit, SPEC (leader WC and subordinates)",7 of 10 and 21 of 30,0.0,0.01,Lomax (primary),1.0,0.1,30.0,86400.0,3.0,0.01643835616438356,0.9225930908073082,reachable
"registered PoWit, SPEC (leader WC and subordinates)",7 of 10 and 21 of 30,0.0,0.01,Lomax (primary),1.0,0.1,90.0,259200.0,3.4102321753804112,0.034000636096932636,0.939366226204755,reachable
"registered PoWit, SPEC (leader WC and subordinates)",7 of 10 and 21 of 30,0.0,0.01,Lomax (primary),1.0,0.1,365.0,1051200.0,3.7047146117897753,0.11014990304599938,,not reachable
"registered PoWit, SPEC (leader WC and subordinates)",7 of 10 and 21 of 30,0.0,0.01,Lomax (primary),1.0,0.25,3.0,8640.0,1.4701778718652965,0.0060826791010008124,0.9129805446644691,reachable
"registered PoWit, SPEC (leader WC and subordinates)",7 of 10 and 21 of 30,0.0,0.01,Lomax (primary),1.0,0.25,7.0,20160.0,2.1143819168358733,0.010587347717358557,0.9171372277202265,reachable
"registered PoWit, SPEC (leader WC and subordinates)",7 of 10 and 21 of 30,0.0,0.01,Lomax (primary),1.0,0.25,30.0,86400.0,3.0,0.028767123287671233,0.9343044276440724,reachable
"registered PoWit, SPEC (leader WC and subordinates)",7 of 10 and 21 of 30,0.0,0.01,Lomax (primary),1.0,0.25,90.0,259200.0,3.4102321753804112,0.07098693746679564,0.9767647125557886,reachable
"registered PoWit, SPEC (leader WC and subordinates)",7 of 10 and 21 of 30,0.0,0.01,Lomax (primary),1.0,0.25,365.0,1051200.0,3.7047146117897753,0.2601499030459994,,not reachable
"registered PoWit, SPEC (leader WC and subordinates)",7 of 10 and 21 of 30,0.0,0.01,Lomax (primary),4.0,0.0,3.0,8640.0,1.4701778718652965,0.016111538321811468,0.9222866334239221,reachable
"registered PoWit, SPEC (leader WC and subordinates)",7 of 10 and 21 of 30,0.0,0.01,Lomax (primary),4.0,0.0,7.0,20160.0,2.1143819168358733,0.023171308677653407,0.9289522155183847,reachable
"registered PoWit, SPEC (leader WC and subordinates)",7 of 10 and 21 of 30,0.0,0.01,Lomax (primary),4.0,0.0,30.0,86400.0,3.0,0.03287671232876712,0.9382745597728714,reachable
"registered PoWit, SPEC (leader WC and subordinates)",7 of 10 and 21 of 30,0.0,0.01,Lomax (primary),4.0,0.0,90.0,259200.0,3.4102321753804112,0.037372407401429164,0.942656520509929,reachable
"registered PoWit, SPEC (leader WC and subordinates)",7 of 10 and 21 of 30,0.0,0.01,Lomax (primary),4.0,0.0,365.0,1051200.0,3.7047146117897753,0.04059961218399754,0.9458274027296393,reachable
"registered PoWit, SPEC (leader WC and subordinates)",7 of 10 and 21 of 30,0.0,0.01,Lomax (primary),4.0,0.1,3.0,8640.0,1.4701778718652965,0.016933456130030645,0.9230577346408444,reachable
"registered PoWit, SPEC (leader WC and subordinates)",7 of 10 and 21 of 30,0.0,0.01,Lomax (primary),4.0,0.1,7.0,20160.0,2.1143819168358733,0.025089116896831486,0.9307796155659399,reachable
"registered PoWit, SPEC (leader WC and subordinates)",7 of 10 and 21 of 30,0.0,0.01,Lomax (primary),4.0,0.1,30.0,86400.0,3.0,0.0410958904109589,0.9463169131423532,reachable
"registered PoWit, SPEC (leader WC and subordinates)",7 of 10 and 21 of 30,0.0,0.01,Lomax (primary),4.0,0.1,90.0,259200.0,3.4102321753804112,0.06202994164800451,0.9674372533598344,reachable
"registered PoWit, SPEC (leader WC and subordinates)",7 of 10 and 21 of 30,0.0,0.01,Lomax (primary),4.0,0.1,365.0,1051200.0,3.7047146117897753,0.14059961218399752,,not reachable
"registered PoWit, SPEC (leader WC and subordinates)",7 of 10 and 21 of 30,0.0,0.01,Lomax (primary),4.0,0.25,3.0,8640.0,1.4701778718652965,0.01816633284235941,0.9242168071225083,reachable
"registered PoWit, SPEC (leader WC and subordinates)",7 of 10 and 21 of 30,0.0,0.01,Lomax (primary),4.0,0.25,7.0,20160.0,2.1143819168358733,0.02796582922559861,0.9335342360062178,reachable
"registered PoWit, SPEC (leader WC and subordinates)",7 of 10 and 21 of 30,0.0,0.01,Lomax (primary),4.0,0.25,30.0,86400.0,3.0,0.05342465753424658,0.9586423143265518,reachable
"registered PoWit, SPEC (leader WC and subordinates)",7 of 10 and 21 of 30,0.0,0.01,Lomax (primary),4.0,0.25,90.0,259200.0,3.4102321753804112,0.09901624301786752,,not reachable
"registered PoWit, SPEC (leader WC and subordinates)",7 of 10 and 21 of 30,0.0,0.01,Lomax (primary),4.0,0.25,365.0,1051200.0,3.7047146117897753,0.29059961218399755,,not reachable
"registered PoWit, SPEC (leader WC and subordinates)",7 of 10 and 21 of 30,0.0,0.01,exponential (comparison),1.0,0.0,3.0,8640.0,2.4399265972826107,0.006684730403514002,0.9135339048542382,reachable
"registered PoWit, SPEC (leader WC and subordinates)",7 of 10 and 21 of 30,0.0,0.01,exponential (comparison),1.0,0.0,7.0,20160.0,4.424843911799904,0.012122860032328504,0.9185627850600065,reachable
"registered PoWit, SPEC (leader WC and subordinates)",7 of 10 and 21 of 30,0.0,0.01,exponential (comparison),1.0,0.0,30.0,86400.0,6.903653492868647,0.018914119158544237,0.9249212476766436,reachable
"registered PoWit, SPEC (leader WC and subordinates)",7 of 10 and 21 of 30,0.0,0.01,exponential (comparison),1.0,0.0,90.0,259200.0,6.999981747941834,0.01917803218614201,0.9251701193116335,reachable
"registered PoWit, SPEC (leader WC and subordinates)",7 of 10 and 21 of 30,0.0,0.01,exponential (comparison),1.0,0.0,365.0,1051200.0,7.0,0.019178082191780823,0.9251701664799543,reachable
"registered PoWit, SPEC (leader WC and subordinates)",7 of 10 and 21 of 30,0.0,0.01,exponential (comparison),1.0,0.1,3.0,8640.0,2.4399265972826107,0.00750664821173318,0.9142904336344652,reachable
"registered PoWit, SPEC (leader WC and subordinates)",7 of 10 and 21 of 30,0.0,0.01,exponential (comparison),1.0,0.1,7.0,20160.0,4.424843911799904,0.014040668251506587,0.920349498976386,reachable
"registered PoWit, SPEC (leader WC and subordinates)",7 of 10 and 21 of 30,0.0,0.01,exponential (comparison),1.0,0.1,30.0,86400.0,6.903653492868647,0.027133297240736015,0.9327353628324981,reachable
"registered PoWit, SPEC (leader WC and subordinates)",7 of 10 and 21 of 30,0.0,0.01,exponential (comparison),1.0,0.1,90.0,259200.0,6.999981747941834,0.043835566432717354,0.9490283732896921,reachable
"registered PoWit, SPEC (leader WC and subordinates)",7 of 10 and 21 of 30,0.0,0.01,exponential (comparison),1.0,0.1,365.0,1051200.0,7.0,0.11917808219178082,,not reachable
"registered PoWit, SPEC (leader WC and subordinates)",7 of 10 and 21 of 30,0.0,0.01,exponential (comparison),1.0,0.25,3.0,8640.0,2.4399265972826107,0.008739524924061947,0.9154275791297968,reachable
"registered PoWit, SPEC (leader WC and subordinates)",7 of 10 and 21 of 30,0.0,0.01,exponential (comparison),1.0,0.25,7.0,20160.0,4.424843911799904,0.01691738058027371,0.9230426406291625,reachable
"registered PoWit, SPEC (leader WC and subordinates)",7 of 10 and 21 of 30,0.0,0.01,exponential (comparison),1.0,0.25,30.0,86400.0,6.903653492868647,0.039462064364023684,0.9447072763294942,reachable
"registered PoWit, SPEC (leader WC and subordinates)",7 of 10 and 21 of 30,0.0,0.01,exponential (comparison),1.0,0.25,90.0,259200.0,6.999981747941834,0.08082186780258037,0.9872158020301145,reachable
"registered PoWit, SPEC (leader WC and subordinates)",7 of 10 and 21 of 30,0.0,0.01,exponential (comparison),1.0,0.25,365.0,1051200.0,7.0,0.2691780821917808,,not reachable
"registered PoWit, SPEC (leader WC and subordinates)",7 of 10 and 21 of 30,0.0,0.01,exponential (comparison),4.0,0.0,3.0,8640.0,2.4399265972826107,0.02673892161405601,0.9323574086520497,reachable
"registered PoWit, SPEC (leader WC and subordinates)",7 of 10 and 21 of 30,0.0,0.01,exponential (comparison),4.0,0.0,7.0,20160.0,4.424843911799904,0.048491440129314015,0.953672111062397,reachable
"registered PoWit, SPEC (leader WC and subordinates)",7 of 10 and 21 of 30,0.0,0.01,exponential (comparison),4.0,0.0,30.0,86400.0,6.903653492868647,0.07565647663417695,0.9816990697155457,reachable
"registered PoWit, SPEC (leader WC and subordinates)",7 of 10 and 21 of 30,0.0,0.01,exponential (comparison),4.0,0.0,90.0,259200.0,6.999981747941834,0.07671212874456804,0.9828215069607192,reachable
"registered PoWit, SPEC (leader WC and subordinates)",7 of 10 and 21 of 30,0.0,0.01,exponential (comparison),4.0,0.0,365.0,1051200.0,7.0,0.07671232876712329,0.9828217198807824,reachable
"registered PoWit, SPEC (leader WC and subordinates)",7 of 10 and 21 of 30,0.0,0.01,exponential (comparison),4.0,0.1,3.0,8640.0,2.4399265972826107,0.027560839422275187,0.9331454488594607,reachable
"registered PoWit, SPEC (leader WC and subordinates)",7 of 10 and 21 of 30,0.0,0.01,exponential (comparison),4.0,0.1,7.0,20160.0,4.424843911799904,0.0504092483484921,0.9555981620583818,reachable
"registered PoWit, SPEC (leader WC and subordinates)",7 of 10 and 21 of 30,0.0,0.01,exponential (comparison),4.0,0.1,30.0,86400.0,6.903653492868647,0.08387565471636874,0.9905065635002632,reachable
"registered PoWit, SPEC (leader WC and subordinates)",7 of 10 and 21 of 30,0.0,0.01,exponential (comparison),4.0,0.1,90.0,259200.0,6.999981747941834,0.10136966299114339,,not reachable
"registered PoWit, SPEC (leader WC and subordinates)",7 of 10 and 21 of 30,0.0,0.01,exponential (comparison),4.0,0.1,365.0,1051200.0,7.0,0.17671232876712328,,not reachable
"registered PoWit, SPEC (leader WC and subordinates)",7 of 10 and 21 of 30,0.0,0.01,exponential (comparison),4.0,0.25,3.0,8640.0,2.4399265972826107,0.028793716134603953,0.9343300100718692,reachable
"registered PoWit, SPEC (leader WC and subordinates)",7 of 10 and 21 of 30,0.0,0.01,exponential (comparison),4.0,0.25,7.0,20160.0,4.424843911799904,0.05328596067725922,0.9585018699363246,reachable
"registered PoWit, SPEC (leader WC and subordinates)",7 of 10 and 21 of 30,0.0,0.01,exponential (comparison),4.0,0.25,30.0,86400.0,6.903653492868647,0.0962044218396564,,not reachable
"registered PoWit, SPEC (leader WC and subordinates)",7 of 10 and 21 of 30,0.0,0.01,exponential (comparison),4.0,0.25,90.0,259200.0,6.999981747941834,0.13835596436100642,,not reachable
"registered PoWit, SPEC (leader WC and subordinates)",7 of 10 and 21 of 30,0.0,0.01,exponential (comparison),4.0,0.25,365.0,1051200.0,7.0,0.3267123287671233,,not reachable
"registered PoWit, SPEC (leader WC and subordinates)",7 of 10 and 21 of 30,0.1,0.01,Lomax (primary),1.0,0.0,3.0,8640.0,1.4701778718652965,0.004027884580452867,,not reachable
"registered PoWit, SPEC (leader WC and subordinates)",7 of 10 and 21 of 30,0.1,0.01,Lomax (primary),1.0,0.0,7.0,20160.0,2.1143819168358733,0.005792827169413352,,not reachable
"registered PoWit, SPEC (leader WC and subordinates)",7 of 10 and 21 of 30,0.1,0.01,Lomax (primary),1.0,0.0,30.0,86400.0,3.0,0.00821917808219178,,not reachable
"registered PoWit, SPEC (leader WC and subordinates)",7 of 10 and 21 of 30,0.1,0.01,Lomax (primary),1.0,0.0,90.0,259200.0,3.4102321753804112,0.009343101850357291,,not reachable
"registered PoWit, SPEC (leader WC and subordinates)",7 of 10 and 21 of 30,0.1,0.01,Lomax (primary),1.0,0.0,365.0,1051200.0,3.7047146117897753,0.010149903045999385,,not reachable
"registered PoWit, SPEC (leader WC and subordinates)",7 of 10 and 21 of 30,0.1,0.01,Lomax (primary),1.0,0.1,3.0,8640.0,1.4701778718652965,0.004849802388672045,,not reachable
"registered PoWit, SPEC (leader WC and subordinates)",7 of 10 and 21 of 30,0.1,0.01,Lomax (primary),1.0,0.1,7.0,20160.0,2.1143819168358733,0.007710635388591434,,not reachable
"registered PoWit, SPEC (leader WC and subordinates)",7 of 10 and 21 of 30,0.1,0.01,Lomax (primary),1.0,0.1,30.0,86400.0,3.0,0.01643835616438356,,not reachable
"registered PoWit, SPEC (leader WC and subordinates)",7 of 10 and 21 of 30,0.1,0.01,Lomax (primary),1.0,0.1,90.0,259200.0,3.4102321753804112,0.034000636096932636,,not reachable
"registered PoWit, SPEC (leader WC and subordinates)",7 of 10 and 21 of 30,0.1,0.01,Lomax (primary),1.0,0.1,365.0,1051200.0,3.7047146117897753,0.11014990304599938,,not reachable
"registered PoWit, SPEC (leader WC and subordinates)",7 of 10 and 21 of 30,0.1,0.01,Lomax (primary),1.0,0.25,3.0,8640.0,1.4701778718652965,0.0060826791010008124,,not reachable
"registered PoWit, SPEC (leader WC and subordinates)",7 of 10 and 21 of 30,0.1,0.01,Lomax (primary),1.0,0.25,7.0,20160.0,2.1143819168358733,0.010587347717358557,,not reachable
"registered PoWit, SPEC (leader WC and subordinates)",7 of 10 and 21 of 30,0.1,0.01,Lomax (primary),1.0,0.25,30.0,86400.0,3.0,0.028767123287671233,,not reachable
"registered PoWit, SPEC (leader WC and subordinates)",7 of 10 and 21 of 30,0.1,0.01,Lomax (primary),1.0,0.25,90.0,259200.0,3.4102321753804112,0.07098693746679564,,not reachable
"registered PoWit, SPEC (leader WC and subordinates)",7 of 10 and 21 of 30,0.1,0.01,Lomax (primary),1.0,0.25,365.0,1051200.0,3.7047146117897753,0.2601499030459994,,not reachable
"registered PoWit, SPEC (leader WC and subordinates)",7 of 10 and 21 of 30,0.1,0.01,Lomax (primary),4.0,0.0,3.0,8640.0,1.4701778718652965,0.016111538321811468,,not reachable
"registered PoWit, SPEC (leader WC and subordinates)",7 of 10 and 21 of 30,0.1,0.01,Lomax (primary),4.0,0.0,7.0,20160.0,2.1143819168358733,0.023171308677653407,,not reachable
"registered PoWit, SPEC (leader WC and subordinates)",7 of 10 and 21 of 30,0.1,0.01,Lomax (primary),4.0,0.0,30.0,86400.0,3.0,0.03287671232876712,,not reachable
"registered PoWit, SPEC (leader WC and subordinates)",7 of 10 and 21 of 30,0.1,0.01,Lomax (primary),4.0,0.0,90.0,259200.0,3.4102321753804112,0.037372407401429164,,not reachable
"registered PoWit, SPEC (leader WC and subordinates)",7 of 10 and 21 of 30,0.1,0.01,Lomax (primary),4.0,0.0,365.0,1051200.0,3.7047146117897753,0.04059961218399754,,not reachable
"registered PoWit, SPEC (leader WC and subordinates)",7 of 10 and 21 of 30,0.1,0.01,Lomax (primary),4.0,0.1,3.0,8640.0,1.4701778718652965,0.016933456130030645,,not reachable
"registered PoWit, SPEC (leader WC and subordinates)",7 of 10 and 21 of 30,0.1,0.01,Lomax (primary),4.0,0.1,7.0,20160.0,2.1143819168358733,0.025089116896831486,,not reachable
"registered PoWit, SPEC (leader WC and subordinates)",7 of 10 and 21 of 30,0.1,0.01,Lomax (primary),4.0,0.1,30.0,86400.0,3.0,0.0410958904109589,,not reachable
"registered PoWit, SPEC (leader WC and subordinates)",7 of 10 and 21 of 30,0.1,0.01,Lomax (primary),4.0,0.1,90.0,259200.0,3.4102321753804112,0.06202994164800451,,not reachable
"registered PoWit, SPEC (leader WC and subordinates)",7 of 10 and 21 of 30,0.1,0.01,Lomax (primary),4.0,0.1,365.0,1051200.0,3.7047146117897753,0.14059961218399752,,not reachable
"registered PoWit, SPEC (leader WC and subordinates)",7 of 10 and 21 of 30,0.1,0.01,Lomax (primary),4.0,0.25,3.0,8640.0,1.4701778718652965,0.01816633284235941,,not reachable
"registered PoWit, SPEC (leader WC and subordinates)",7 of 10 and 21 of 30,0.1,0.01,Lomax (primary),4.0,0.25,7.0,20160.0,2.1143819168358733,0.02796582922559861,,not reachable
"registered PoWit, SPEC (leader WC and subordinates)",7 of 10 and 21 of 30,0.1,0.01,Lomax (primary),4.0,0.25,30.0,86400.0,3.0,0.05342465753424658,,not reachable
"registered PoWit, SPEC (leader WC and subordinates)",7 of 10 and 21 of 30,0.1,0.01,Lomax (primary),4.0,0.25,90.0,259200.0,3.4102321753804112,0.09901624301786752,,not reachable
"registered PoWit, SPEC (leader WC and subordinates)",7 of 10 and 21 of 30,0.1,0.01,Lomax (primary),4.0,0.25,365.0,1051200.0,3.7047146117897753,0.29059961218399755,,not reachable
"registered PoWit, SPEC (leader WC and subordinates)",7 of 10 and 21 of 30,0.1,0.01,exponential (comparison),1.0,0.0,3.0,8640.0,2.4399265972826107,0.006684730403514002,,not reachable
"registered PoWit, SPEC (leader WC and subordinates)",7 of 10 and 21 of 30,0.1,0.01,exponential (comparison),1.0,0.0,7.0,20160.0,4.424843911799904,0.012122860032328504,,not reachable
"registered PoWit, SPEC (leader WC and subordinates)",7 of 10 and 21 of 30,0.1,0.01,exponential (comparison),1.0,0.0,30.0,86400.0,6.903653492868647,0.018914119158544237,,not reachable
"registered PoWit, SPEC (leader WC and subordinates)",7 of 10 and 21 of 30,0.1,0.01,exponential (comparison),1.0,0.0,90.0,259200.0,6.999981747941834,0.01917803218614201,,not reachable
"registered PoWit, SPEC (leader WC and subordinates)",7 of 10 and 21 of 30,0.1,0.01,exponential (comparison),1.0,0.0,365.0,1051200.0,7.0,0.019178082191780823,,not reachable
"registered PoWit, SPEC (leader WC and subordinates)",7 of 10 and 21 of 30,0.1,0.01,exponential (comparison),1.0,0.1,3.0,8640.0,2.4399265972826107,0.00750664821173318,,not reachable
"registered PoWit, SPEC (leader WC and subordinates)",7 of 10 and 21 of 30,0.1,0.01,exponential (comparison),1.0,0.1,7.0,20160.0,4.424843911799904,0.014040668251506587,,not reachable
"registered PoWit, SPEC (leader WC and subordinates)",7 of 10 and 21 of 30,0.1,0.01,exponential (comparison),1.0,0.1,30.0,86400.0,6.903653492868647,0.027133297240736015,,not reachable
"registered PoWit, SPEC (leader WC and subordinates)",7 of 10 and 21 of 30,0.1,0.01,exponential (comparison),1.0,0.1,90.0,259200.0,6.999981747941834,0.043835566432717354,,not reachable
"registered PoWit, SPEC (leader WC and subordinates)",7 of 10 and 21 of 30,0.1,0.01,exponential (comparison),1.0,0.1,365.0,1051200.0,7.0,0.11917808219178082,,not reachable
"registered PoWit, SPEC (leader WC and subordinates)",7 of 10 and 21 of 30,0.1,0.01,exponential (comparison),1.0,0.25,3.0,8640.0,2.4399265972826107,0.008739524924061947,,not reachable
"registered PoWit, SPEC (leader WC and subordinates)",7 of 10 and 21 of 30,0.1,0.01,exponential (comparison),1.0,0.25,7.0,20160.0,4.424843911799904,0.01691738058027371,,not reachable
"registered PoWit, SPEC (leader WC and subordinates)",7 of 10 and 21 of 30,0.1,0.01,exponential (comparison),1.0,0.25,30.0,86400.0,6.903653492868647,0.039462064364023684,,not reachable
"registered PoWit, SPEC (leader WC and subordinates)",7 of 10 and 21 of 30,0.1,0.01,exponential (comparison),1.0,0.25,90.0,259200.0,6.999981747941834,0.08082186780258037,,not reachable
"registered PoWit, SPEC (leader WC and subordinates)",7 of 10 and 21 of 30,0.1,0.01,exponential (comparison),1.0,0.25,365.0,1051200.0,7.0,0.2691780821917808,,not reachable
"registered PoWit, SPEC (leader WC and subordinates)",7 of 10 and 21 of 30,0.1,0.01,exponential (comparison),4.0,0.0,3.0,8640.0,2.4399265972826107,0.02673892161405601,,not reachable
"registered PoWit, SPEC (leader WC and subordinates)",7 of 10 and 21 of 30,0.1,0.01,exponential (comparison),4.0,0.0,7.0,20160.0,4.424843911799904,0.048491440129314015,,not reachable
"registered PoWit, SPEC (leader WC and subordinates)",7 of 10 and 21 of 30,0.1,0.01,exponential (comparison),4.0,0.0,30.0,86400.0,6.903653492868647,0.07565647663417695,,not reachable
"registered PoWit, SPEC (leader WC and subordinates)",7 of 10 and 21 of 30,0.1,0.01,exponential (comparison),4.0,0.0,90.0,259200.0,6.999981747941834,0.07671212874456804,,not reachable
"registered PoWit, SPEC (leader WC and subordinates)",7 of 10 and 21 of 30,0.1,0.01,exponential (comparison),4.0,0.0,365.0,1051200.0,7.0,0.07671232876712329,,not reachable
"registered PoWit, SPEC (leader WC and subordinates)",7 of 10 and 21 of 30,0.1,0.01,exponential (comparison),4.0,0.1,3.0,8640.0,2.4399265972826107,0.027560839422275187,,not reachable
"registered PoWit, SPEC (leader WC and subordinates)",7 of 10 and 21 of 30,0.1,0.01,exponential (comparison),4.0,0.1,7.0,20160.0,4.424843911799904,0.0504092483484921,,not reachable
"registered PoWit, SPEC (leader WC and subordinates)",7 of 10 and 21 of 30,0.1,0.01,exponential (comparison),4.0,0.1,30.0,86400.0,6.903653492868647,0.08387565471636874,,not reachable
"registered PoWit, SPEC (leader WC and subordinates)",7 of 10 and 21 of 30,0.1,0.01,exponential (comparison),4.0,0.1,90.0,259200.0,6.999981747941834,0.10136966299114339,,not reachable
"registered PoWit, SPEC (leader WC and subordinates)",7 of 10 and 21 of 30,0.1,0.01,exponential (comparison),4.0,0.1,365.0,1051200.0,7.0,0.17671232876712328,,not reachable
"registered PoWit, SPEC (leader WC and subordinates)",7 of 10 and 21 of 30,0.1,0.01,exponential (comparison),4.0,0.25,3.0,8640.0,2.4399265972826107,0.028793716134603953,,not reachable
"registered PoWit, SPEC (leader WC and subordinates)",7 of 10 and 21 of 30,0.1,0.01,exponential (comparison),4.0,0.25,7.0,20160.0,4.424843911799904,0.05328596067725922,,not reachable
"registered PoWit, SPEC (leader WC and subordinates)",7 of 10 and 21 of 30,0.1,0.01,exponential (comparison),4.0,0.25,30.0,86400.0,6.903653492868647,0.0962044218396564,,not reachable
"registered PoWit, SPEC (leader WC and subordinates)",7 of 10 and 21 of 30,0.1,0.01,exponential (comparison),4.0,0.25,90.0,259200.0,6.999981747941834,0.13835596436100642,,not reachable
"registered PoWit, SPEC (leader WC and subordinates)",7 of 10 and 21 of 30,0.1,0.01,exponential (comparison),4.0,0.25,365.0,1051200.0,7.0,0.3267123287671233,,not reachable
"registered PoWit, SPEC (leader WC and subordinates)",7 of 10 and 21 of 30,0.2,0.01,Lomax (primary),1.0,0.0,3.0,8640.0,1.4701778718652965,0.004027884580452867,,not reachable
"registered PoWit, SPEC (leader WC and subordinates)",7 of 10 and 21 of 30,0.2,0.01,Lomax (primary),1.0,0.0,7.0,20160.0,2.1143819168358733,0.005792827169413352,,not reachable
"registered PoWit, SPEC (leader WC and subordinates)",7 of 10 and 21 of 30,0.2,0.01,Lomax (primary),1.0,0.0,30.0,86400.0,3.0,0.00821917808219178,,not reachable
"registered PoWit, SPEC (leader WC and subordinates)",7 of 10 and 21 of 30,0.2,0.01,Lomax (primary),1.0,0.0,90.0,259200.0,3.4102321753804112,0.009343101850357291,,not reachable
"registered PoWit, SPEC (leader WC and subordinates)",7 of 10 and 21 of 30,0.2,0.01,Lomax (primary),1.0,0.0,365.0,1051200.0,3.7047146117897753,0.010149903045999385,,not reachable
"registered PoWit, SPEC (leader WC and subordinates)",7 of 10 and 21 of 30,0.2,0.01,Lomax (primary),1.0,0.1,3.0,8640.0,1.4701778718652965,0.004849802388672045,,not reachable
"registered PoWit, SPEC (leader WC and subordinates)",7 of 10 and 21 of 30,0.2,0.01,Lomax (primary),1.0,0.1,7.0,20160.0,2.1143819168358733,0.007710635388591434,,not reachable
"registered PoWit, SPEC (leader WC and subordinates)",7 of 10 and 21 of 30,0.2,0.01,Lomax (primary),1.0,0.1,30.0,86400.0,3.0,0.01643835616438356,,not reachable
"registered PoWit, SPEC (leader WC and subordinates)",7 of 10 and 21 of 30,0.2,0.01,Lomax (primary),1.0,0.1,90.0,259200.0,3.4102321753804112,0.034000636096932636,,not reachable
"registered PoWit, SPEC (leader WC and subordinates)",7 of 10 and 21 of 30,0.2,0.01,Lomax (primary),1.0,0.1,365.0,1051200.0,3.7047146117897753,0.11014990304599938,,not reachable
"registered PoWit, SPEC (leader WC and subordinates)",7 of 10 and 21 of 30,0.2,0.01,Lomax (primary),1.0,0.25,3.0,8640.0,1.4701778718652965,0.0060826791010008124,,not reachable
"registered PoWit, SPEC (leader WC and subordinates)",7 of 10 and 21 of 30,0.2,0.01,Lomax (primary),1.0,0.25,7.0,20160.0,2.1143819168358733,0.010587347717358557,,not reachable
"registered PoWit, SPEC (leader WC and subordinates)",7 of 10 and 21 of 30,0.2,0.01,Lomax (primary),1.0,0.25,30.0,86400.0,3.0,0.028767123287671233,,not reachable
"registered PoWit, SPEC (leader WC and subordinates)",7 of 10 and 21 of 30,0.2,0.01,Lomax (primary),1.0,0.25,90.0,259200.0,3.4102321753804112,0.07098693746679564,,not reachable
"registered PoWit, SPEC (leader WC and subordinates)",7 of 10 and 21 of 30,0.2,0.01,Lomax (primary),1.0,0.25,365.0,1051200.0,3.7047146117897753,0.2601499030459994,,not reachable
"registered PoWit, SPEC (leader WC and subordinates)",7 of 10 and 21 of 30,0.2,0.01,Lomax (primary),4.0,0.0,3.0,8640.0,1.4701778718652965,0.016111538321811468,,not reachable
"registered PoWit, SPEC (leader WC and subordinates)",7 of 10 and 21 of 30,0.2,0.01,Lomax (primary),4.0,0.0,7.0,20160.0,2.1143819168358733,0.023171308677653407,,not reachable
"registered PoWit, SPEC (leader WC and subordinates)",7 of 10 and 21 of 30,0.2,0.01,Lomax (primary),4.0,0.0,30.0,86400.0,3.0,0.03287671232876712,,not reachable
"registered PoWit, SPEC (leader WC and subordinates)",7 of 10 and 21 of 30,0.2,0.01,Lomax (primary),4.0,0.0,90.0,259200.0,3.4102321753804112,0.037372407401429164,,not reachable
"registered PoWit, SPEC (leader WC and subordinates)",7 of 10 and 21 of 30,0.2,0.01,Lomax (primary),4.0,0.0,365.0,1051200.0,3.7047146117897753,0.04059961218399754,,not reachable
"registered PoWit, SPEC (leader WC and subordinates)",7 of 10 and 21 of 30,0.2,0.01,Lomax (primary),4.0,0.1,3.0,8640.0,1.4701778718652965,0.016933456130030645,,not reachable
"registered PoWit, SPEC (leader WC and subordinates)",7 of 10 and 21 of 30,0.2,0.01,Lomax (primary),4.0,0.1,7.0,20160.0,2.1143819168358733,0.025089116896831486,,not reachable
"registered PoWit, SPEC (leader WC and subordinates)",7 of 10 and 21 of 30,0.2,0.01,Lomax (primary),4.0,0.1,30.0,86400.0,3.0,0.0410958904109589,,not reachable
"registered PoWit, SPEC (leader WC and subordinates)",7 of 10 and 21 of 30,0.2,0.01,Lomax (primary),4.0,0.1,90.0,259200.0,3.4102321753804112,0.06202994164800451,,not reachable
"registered PoWit, SPEC (leader WC and subordinates)",7 of 10 and 21 of 30,0.2,0.01,Lomax (primary),4.0,0.1,365.0,1051200.0,3.7047146117897753,0.14059961218399752,,not reachable
"registered PoWit, SPEC (leader WC and subordinates)",7 of 10 and 21 of 30,0.2,0.01,Lomax (primary),4.0,0.25,3.0,8640.0,1.4701778718652965,0.01816633284235941,,not reachable
"registered PoWit, SPEC (leader WC and subordinates)",7 of 10 and 21 of 30,0.2,0.01,Lomax (primary),4.0,0.25,7.0,20160.0,2.1143819168358733,0.02796582922559861,,not reachable
"registered PoWit, SPEC (leader WC and subordinates)",7 of 10 and 21 of 30,0.2,0.01,Lomax (primary),4.0,0.25,30.0,86400.0,3.0,0.05342465753424658,,not reachable
"registered PoWit, SPEC (leader WC and subordinates)",7 of 10 and 21 of 30,0.2,0.01,Lomax (primary),4.0,0.25,90.0,259200.0,3.4102321753804112,0.09901624301786752,,not reachable
"registered PoWit, SPEC (leader WC and subordinates)",7 of 10 and 21 of 30,0.2,0.01,Lomax (primary),4.0,0.25,365.0,1051200.0,3.7047146117897753,0.29059961218399755,,not reachable
"registered PoWit, SPEC (leader WC and subordinates)",7 of 10 and 21 of 30,0.2,0.01,exponential (comparison),1.0,0.0,3.0,8640.0,2.4399265972826107,0.006684730403514002,,not reachable
"registered PoWit, SPEC (leader WC and subordinates)",7 of 10 and 21 of 30,0.2,0.01,exponential (comparison),1.0,0.0,7.0,20160.0,4.424843911799904,0.012122860032328504,,not reachable
"registered PoWit, SPEC (leader WC and subordinates)",7 of 10 and 21 of 30,0.2,0.01,exponential (comparison),1.0,0.0,30.0,86400.0,6.903653492868647,0.018914119158544237,,not reachable
"registered PoWit, SPEC (leader WC and subordinates)",7 of 10 and 21 of 30,0.2,0.01,exponential (comparison),1.0,0.0,90.0,259200.0,6.999981747941834,0.01917803218614201,,not reachable
"registered PoWit, SPEC (leader WC and subordinates)",7 of 10 and 21 of 30,0.2,0.01,exponential (comparison),1.0,0.0,365.0,1051200.0,7.0,0.019178082191780823,,not reachable
"registered PoWit, SPEC (leader WC and subordinates)",7 of 10 and 21 of 30,0.2,0.01,exponential (comparison),1.0,0.1,3.0,8640.0,2.4399265972826107,0.00750664821173318,,not reachable
"registered PoWit, SPEC (leader WC and subordinates)",7 of 10 and 21 of 30,0.2,0.01,exponential (comparison),1.0,0.1,7.0,20160.0,4.424843911799904,0.014040668251506587,,not reachable
"registered PoWit, SPEC (leader WC and subordinates)",7 of 10 and 21 of 30,0.2,0.01,exponential (comparison),1.0,0.1,30.0,86400.0,6.903653492868647,0.027133297240736015,,not reachable
"registered PoWit, SPEC (leader WC and subordinates)",7 of 10 and 21 of 30,0.2,0.01,exponential (comparison),1.0,0.1,90.0,259200.0,6.999981747941834,0.043835566432717354,,not reachable
"registered PoWit, SPEC (leader WC and subordinates)",7 of 10 and 21 of 30,0.2,0.01,exponential (comparison),1.0,0.1,365.0,1051200.0,7.0,0.11917808219178082,,not reachable
"registered PoWit, SPEC (leader WC and subordinates)",7 of 10 and 21 of 30,0.2,0.01,exponential (comparison),1.0,0.25,3.0,8640.0,2.4399265972826107,0.008739524924061947,,not reachable
"registered PoWit, SPEC (leader WC and subordinates)",7 of 10 and 21 of 30,0.2,0.01,exponential (comparison),1.0,0.25,7.0,20160.0,4.424843911799904,0.01691738058027371,,not reachable
"registered PoWit, SPEC (leader WC and subordinates)",7 of 10 and 21 of 30,0.2,0.01,exponential (comparison),1.0,0.25,30.0,86400.0,6.903653492868647,0.039462064364023684,,not reachable
"registered PoWit, SPEC (leader WC and subordinates)",7 of 10 and 21 of 30,0.2,0.01,exponential (comparison),1.0,0.25,90.0,259200.0,6.999981747941834,0.08082186780258037,,not reachable
"registered PoWit, SPEC (leader WC and subordinates)",7 of 10 and 21 of 30,0.2,0.01,exponential (comparison),1.0,0.25,365.0,1051200.0,7.0,0.2691780821917808,,not reachable
"registered PoWit, SPEC (leader WC and subordinates)",7 of 10 and 21 of 30,0.2,0.01,exponential (comparison),4.0,0.0,3.0,8640.0,2.4399265972826107,0.02673892161405601,,not reachable
"registered PoWit, SPEC (leader WC and subordinates)",7 of 10 and 21 of 30,0.2,0.01,exponential (comparison),4.0,0.0,7.0,20160.0,4.424843911799904,0.048491440129314015,,not reachable
"registered PoWit, SPEC (leader WC and subordinates)",7 of 10 and 21 of 30,0.2,0.01,exponential (comparison),4.0,0.0,30.0,86400.0,6.903653492868647,0.07565647663417695,,not reachable
"registered PoWit, SPEC (leader WC and subordinates)",7 of 10 and 21 of 30,0.2,0.01,exponential (comparison),4.0,0.0,90.0,259200.0,6.999981747941834,0.07671212874456804,,not reachable
"registered PoWit, SPEC (leader WC and subordinates)",7 of 10 and 21 of 30,0.2,0.01,exponential (comparison),4.0,0.0,365.0,1051200.0,7.0,0.07671232876712329,,not reachable
"registered PoWit, SPEC (leader WC and subordinates)",7 of 10 and 21 of 30,0.2,0.01,exponential (comparison),4.0,0.1,3.0,8640.0,2.4399265972826107,0.027560839422275187,,not reachable
"registered PoWit, SPEC (leader WC and subordinates)",7 of 10 and 21 of 30,0.2,0.01,exponential (comparison),4.0,0.1,7.0,20160.0,4.424843911799904,0.0504092483484921,,not reachable
"registered PoWit, SPEC (leader WC and subordinates)",7 of 10 and 21 of 30,0.2,0.01,exponential (comparison),4.0,0.1,30.0,86400.0,6.903653492868647,0.08387565471636874,,not reachable
"registered PoWit, SPEC (leader WC and subordinates)",7 of 10 and 21 of 30,0.2,0.01,exponential (comparison),4.0,0.1,90.0,259200.0,6.999981747941834,0.10136966299114339,,not reachable
"registered PoWit, SPEC (leader WC and subordinates)",7 of 10 and 21 of 30,0.2,0.01,exponential (comparison),4.0,0.1,365.0,1051200.0,7.0,0.17671232876712328,,not reachable
"registered PoWit, SPEC (leader WC and subordinates)",7 of 10 and 21 of 30,0.2,0.01,exponential (comparison),4.0,0.25,3.0,8640.0,2.4399265972826107,0.028793716134603953,,not reachable
"registered PoWit, SPEC (leader WC and subordinates)",7 of 10 and 21 of 30,0.2,0.01,exponential (comparison),4.0,0.25,7.0,20160.0,4.424843911799904,0.05328596067725922,,not reachable
"registered PoWit, SPEC (leader WC and subordinates)",7 of 10 and 21 of 30,0.2,0.01,exponential (comparison),4.0,0.25,30.0,86400.0,6.903653492868647,0.0962044218396564,,not reachable
"registered PoWit, SPEC (leader WC and subordinates)",7 of 10 and 21 of 30,0.2,0.01,exponential (comparison),4.0,0.25,90.0,259200.0,6.999981747941834,0.13835596436100642,,not reachable
"registered PoWit, SPEC (leader WC and subordinates)",7 of 10 and 21 of 30,0.2,0.01,exponential (comparison),4.0,0.25,365.0,1051200.0,7.0,0.3267123287671233,,not reachable
"registered PoWit, SPEC (leader WC and subordinates)",7 of 10 and 21 of 30,0.25,0.01,Lomax (primary),1.0,0.0,3.0,8640.0,1.4701778718652965,0.004027884580452867,,not reachable
"registered PoWit, SPEC (leader WC and subordinates)",7 of 10 and 21 of 30,0.25,0.01,Lomax (primary),1.0,0.0,7.0,20160.0,2.1143819168358733,0.005792827169413352,,not reachable
"registered PoWit, SPEC (leader WC and subordinates)",7 of 10 and 21 of 30,0.25,0.01,Lomax (primary),1.0,0.0,30.0,86400.0,3.0,0.00821917808219178,,not reachable
"registered PoWit, SPEC (leader WC and subordinates)",7 of 10 and 21 of 30,0.25,0.01,Lomax (primary),1.0,0.0,90.0,259200.0,3.4102321753804112,0.009343101850357291,,not reachable
"registered PoWit, SPEC (leader WC and subordinates)",7 of 10 and 21 of 30,0.25,0.01,Lomax (primary),1.0,0.0,365.0,1051200.0,3.7047146117897753,0.010149903045999385,,not reachable
"registered PoWit, SPEC (leader WC and subordinates)",7 of 10 and 21 of 30,0.25,0.01,Lomax (primary),1.0,0.1,3.0,8640.0,1.4701778718652965,0.004849802388672045,,not reachable
"registered PoWit, SPEC (leader WC and subordinates)",7 of 10 and 21 of 30,0.25,0.01,Lomax (primary),1.0,0.1,7.0,20160.0,2.1143819168358733,0.007710635388591434,,not reachable
"registered PoWit, SPEC (leader WC and subordinates)",7 of 10 and 21 of 30,0.25,0.01,Lomax (primary),1.0,0.1,30.0,86400.0,3.0,0.01643835616438356,,not reachable
"registered PoWit, SPEC (leader WC and subordinates)",7 of 10 and 21 of 30,0.25,0.01,Lomax (primary),1.0,0.1,90.0,259200.0,3.4102321753804112,0.034000636096932636,,not reachable
"registered PoWit, SPEC (leader WC and subordinates)",7 of 10 and 21 of 30,0.25,0.01,Lomax (primary),1.0,0.1,365.0,1051200.0,3.7047146117897753,0.11014990304599938,,not reachable
"registered PoWit, SPEC (leader WC and subordinates)",7 of 10 and 21 of 30,0.25,0.01,Lomax (primary),1.0,0.25,3.0,8640.0,1.4701778718652965,0.0060826791010008124,,not reachable
"registered PoWit, SPEC (leader WC and subordinates)",7 of 10 and 21 of 30,0.25,0.01,Lomax (primary),1.0,0.25,7.0,20160.0,2.1143819168358733,0.010587347717358557,,not reachable
"registered PoWit, SPEC (leader WC and subordinates)",7 of 10 and 21 of 30,0.25,0.01,Lomax (primary),1.0,0.25,30.0,86400.0,3.0,0.028767123287671233,,not reachable
"registered PoWit, SPEC (leader WC and subordinates)",7 of 10 and 21 of 30,0.25,0.01,Lomax (primary),1.0,0.25,90.0,259200.0,3.4102321753804112,0.07098693746679564,,not reachable
"registered PoWit, SPEC (leader WC and subordinates)",7 of 10 and 21 of 30,0.25,0.01,Lomax (primary),1.0,0.25,365.0,1051200.0,3.7047146117897753,0.2601499030459994,,not reachable
"registered PoWit, SPEC (leader WC and subordinates)",7 of 10 and 21 of 30,0.25,0.01,Lomax (primary),4.0,0.0,3.0,8640.0,1.4701778718652965,0.016111538321811468,,not reachable
"registered PoWit, SPEC (leader WC and subordinates)",7 of 10 and 21 of 30,0.25,0.01,Lomax (primary),4.0,0.0,7.0,20160.0,2.1143819168358733,0.023171308677653407,,not reachable
"registered PoWit, SPEC (leader WC and subordinates)",7 of 10 and 21 of 30,0.25,0.01,Lomax (primary),4.0,0.0,30.0,86400.0,3.0,0.03287671232876712,,not reachable
"registered PoWit, SPEC (leader WC and subordinates)",7 of 10 and 21 of 30,0.25,0.01,Lomax (primary),4.0,0.0,90.0,259200.0,3.4102321753804112,0.037372407401429164,,not reachable
"registered PoWit, SPEC (leader WC and subordinates)",7 of 10 and 21 of 30,0.25,0.01,Lomax (primary),4.0,0.0,365.0,1051200.0,3.7047146117897753,0.04059961218399754,,not reachable
"registered PoWit, SPEC (leader WC and subordinates)",7 of 10 and 21 of 30,0.25,0.01,Lomax (primary),4.0,0.1,3.0,8640.0,1.4701778718652965,0.016933456130030645,,not reachable
"registered PoWit, SPEC (leader WC and subordinates)",7 of 10 and 21 of 30,0.25,0.01,Lomax (primary),4.0,0.1,7.0,20160.0,2.1143819168358733,0.025089116896831486,,not reachable
"registered PoWit, SPEC (leader WC and subordinates)",7 of 10 and 21 of 30,0.25,0.01,Lomax (primary),4.0,0.1,30.0,86400.0,3.0,0.0410958904109589,,not reachable
"registered PoWit, SPEC (leader WC and subordinates)",7 of 10 and 21 of 30,0.25,0.01,Lomax (primary),4.0,0.1,90.0,259200.0,3.4102321753804112,0.06202994164800451,,not reachable
"registered PoWit, SPEC (leader WC and subordinates)",7 of 10 and 21 of 30,0.25,0.01,Lomax (primary),4.0,0.1,365.0,1051200.0,3.7047146117897753,0.14059961218399752,,not reachable
"registered PoWit, SPEC (leader WC and subordinates)",7 of 10 and 21 of 30,0.25,0.01,Lomax (primary),4.0,0.25,3.0,8640.0,1.4701778718652965,0.01816633284235941,,not reachable
"registered PoWit, SPEC (leader WC and subordinates)",7 of 10 and 21 of 30,0.25,0.01,Lomax (primary),4.0,0.25,7.0,20160.0,2.1143819168358733,0.02796582922559861,,not reachable
"registered PoWit, SPEC (leader WC and subordinates)",7 of 10 and 21 of 30,0.25,0.01,Lomax (primary),4.0,0.25,30.0,86400.0,3.0,0.05342465753424658,,not reachable
"registered PoWit, SPEC (leader WC and subordinates)",7 of 10 and 21 of 30,0.25,0.01,Lomax (primary),4.0,0.25,90.0,259200.0,3.4102321753804112,0.09901624301786752,,not reachable
"registered PoWit, SPEC (leader WC and subordinates)",7 of 10 and 21 of 30,0.25,0.01,Lomax (primary),4.0,0.25,365.0,1051200.0,3.7047146117897753,0.29059961218399755,,not reachable
"registered PoWit, SPEC (leader WC and subordinates)",7 of 10 and 21 of 30,0.25,0.01,exponential (comparison),1.0,0.0,3.0,8640.0,2.4399265972826107,0.006684730403514002,,not reachable
"registered PoWit, SPEC (leader WC and subordinates)",7 of 10 and 21 of 30,0.25,0.01,exponential (comparison),1.0,0.0,7.0,20160.0,4.424843911799904,0.012122860032328504,,not reachable
"registered PoWit, SPEC (leader WC and subordinates)",7 of 10 and 21 of 30,0.25,0.01,exponential (comparison),1.0,0.0,30.0,86400.0,6.903653492868647,0.018914119158544237,,not reachable
"registered PoWit, SPEC (leader WC and subordinates)",7 of 10 and 21 of 30,0.25,0.01,exponential (comparison),1.0,0.0,90.0,259200.0,6.999981747941834,0.01917803218614201,,not reachable
"registered PoWit, SPEC (leader WC and subordinates)",7 of 10 and 21 of 30,0.25,0.01,exponential (comparison),1.0,0.0,365.0,1051200.0,7.0,0.019178082191780823,,not reachable
"registered PoWit, SPEC (leader WC and subordinates)",7 of 10 and 21 of 30,0.25,0.01,exponential (comparison),1.0,0.1,3.0,8640.0,2.4399265972826107,0.00750664821173318,,not reachable
"registered PoWit, SPEC (leader WC and subordinates)",7 of 10 and 21 of 30,0.25,0.01,exponential (comparison),1.0,0.1,7.0,20160.0,4.424843911799904,0.014040668251506587,,not reachable
"registered PoWit, SPEC (leader WC and subordinates)",7 of 10 and 21 of 30,0.25,0.01,exponential (comparison),1.0,0.1,30.0,86400.0,6.903653492868647,0.027133297240736015,,not reachable
"registered PoWit, SPEC (leader WC and subordinates)",7 of 10 and 21 of 30,0.25,0.01,exponential (comparison),1.0,0.1,90.0,259200.0,6.999981747941834,0.043835566432717354,,not reachable
"registered PoWit, SPEC (leader WC and subordinates)",7 of 10 and 21 of 30,0.25,0.01,exponential (comparison),1.0,0.1,365.0,1051200.0,7.0,0.11917808219178082,,not reachable
"registered PoWit, SPEC (leader WC and subordinates)",7 of 10 and 21 of 30,0.25,0.01,exponential (comparison),1.0,0.25,3.0,8640.0,2.4399265972826107,0.008739524924061947,,not reachable
"registered PoWit, SPEC (leader WC and subordinates)",7 of 10 and 21 of 30,0.25,0.01,exponential (comparison),1.0,0.25,7.0,20160.0,4.424843911799904,0.01691738058027371,,not reachable
"registered PoWit, SPEC (leader WC and subordinates)",7 of 10 and 21 of 30,0.25,0.01,exponential (comparison),1.0,0.25,30.0,86400.0,6.903653492868647,0.039462064364023684,,not reachable
"registered PoWit, SPEC (leader WC and subordinates)",7 of 10 and 21 of 30,0.25,0.01,exponential (comparison),1.0,0.25,90.0,259200.0,6.999981747941834,0.08082186780258037,,not reachable
"registered PoWit, SPEC (leader WC and subordinates)",7 of 10 and 21 of 30,0.25,0.01,exponential (comparison),1.0,0.25,365.0,1051200.0,7.0,0.2691780821917808,,not reachable
"registered PoWit, SPEC (leader WC and subordinates)",7 of 10 and 21 of 30,0.25,0.01,exponential (comparison),4.0,0.0,3.0,8640.0,2.4399265972826107,0.02673892161405601,,not reachable
"registered PoWit, SPEC (leader WC and subordinates)",7 of 10 and 21 of 30,0.25,0.01,exponential (comparison),4.0,0.0,7.0,20160.0,4.424843911799904,0.048491440129314015,,not reachable
"registered PoWit, SPEC (leader WC and subordinates)",7 of 10 and 21 of 30,0.25,0.01,exponential (comparison),4.0,0.0,30.0,86400.0,6.903653492868647,0.07565647663417695,,not reachable
"registered PoWit, SPEC (leader WC and subordinates)",7 of 10 and 21 of 30,0.25,0.01,exponential (comparison),4.0,0.0,90.0,259200.0,6.999981747941834,0.07671212874456804,,not reachable
"registered PoWit, SPEC (leader WC and subordinates)",7 of 10 and 21 of 30,0.25,0.01,exponential (comparison),4.0,0.0,365.0,1051200.0,7.0,0.07671232876712329,,not reachable
"registered PoWit, SPEC (leader WC and subordinates)",7 of 10 and 21 of 30,0.25,0.01,exponential (comparison),4.0,0.1,3.0,8640.0,2.4399265972826107,0.027560839422275187,,not reachable
"registered PoWit, SPEC (leader WC and subordinates)",7 of 10 and 21 of 30,0.25,0.01,exponential (comparison),4.0,0.1,7.0,20160.0,4.424843911799904,0.0504092483484921,,not reachable
"registered PoWit, SPEC (leader WC and subordinates)",7 of 10 and 21 of 30,0.25,0.01,exponential (comparison),4.0,0.1,30.0,86400.0,6.903653492868647,0.08387565471636874,,not reachable
"registered PoWit, SPEC (leader WC and subordinates)",7 of 10 and 21 of 30,0.25,0.01,exponential (comparison),4.0,0.1,90.0,259200.0,6.999981747941834,0.10136966299114339,,not reachable
"registered PoWit, SPEC (leader WC and subordinates)",7 of 10 and 21 of 30,0.25,0.01,exponential (comparison),4.0,0.1,365.0,1051200.0,7.0,0.17671232876712328,,not reachable
"registered PoWit, SPEC (leader WC and subordinates)",7 of 10 and 21 of 30,0.25,0.01,exponential (comparison),4.0,0.25,3.0,8640.0,2.4399265972826107,0.028793716134603953,,not reachable
"registered PoWit, SPEC (leader WC and subordinates)",7 of 10 and 21 of 30,0.25,0.01,exponential (comparison),4.0,0.25,7.0,20160.0,4.424843911799904,0.05328596067725922,,not reachable
"registered PoWit, SPEC (leader WC and subordinates)",7 of 10 and 21 of 30,0.25,0.01,exponential (comparison),4.0,0.25,30.0,86400.0,6.903653492868647,0.0962044218396564,,not reachable
"registered PoWit, SPEC (leader WC and subordinates)",7 of 10 and 21 of 30,0.25,0.01,exponential (comparison),4.0,0.25,90.0,259200.0,6.999981747941834,0.13835596436100642,,not reachable
"registered PoWit, SPEC (leader WC and subordinates)",7 of 10 and 21 of 30,0.25,0.01,exponential (comparison),4.0,0.25,365.0,1051200.0,7.0,0.3267123287671233,,not reachable
"registered PoWit, SPEC (leader WC and subordinates)",7 of 10 and 21 of 30,0.33,0.01,Lomax (primary),1.0,0.0,3.0,8640.0,1.4701778718652965,0.004027884580452867,,not reachable
"registered PoWit, SPEC (leader WC and subordinates)",7 of 10 and 21 of 30,0.33,0.01,Lomax (primary),1.0,0.0,7.0,20160.0,2.1143819168358733,0.005792827169413352,,not reachable
"registered PoWit, SPEC (leader WC and subordinates)",7 of 10 and 21 of 30,0.33,0.01,Lomax (primary),1.0,0.0,30.0,86400.0,3.0,0.00821917808219178,,not reachable
"registered PoWit, SPEC (leader WC and subordinates)",7 of 10 and 21 of 30,0.33,0.01,Lomax (primary),1.0,0.0,90.0,259200.0,3.4102321753804112,0.009343101850357291,,not reachable
"registered PoWit, SPEC (leader WC and subordinates)",7 of 10 and 21 of 30,0.33,0.01,Lomax (primary),1.0,0.0,365.0,1051200.0,3.7047146117897753,0.010149903045999385,,not reachable
"registered PoWit, SPEC (leader WC and subordinates)",7 of 10 and 21 of 30,0.33,0.01,Lomax (primary),1.0,0.1,3.0,8640.0,1.4701778718652965,0.004849802388672045,,not reachable
"registered PoWit, SPEC (leader WC and subordinates)",7 of 10 and 21 of 30,0.33,0.01,Lomax (primary),1.0,0.1,7.0,20160.0,2.1143819168358733,0.007710635388591434,,not reachable
"registered PoWit, SPEC (leader WC and subordinates)",7 of 10 and 21 of 30,0.33,0.01,Lomax (primary),1.0,0.1,30.0,86400.0,3.0,0.01643835616438356,,not reachable
"registered PoWit, SPEC (leader WC and subordinates)",7 of 10 and 21 of 30,0.33,0.01,Lomax (primary),1.0,0.1,90.0,259200.0,3.4102321753804112,0.034000636096932636,,not reachable
"registered PoWit, SPEC (leader WC and subordinates)",7 of 10 and 21 of 30,0.33,0.01,Lomax (primary),1.0,0.1,365.0,1051200.0,3.7047146117897753,0.11014990304599938,,not reachable
"registered PoWit, SPEC (leader WC and subordinates)",7 of 10 and 21 of 30,0.33,0.01,Lomax (primary),1.0,0.25,3.0,8640.0,1.4701778718652965,0.0060826791010008124,,not reachable
"registered PoWit, SPEC (leader WC and subordinates)",7 of 10 and 21 of 30,0.33,0.01,Lomax (primary),1.0,0.25,7.0,20160.0,2.1143819168358733,0.010587347717358557,,not reachable
"registered PoWit, SPEC (leader WC and subordinates)",7 of 10 and 21 of 30,0.33,0.01,Lomax (primary),1.0,0.25,30.0,86400.0,3.0,0.028767123287671233,,not reachable
"registered PoWit, SPEC (leader WC and subordinates)",7 of 10 and 21 of 30,0.33,0.01,Lomax (primary),1.0,0.25,90.0,259200.0,3.4102321753804112,0.07098693746679564,,not reachable
"registered PoWit, SPEC (leader WC and subordinates)",7 of 10 and 21 of 30,0.33,0.01,Lomax (primary),1.0,0.25,365.0,1051200.0,3.7047146117897753,0.2601499030459994,,not reachable
"registered PoWit, SPEC (leader WC and subordinates)",7 of 10 and 21 of 30,0.33,0.01,Lomax (primary),4.0,0.0,3.0,8640.0,1.4701778718652965,0.016111538321811468,,not reachable
"registered PoWit, SPEC (leader WC and subordinates)",7 of 10 and 21 of 30,0.33,0.01,Lomax (primary),4.0,0.0,7.0,20160.0,2.1143819168358733,0.023171308677653407,,not reachable
"registered PoWit, SPEC (leader WC and subordinates)",7 of 10 and 21 of 30,0.33,0.01,Lomax (primary),4.0,0.0,30.0,86400.0,3.0,0.03287671232876712,,not reachable
"registered PoWit, SPEC (leader WC and subordinates)",7 of 10 and 21 of 30,0.33,0.01,Lomax (primary),4.0,0.0,90.0,259200.0,3.4102321753804112,0.037372407401429164,,not reachable
"registered PoWit, SPEC (leader WC and subordinates)",7 of 10 and 21 of 30,0.33,0.01,Lomax (primary),4.0,0.0,365.0,1051200.0,3.7047146117897753,0.04059961218399754,,not reachable
"registered PoWit, SPEC (leader WC and subordinates)",7 of 10 and 21 of 30,0.33,0.01,Lomax (primary),4.0,0.1,3.0,8640.0,1.4701778718652965,0.016933456130030645,,not reachable
"registered PoWit, SPEC (leader WC and subordinates)",7 of 10 and 21 of 30,0.33,0.01,Lomax (primary),4.0,0.1,7.0,20160.0,2.1143819168358733,0.025089116896831486,,not reachable
"registered PoWit, SPEC (leader WC and subordinates)",7 of 10 and 21 of 30,0.33,0.01,Lomax (primary),4.0,0.1,30.0,86400.0,3.0,0.0410958904109589,,not reachable
"registered PoWit, SPEC (leader WC and subordinates)",7 of 10 and 21 of 30,0.33,0.01,Lomax (primary),4.0,0.1,90.0,259200.0,3.4102321753804112,0.06202994164800451,,not reachable
"registered PoWit, SPEC (leader WC and subordinates)",7 of 10 and 21 of 30,0.33,0.01,Lomax (primary),4.0,0.1,365.0,1051200.0,3.7047146117897753,0.14059961218399752,,not reachable
"registered PoWit, SPEC (leader WC and subordinates)",7 of 10 and 21 of 30,0.33,0.01,Lomax (primary),4.0,0.25,3.0,8640.0,1.4701778718652965,0.01816633284235941,,not reachable
"registered PoWit, SPEC (leader WC and subordinates)",7 of 10 and 21 of 30,0.33,0.01,Lomax (primary),4.0,0.25,7.0,20160.0,2.1143819168358733,0.02796582922559861,,not reachable
"registered PoWit, SPEC (leader WC and subordinates)",7 of 10 and 21 of 30,0.33,0.01,Lomax (primary),4.0,0.25,30.0,86400.0,3.0,0.05342465753424658,,not reachable
"registered PoWit, SPEC (leader WC and subordinates)",7 of 10 and 21 of 30,0.33,0.01,Lomax (primary),4.0,0.25,90.0,259200.0,3.4102321753804112,0.09901624301786752,,not reachable
"registered PoWit, SPEC (leader WC and subordinates)",7 of 10 and 21 of 30,0.33,0.01,Lomax (primary),4.0,0.25,365.0,1051200.0,3.7047146117897753,0.29059961218399755,,not reachable
"registered PoWit, SPEC (leader WC and subordinates)",7 of 10 and 21 of 30,0.33,0.01,exponential (comparison),1.0,0.0,3.0,8640.0,2.4399265972826107,0.006684730403514002,,not reachable
"registered PoWit, SPEC (leader WC and subordinates)",7 of 10 and 21 of 30,0.33,0.01,exponential (comparison),1.0,0.0,7.0,20160.0,4.424843911799904,0.012122860032328504,,not reachable
"registered PoWit, SPEC (leader WC and subordinates)",7 of 10 and 21 of 30,0.33,0.01,exponential (comparison),1.0,0.0,30.0,86400.0,6.903653492868647,0.018914119158544237,,not reachable
"registered PoWit, SPEC (leader WC and subordinates)",7 of 10 and 21 of 30,0.33,0.01,exponential (comparison),1.0,0.0,90.0,259200.0,6.999981747941834,0.01917803218614201,,not reachable
"registered PoWit, SPEC (leader WC and subordinates)",7 of 10 and 21 of 30,0.33,0.01,exponential (comparison),1.0,0.0,365.0,1051200.0,7.0,0.019178082191780823,,not reachable
"registered PoWit, SPEC (leader WC and subordinates)",7 of 10 and 21 of 30,0.33,0.01,exponential (comparison),1.0,0.1,3.0,8640.0,2.4399265972826107,0.00750664821173318,,not reachable
"registered PoWit, SPEC (leader WC and subordinates)",7 of 10 and 21 of 30,0.33,0.01,exponential (comparison),1.0,0.1,7.0,20160.0,4.424843911799904,0.014040668251506587,,not reachable
"registered PoWit, SPEC (leader WC and subordinates)",7 of 10 and 21 of 30,0.33,0.01,exponential (comparison),1.0,0.1,30.0,86400.0,6.903653492868647,0.027133297240736015,,not reachable
"registered PoWit, SPEC (leader WC and subordinates)",7 of 10 and 21 of 30,0.33,0.01,exponential (comparison),1.0,0.1,90.0,259200.0,6.999981747941834,0.043835566432717354,,not reachable
"registered PoWit, SPEC (leader WC and subordinates)",7 of 10 and 21 of 30,0.33,0.01,exponential (comparison),1.0,0.1,365.0,1051200.0,7.0,0.11917808219178082,,not reachable
"registered PoWit, SPEC (leader WC and subordinates)",7 of 10 and 21 of 30,0.33,0.01,exponential (comparison),1.0,0.25,3.0,8640.0,2.4399265972826107,0.008739524924061947,,not reachable
"registered PoWit, SPEC (leader WC and subordinates)",7 of 10 and 21 of 30,0.33,0.01,exponential (comparison),1.0,0.25,7.0,20160.0,4.424843911799904,0.01691738058027371,,not reachable
"registered PoWit, SPEC (leader WC and subordinates)",7 of 10 and 21 of 30,0.33,0.01,exponential (comparison),1.0,0.25,30.0,86400.0,6.903653492868647,0.039462064364023684,,not reachable
"registered PoWit, SPEC (leader WC and subordinates)",7 of 10 and 21 of 30,0.33,0.01,exponential (comparison),1.0,0.25,90.0,259200.0,6.999981747941834,0.08082186780258037,,not reachable
"registered PoWit, SPEC (leader WC and subordinates)",7 of 10 and 21 of 30,0.33,0.01,exponential (comparison),1.0,0.25,365.0,1051200.0,7.0,0.2691780821917808,,not reachable
"registered PoWit, SPEC (leader WC and subordinates)",7 of 10 and 21 of 30,0.33,0.01,exponential (comparison),4.0,0.0,3.0,8640.0,2.4399265972826107,0.02673892161405601,,not reachable
"registered PoWit, SPEC (leader WC and subordinates)",7 of 10 and 21 of 30,0.33,0.01,exponential (comparison),4.0,0.0,7.0,20160.0,4.424843911799904,0.048491440129314015,,not reachable
"registered PoWit, SPEC (leader WC and subordinates)",7 of 10 and 21 of 30,0.33,0.01,exponential (comparison),4.0,0.0,30.0,86400.0,6.903653492868647,0.07565647663417695,,not reachable
"registered PoWit, SPEC (leader WC and subordinates)",7 of 10 and 21 of 30,0.33,0.01,exponential (comparison),4.0,0.0,90.0,259200.0,6.999981747941834,0.07671212874456804,,not reachable
"registered PoWit, SPEC (leader WC and subordinates)",7 of 10 and 21 of 30,0.33,0.01,exponential (comparison),4.0,0.0,365.0,1051200.0,7.0,0.07671232876712329,,not reachable
"registered PoWit, SPEC (leader WC and subordinates)",7 of 10 and 21 of 30,0.33,0.01,exponential (comparison),4.0,0.1,3.0,8640.0,2.4399265972826107,0.027560839422275187,,not reachable
"registered PoWit, SPEC (leader WC and subordinates)",7 of 10 and 21 of 30,0.33,0.01,exponential (comparison),4.0,0.1,7.0,20160.0,4.424843911799904,0.0504092483484921,,not reachable
"registered PoWit, SPEC (leader WC and subordinates)",7 of 10 and 21 of 30,0.33,0.01,exponential (comparison),4.0,0.1,30.0,86400.0,6.903653492868647,0.08387565471636874,,not reachable
"registered PoWit, SPEC (leader WC and subordinates)",7 of 10 and 21 of 30,0.33,0.01,exponential (comparison),4.0,0.1,90.0,259200.0,6.999981747941834,0.10136966299114339,,not reachable
"registered PoWit, SPEC (leader WC and subordinates)",7 of 10 and 21 of 30,0.33,0.01,exponential (comparison),4.0,0.1,365.0,1051200.0,7.0,0.17671232876712328,,not reachable
"registered PoWit, SPEC (leader WC and subordinates)",7 of 10 and 21 of 30,0.33,0.01,exponential (comparison),4.0,0.25,3.0,8640.0,2.4399265972826107,0.028793716134603953,,not reachable
"registered PoWit, SPEC (leader WC and subordinates)",7 of 10 and 21 of 30,0.33,0.01,exponential (comparison),4.0,0.25,7.0,20160.0,4.424843911799904,0.05328596067725922,,not reachable
"registered PoWit, SPEC (leader WC and subordinates)",7 of 10 and 21 of 30,0.33,0.01,exponential (comparison),4.0,0.25,30.0,86400.0,6.903653492868647,0.0962044218396564,,not reachable
"registered PoWit, SPEC (leader WC and subordinates)",7 of 10 and 21 of 30,0.33,0.01,exponential (comparison),4.0,0.25,90.0,259200.0,6.999981747941834,0.13835596436100642,,not reachable
"registered PoWit, SPEC (leader WC and subordinates)",7 of 10 and 21 of 30,0.33,0.01,exponential (comparison),4.0,0.25,365.0,1051200.0,7.0,0.3267123287671233,,not reachable
"registered PoWit, SPEC (leader WC and subordinates)",7 of 10 and 21 of 30,0.0,0.001,Lomax (primary),1.0,0.0,3.0,8640.0,1.4701778718652965,0.004027884580452867,0.9542307690445285,reachable
"registered PoWit, SPEC (leader WC and subordinates)",7 of 10 and 21 of 30,0.0,0.001,Lomax (primary),1.0,0.0,7.0,20160.0,2.1143819168358733,0.005792827169413352,0.955924744475412,reachable
"registered PoWit, SPEC (leader WC and subordinates)",7 of 10 and 21 of 30,0.0,0.001,Lomax (primary),1.0,0.0,30.0,86400.0,3.0,0.00821917808219178,0.9582633749722392,reachable
"registered PoWit, SPEC (leader WC and subordinates)",7 of 10 and 21 of 30,0.0,0.001,Lomax (primary),1.0,0.0,90.0,259200.0,3.4102321753804112,0.009343101850357291,0.9593505475193699,reachable
"registered PoWit, SPEC (leader WC and subordinates)",7 of 10 and 21 of 30,0.0,0.001,Lomax (primary),1.0,0.0,365.0,1051200.0,3.7047146117897753,0.010149903045999385,0.960132489321629,reachable
"registered PoWit, SPEC (leader WC and subordinates)",7 of 10 and 21 of 30,0.0,0.001,Lomax (primary),1.0,0.1,3.0,8640.0,1.4701778718652965,0.004849802388672045,0.9550188905402694,reachable
"registered PoWit, SPEC (leader WC and subordinates)",7 of 10 and 21 of 30,0.0,0.001,Lomax (primary),1.0,0.1,7.0,20160.0,2.1143819168358733,0.007710635388591434,0.9577722704061052,reachable
"registered PoWit, SPEC (leader WC and subordinates)",7 of 10 and 21 of 30,0.0,0.001,Lomax (primary),1.0,0.1,30.0,86400.0,3.0,0.01643835616438356,0.9662711469079406,reachable
"registered PoWit, SPEC (leader WC and subordinates)",7 of 10 and 21 of 30,0.0,0.001,Lomax (primary),1.0,0.1,90.0,259200.0,3.4102321753804112,0.034000636096932636,0.9838383679712923,reachable
"registered PoWit, SPEC (leader WC and subordinates)",7 of 10 and 21 of 30,0.0,0.001,Lomax (primary),1.0,0.1,365.0,1051200.0,3.7047146117897753,0.11014990304599938,,not reachable
"registered PoWit, SPEC (leader WC and subordinates)",7 of 10 and 21 of 30,0.0,0.001,Lomax (primary),1.0,0.25,3.0,8640.0,1.4701778718652965,0.0060826791010008124,0.9562035167915921,reachable
"registered PoWit, SPEC (leader WC and subordinates)",7 of 10 and 21 of 30,0.0,0.001,Lomax (primary),1.0,0.25,7.0,20160.0,2.1143819168358733,0.010587347717358557,0.9605569884831099,reachable
"registered PoWit, SPEC (leader WC and subordinates)",7 of 10 and 21 of 30,0.0,0.001,Lomax (primary),1.0,0.25,30.0,86400.0,3.0,0.028767123287671233,0.9785369301550089,reachable
"registered PoWit, SPEC (leader WC and subordinates)",7 of 10 and 21 of 30,0.0,0.001,Lomax (primary),1.0,0.25,90.0,259200.0,3.4102321753804112,0.07098693746679564,,not reachable
"registered PoWit, SPEC (leader WC and subordinates)",7 of 10 and 21 of 30,0.0,0.001,Lomax (primary),1.0,0.25,365.0,1051200.0,3.7047146117897753,0.2601499030459994,,not reachable
"registered PoWit, SPEC (leader WC and subordinates)",7 of 10 and 21 of 30,0.0,0.001,Lomax (primary),4.0,0.0,3.0,8640.0,1.4701778718652965,0.016111538321811468,0.9659501810018728,reachable
"registered PoWit, SPEC (leader WC and subordinates)",7 of 10 and 21 of 30,0.0,0.001,Lomax (primary),4.0,0.0,7.0,20160.0,2.1143819168358733,0.023171308677653407,0.9729313298088613,reachable
"registered PoWit, SPEC (leader WC and subordinates)",7 of 10 and 21 of 30,0.0,0.001,Lomax (primary),4.0,0.0,30.0,86400.0,3.0,0.03287671232876712,0.9826950190933446,reachable
"registered PoWit, SPEC (leader WC and subordinates)",7 of 10 and 21 of 30,0.0,0.001,Lomax (primary),4.0,0.0,90.0,259200.0,3.4102321753804112,0.037372407401429164,0.9872844337218424,reachable
"registered PoWit, SPEC (leader WC and subordinates)",7 of 10 and 21 of 30,0.0,0.001,Lomax (primary),4.0,0.0,365.0,1051200.0,3.7047146117897753,0.04059961218399754,0.9906054340953313,reachable
"registered PoWit, SPEC (leader WC and subordinates)",7 of 10 and 21 of 30,0.0,0.001,Lomax (primary),4.0,0.1,3.0,8640.0,1.4701778718652965,0.016933456130030645,0.9667577882392145,reachable
"registered PoWit, SPEC (leader WC and subordinates)",7 of 10 and 21 of 30,0.0,0.001,Lomax (primary),4.0,0.1,7.0,20160.0,2.1143819168358733,0.025089116896831486,0.9748452439248512,reachable
"registered PoWit, SPEC (leader WC and subordinates)",7 of 10 and 21 of 30,0.0,0.001,Lomax (primary),4.0,0.1,30.0,86400.0,3.0,0.0410958904109589,0.9911181192570018,reachable
"registered PoWit, SPEC (leader WC and subordinates)",7 of 10 and 21 of 30,0.0,0.001,Lomax (primary),4.0,0.1,90.0,259200.0,3.4102321753804112,0.06202994164800451,,not reachable
"registered PoWit, SPEC (leader WC and subordinates)",7 of 10 and 21 of 30,0.0,0.001,Lomax (primary),4.0,0.1,365.0,1051200.0,3.7047146117897753,0.14059961218399752,,not reachable
"registered PoWit, SPEC (leader WC and subordinates)",7 of 10 and 21 of 30,0.0,0.001,Lomax (primary),4.0,0.25,3.0,8640.0,1.4701778718652965,0.01816633284235941,0.9679717343519334,reachable
"registered PoWit, SPEC (leader WC and subordinates)",7 of 10 and 21 of 30,0.0,0.001,Lomax (primary),4.0,0.25,7.0,20160.0,2.1143819168358733,0.02796582922559861,0.9777302755586716,reachable
"registered PoWit, SPEC (leader WC and subordinates)",7 of 10 and 21 of 30,0.0,0.001,Lomax (primary),4.0,0.25,30.0,86400.0,3.0,0.05342465753424658,,not reachable
"registered PoWit, SPEC (leader WC and subordinates)",7 of 10 and 21 of 30,0.0,0.001,Lomax (primary),4.0,0.25,90.0,259200.0,3.4102321753804112,0.09901624301786752,,not reachable
"registered PoWit, SPEC (leader WC and subordinates)",7 of 10 and 21 of 30,0.0,0.001,Lomax (primary),4.0,0.25,365.0,1051200.0,3.7047146117897753,0.29059961218399755,,not reachable
"registered PoWit, SPEC (leader WC and subordinates)",7 of 10 and 21 of 30,0.0,0.001,exponential (comparison),1.0,0.0,3.0,8640.0,2.4399265972826107,0.006684730403514002,0.956783074551724,reachable
"registered PoWit, SPEC (leader WC and subordinates)",7 of 10 and 21 of 30,0.0,0.001,exponential (comparison),1.0,0.0,7.0,20160.0,4.424843911799904,0.012122860032328504,0.962050035569,reachable
"registered PoWit, SPEC (leader WC and subordinates)",7 of 10 and 21 of 30,0.0,0.001,exponential (comparison),1.0,0.0,30.0,86400.0,6.903653492868647,0.018914119158544237,0.9687095250301372,reachable
"registered PoWit, SPEC (leader WC and subordinates)",7 of 10 and 21 of 30,0.0,0.001,exponential (comparison),1.0,0.0,90.0,259200.0,6.999981747941834,0.01917803218614201,0.9689701789224876,reachable
"registered PoWit, SPEC (leader WC and subordinates)",7 of 10 and 21 of 30,0.0,0.001,exponential (comparison),1.0,0.0,365.0,1051200.0,7.0,0.019178082191780823,0.9689702283238845,reachable
"registered PoWit, SPEC (leader WC and subordinates)",7 of 10 and 21 of 30,0.0,0.001,exponential (comparison),1.0,0.1,3.0,8640.0,2.4399265972826107,0.00750664821173318,0.9575754194537425,reachable
"registered PoWit, SPEC (leader WC and subordinates)",7 of 10 and 21 of 30,0.0,0.001,exponential (comparison),1.0,0.1,7.0,20160.0,4.424843911799904,0.014040668251506587,0.9639213373621509,reachable
"registered PoWit, SPEC (leader WC and subordinates)",7 of 10 and 21 of 30,0.0,0.001,exponential (comparison),1.0,0.1,30.0,86400.0,6.903653492868647,0.027133297240736015,0.976893581564867,reachable
"registered PoWit, SPEC (leader WC and subordinates)",7 of 10 and 21 of 30,0.0,0.001,exponential (comparison),1.0,0.1,90.0,259200.0,6.999981747941834,0.043835566432717354,0.9939579472727001,reachable
"registered PoWit, SPEC (leader WC and subordinates)",7 of 10 and 21 of 30,0.0,0.001,exponential (comparison),1.0,0.1,365.0,1051200.0,7.0,0.11917808219178082,,not reachable
"registered PoWit, SPEC (leader WC and subordinates)",7 of 10 and 21 of 30,0.0,0.001,exponential (comparison),1.0,0.25,3.0,8640.0,2.4399265972826107,0.008739524924061947,0.9587664004971987,reachable
"registered PoWit, SPEC (leader WC and subordinates)",7 of 10 and 21 of 30,0.0,0.001,exponential (comparison),1.0,0.25,7.0,20160.0,4.424843911799904,0.01691738058027371,0.9667419796361321,reachable
"registered PoWit, SPEC (leader WC and subordinates)",7 of 10 and 21 of 30,0.0,0.001,exponential (comparison),1.0,0.25,30.0,86400.0,6.903653492868647,0.039462064364023684,0.9894322778771302,reachable
"registered PoWit, SPEC (leader WC and subordinates)",7 of 10 and 21 of 30,0.0,0.001,exponential (comparison),1.0,0.25,90.0,259200.0,6.999981747941834,0.08082186780258037,,not reachable
"registered PoWit, SPEC (leader WC and subordinates)",7 of 10 and 21 of 30,0.0,0.001,exponential (comparison),1.0,0.25,365.0,1051200.0,7.0,0.2691780821917808,,not reachable
"registered PoWit, SPEC (leader WC and subordinates)",7 of 10 and 21 of 30,0.0,0.001,exponential (comparison),4.0,0.0,3.0,8640.0,2.4399265972826107,0.02673892161405601,0.9764977340096888,reachable
"registered PoWit, SPEC (leader WC and subordinates)",7 of 10 and 21 of 30,0.0,0.001,exponential (comparison),4.0,0.0,7.0,20160.0,4.424843911799904,0.048491440129314015,0.998821532170832,reachable
"registered PoWit, SPEC (leader WC and subordinates)",7 of 10 and 21 of 30,0.0,0.001,exponential (comparison),4.0,0.0,30.0,86400.0,6.903653492868647,0.07565647663417695,,not reachable
"registered PoWit, SPEC (leader WC and subordinates)",7 of 10 and 21 of 30,0.0,0.001,exponential (comparison),4.0,0.0,90.0,259200.0,6.999981747941834,0.07671212874456804,,not reachable
"registered PoWit, SPEC (leader WC and subordinates)",7 of 10 and 21 of 30,0.0,0.001,exponential (comparison),4.0,0.0,365.0,1051200.0,7.0,0.07671232876712329,,not reachable
"registered PoWit, SPEC (leader WC and subordinates)",7 of 10 and 21 of 30,0.0,0.001,exponential (comparison),4.0,0.1,3.0,8640.0,2.4399265972826107,0.027560839422275187,0.9773230821752145,reachable
"registered PoWit, SPEC (leader WC and subordinates)",7 of 10 and 21 of 30,0.0,0.001,exponential (comparison),4.0,0.1,7.0,20160.0,4.424843911799904,0.0504092483484921,,not reachable
"registered PoWit, SPEC (leader WC and subordinates)",7 of 10 and 21 of 30,0.0,0.001,exponential (comparison),4.0,0.1,30.0,86400.0,6.903653492868647,0.08387565471636874,,not reachable
"registered PoWit, SPEC (leader WC and subordinates)",7 of 10 and 21 of 30,0.0,0.001,exponential (comparison),4.0,0.1,90.0,259200.0,6.999981747941834,0.10136966299114339,,not reachable
"registered PoWit, SPEC (leader WC and subordinates)",7 of 10 and 21 of 30,0.0,0.001,exponential (comparison),4.0,0.1,365.0,1051200.0,7.0,0.17671232876712328,,not reachable
"registered PoWit, SPEC (leader WC and subordinates)",7 of 10 and 21 of 30,0.0,0.001,exponential (comparison),4.0,0.25,3.0,8640.0,2.4399265972826107,0.028793716134603953,0.9785637237242371,reachable
"registered PoWit, SPEC (leader WC and subordinates)",7 of 10 and 21 of 30,0.0,0.001,exponential (comparison),4.0,0.25,7.0,20160.0,4.424843911799904,0.05328596067725922,,not reachable
"registered PoWit, SPEC (leader WC and subordinates)",7 of 10 and 21 of 30,0.0,0.001,exponential (comparison),4.0,0.25,30.0,86400.0,6.903653492868647,0.0962044218396564,,not reachable
"registered PoWit, SPEC (leader WC and subordinates)",7 of 10 and 21 of 30,0.0,0.001,exponential (comparison),4.0,0.25,90.0,259200.0,6.999981747941834,0.13835596436100642,,not reachable
"registered PoWit, SPEC (leader WC and subordinates)",7 of 10 and 21 of 30,0.0,0.001,exponential (comparison),4.0,0.25,365.0,1051200.0,7.0,0.3267123287671233,,not reachable
"registered PoWit, SPEC (leader WC and subordinates)",7 of 10 and 21 of 30,0.1,0.001,Lomax (primary),1.0,0.0,3.0,8640.0,1.4701778718652965,0.004027884580452867,,not reachable
"registered PoWit, SPEC (leader WC and subordinates)",7 of 10 and 21 of 30,0.1,0.001,Lomax (primary),1.0,0.0,7.0,20160.0,2.1143819168358733,0.005792827169413352,,not reachable
"registered PoWit, SPEC (leader WC and subordinates)",7 of 10 and 21 of 30,0.1,0.001,Lomax (primary),1.0,0.0,30.0,86400.0,3.0,0.00821917808219178,,not reachable
"registered PoWit, SPEC (leader WC and subordinates)",7 of 10 and 21 of 30,0.1,0.001,Lomax (primary),1.0,0.0,90.0,259200.0,3.4102321753804112,0.009343101850357291,,not reachable
"registered PoWit, SPEC (leader WC and subordinates)",7 of 10 and 21 of 30,0.1,0.001,Lomax (primary),1.0,0.0,365.0,1051200.0,3.7047146117897753,0.010149903045999385,,not reachable
"registered PoWit, SPEC (leader WC and subordinates)",7 of 10 and 21 of 30,0.1,0.001,Lomax (primary),1.0,0.1,3.0,8640.0,1.4701778718652965,0.004849802388672045,,not reachable
"registered PoWit, SPEC (leader WC and subordinates)",7 of 10 and 21 of 30,0.1,0.001,Lomax (primary),1.0,0.1,7.0,20160.0,2.1143819168358733,0.007710635388591434,,not reachable
"registered PoWit, SPEC (leader WC and subordinates)",7 of 10 and 21 of 30,0.1,0.001,Lomax (primary),1.0,0.1,30.0,86400.0,3.0,0.01643835616438356,,not reachable
"registered PoWit, SPEC (leader WC and subordinates)",7 of 10 and 21 of 30,0.1,0.001,Lomax (primary),1.0,0.1,90.0,259200.0,3.4102321753804112,0.034000636096932636,,not reachable
"registered PoWit, SPEC (leader WC and subordinates)",7 of 10 and 21 of 30,0.1,0.001,Lomax (primary),1.0,0.1,365.0,1051200.0,3.7047146117897753,0.11014990304599938,,not reachable
"registered PoWit, SPEC (leader WC and subordinates)",7 of 10 and 21 of 30,0.1,0.001,Lomax (primary),1.0,0.25,3.0,8640.0,1.4701778718652965,0.0060826791010008124,,not reachable
"registered PoWit, SPEC (leader WC and subordinates)",7 of 10 and 21 of 30,0.1,0.001,Lomax (primary),1.0,0.25,7.0,20160.0,2.1143819168358733,0.010587347717358557,,not reachable
"registered PoWit, SPEC (leader WC and subordinates)",7 of 10 and 21 of 30,0.1,0.001,Lomax (primary),1.0,0.25,30.0,86400.0,3.0,0.028767123287671233,,not reachable
"registered PoWit, SPEC (leader WC and subordinates)",7 of 10 and 21 of 30,0.1,0.001,Lomax (primary),1.0,0.25,90.0,259200.0,3.4102321753804112,0.07098693746679564,,not reachable
"registered PoWit, SPEC (leader WC and subordinates)",7 of 10 and 21 of 30,0.1,0.001,Lomax (primary),1.0,0.25,365.0,1051200.0,3.7047146117897753,0.2601499030459994,,not reachable
"registered PoWit, SPEC (leader WC and subordinates)",7 of 10 and 21 of 30,0.1,0.001,Lomax (primary),4.0,0.0,3.0,8640.0,1.4701778718652965,0.016111538321811468,,not reachable
"registered PoWit, SPEC (leader WC and subordinates)",7 of 10 and 21 of 30,0.1,0.001,Lomax (primary),4.0,0.0,7.0,20160.0,2.1143819168358733,0.023171308677653407,,not reachable
"registered PoWit, SPEC (leader WC and subordinates)",7 of 10 and 21 of 30,0.1,0.001,Lomax (primary),4.0,0.0,30.0,86400.0,3.0,0.03287671232876712,,not reachable
"registered PoWit, SPEC (leader WC and subordinates)",7 of 10 and 21 of 30,0.1,0.001,Lomax (primary),4.0,0.0,90.0,259200.0,3.4102321753804112,0.037372407401429164,,not reachable
"registered PoWit, SPEC (leader WC and subordinates)",7 of 10 and 21 of 30,0.1,0.001,Lomax (primary),4.0,0.0,365.0,1051200.0,3.7047146117897753,0.04059961218399754,,not reachable
"registered PoWit, SPEC (leader WC and subordinates)",7 of 10 and 21 of 30,0.1,0.001,Lomax (primary),4.0,0.1,3.0,8640.0,1.4701778718652965,0.016933456130030645,,not reachable
"registered PoWit, SPEC (leader WC and subordinates)",7 of 10 and 21 of 30,0.1,0.001,Lomax (primary),4.0,0.1,7.0,20160.0,2.1143819168358733,0.025089116896831486,,not reachable
"registered PoWit, SPEC (leader WC and subordinates)",7 of 10 and 21 of 30,0.1,0.001,Lomax (primary),4.0,0.1,30.0,86400.0,3.0,0.0410958904109589,,not reachable
"registered PoWit, SPEC (leader WC and subordinates)",7 of 10 and 21 of 30,0.1,0.001,Lomax (primary),4.0,0.1,90.0,259200.0,3.4102321753804112,0.06202994164800451,,not reachable
"registered PoWit, SPEC (leader WC and subordinates)",7 of 10 and 21 of 30,0.1,0.001,Lomax (primary),4.0,0.1,365.0,1051200.0,3.7047146117897753,0.14059961218399752,,not reachable
"registered PoWit, SPEC (leader WC and subordinates)",7 of 10 and 21 of 30,0.1,0.001,Lomax (primary),4.0,0.25,3.0,8640.0,1.4701778718652965,0.01816633284235941,,not reachable
"registered PoWit, SPEC (leader WC and subordinates)",7 of 10 and 21 of 30,0.1,0.001,Lomax (primary),4.0,0.25,7.0,20160.0,2.1143819168358733,0.02796582922559861,,not reachable
"registered PoWit, SPEC (leader WC and subordinates)",7 of 10 and 21 of 30,0.1,0.001,Lomax (primary),4.0,0.25,30.0,86400.0,3.0,0.05342465753424658,,not reachable
"registered PoWit, SPEC (leader WC and subordinates)",7 of 10 and 21 of 30,0.1,0.001,Lomax (primary),4.0,0.25,90.0,259200.0,3.4102321753804112,0.09901624301786752,,not reachable
"registered PoWit, SPEC (leader WC and subordinates)",7 of 10 and 21 of 30,0.1,0.001,Lomax (primary),4.0,0.25,365.0,1051200.0,3.7047146117897753,0.29059961218399755,,not reachable
"registered PoWit, SPEC (leader WC and subordinates)",7 of 10 and 21 of 30,0.1,0.001,exponential (comparison),1.0,0.0,3.0,8640.0,2.4399265972826107,0.006684730403514002,,not reachable
"registered PoWit, SPEC (leader WC and subordinates)",7 of 10 and 21 of 30,0.1,0.001,exponential (comparison),1.0,0.0,7.0,20160.0,4.424843911799904,0.012122860032328504,,not reachable
"registered PoWit, SPEC (leader WC and subordinates)",7 of 10 and 21 of 30,0.1,0.001,exponential (comparison),1.0,0.0,30.0,86400.0,6.903653492868647,0.018914119158544237,,not reachable
"registered PoWit, SPEC (leader WC and subordinates)",7 of 10 and 21 of 30,0.1,0.001,exponential (comparison),1.0,0.0,90.0,259200.0,6.999981747941834,0.01917803218614201,,not reachable
"registered PoWit, SPEC (leader WC and subordinates)",7 of 10 and 21 of 30,0.1,0.001,exponential (comparison),1.0,0.0,365.0,1051200.0,7.0,0.019178082191780823,,not reachable
"registered PoWit, SPEC (leader WC and subordinates)",7 of 10 and 21 of 30,0.1,0.001,exponential (comparison),1.0,0.1,3.0,8640.0,2.4399265972826107,0.00750664821173318,,not reachable
"registered PoWit, SPEC (leader WC and subordinates)",7 of 10 and 21 of 30,0.1,0.001,exponential (comparison),1.0,0.1,7.0,20160.0,4.424843911799904,0.014040668251506587,,not reachable
"registered PoWit, SPEC (leader WC and subordinates)",7 of 10 and 21 of 30,0.1,0.001,exponential (comparison),1.0,0.1,30.0,86400.0,6.903653492868647,0.027133297240736015,,not reachable
"registered PoWit, SPEC (leader WC and subordinates)",7 of 10 and 21 of 30,0.1,0.001,exponential (comparison),1.0,0.1,90.0,259200.0,6.999981747941834,0.043835566432717354,,not reachable
"registered PoWit, SPEC (leader WC and subordinates)",7 of 10 and 21 of 30,0.1,0.001,exponential (comparison),1.0,0.1,365.0,1051200.0,7.0,0.11917808219178082,,not reachable
"registered PoWit, SPEC (leader WC and subordinates)",7 of 10 and 21 of 30,0.1,0.001,exponential (comparison),1.0,0.25,3.0,8640.0,2.4399265972826107,0.008739524924061947,,not reachable
"registered PoWit, SPEC (leader WC and subordinates)",7 of 10 and 21 of 30,0.1,0.001,exponential (comparison),1.0,0.25,7.0,20160.0,4.424843911799904,0.01691738058027371,,not reachable
"registered PoWit, SPEC (leader WC and subordinates)",7 of 10 and 21 of 30,0.1,0.001,exponential (comparison),1.0,0.25,30.0,86400.0,6.903653492868647,0.039462064364023684,,not reachable
"registered PoWit, SPEC (leader WC and subordinates)",7 of 10 and 21 of 30,0.1,0.001,exponential (comparison),1.0,0.25,90.0,259200.0,6.999981747941834,0.08082186780258037,,not reachable
"registered PoWit, SPEC (leader WC and subordinates)",7 of 10 and 21 of 30,0.1,0.001,exponential (comparison),1.0,0.25,365.0,1051200.0,7.0,0.2691780821917808,,not reachable
"registered PoWit, SPEC (leader WC and subordinates)",7 of 10 and 21 of 30,0.1,0.001,exponential (comparison),4.0,0.0,3.0,8640.0,2.4399265972826107,0.02673892161405601,,not reachable
"registered PoWit, SPEC (leader WC and subordinates)",7 of 10 and 21 of 30,0.1,0.001,exponential (comparison),4.0,0.0,7.0,20160.0,4.424843911799904,0.048491440129314015,,not reachable
"registered PoWit, SPEC (leader WC and subordinates)",7 of 10 and 21 of 30,0.1,0.001,exponential (comparison),4.0,0.0,30.0,86400.0,6.903653492868647,0.07565647663417695,,not reachable
"registered PoWit, SPEC (leader WC and subordinates)",7 of 10 and 21 of 30,0.1,0.001,exponential (comparison),4.0,0.0,90.0,259200.0,6.999981747941834,0.07671212874456804,,not reachable
"registered PoWit, SPEC (leader WC and subordinates)",7 of 10 and 21 of 30,0.1,0.001,exponential (comparison),4.0,0.0,365.0,1051200.0,7.0,0.07671232876712329,,not reachable
"registered PoWit, SPEC (leader WC and subordinates)",7 of 10 and 21 of 30,0.1,0.001,exponential (comparison),4.0,0.1,3.0,8640.0,2.4399265972826107,0.027560839422275187,,not reachable
"registered PoWit, SPEC (leader WC and subordinates)",7 of 10 and 21 of 30,0.1,0.001,exponential (comparison),4.0,0.1,7.0,20160.0,4.424843911799904,0.0504092483484921,,not reachable
"registered PoWit, SPEC (leader WC and subordinates)",7 of 10 and 21 of 30,0.1,0.001,exponential (comparison),4.0,0.1,30.0,86400.0,6.903653492868647,0.08387565471636874,,not reachable
"registered PoWit, SPEC (leader WC and subordinates)",7 of 10 and 21 of 30,0.1,0.001,exponential (comparison),4.0,0.1,90.0,259200.0,6.999981747941834,0.10136966299114339,,not reachable
"registered PoWit, SPEC (leader WC and subordinates)",7 of 10 and 21 of 30,0.1,0.001,exponential (comparison),4.0,0.1,365.0,1051200.0,7.0,0.17671232876712328,,not reachable
"registered PoWit, SPEC (leader WC and subordinates)",7 of 10 and 21 of 30,0.1,0.001,exponential (comparison),4.0,0.25,3.0,8640.0,2.4399265972826107,0.028793716134603953,,not reachable
"registered PoWit, SPEC (leader WC and subordinates)",7 of 10 and 21 of 30,0.1,0.001,exponential (comparison),4.0,0.25,7.0,20160.0,4.424843911799904,0.05328596067725922,,not reachable
"registered PoWit, SPEC (leader WC and subordinates)",7 of 10 and 21 of 30,0.1,0.001,exponential (comparison),4.0,0.25,30.0,86400.0,6.903653492868647,0.0962044218396564,,not reachable
"registered PoWit, SPEC (leader WC and subordinates)",7 of 10 and 21 of 30,0.1,0.001,exponential (comparison),4.0,0.25,90.0,259200.0,6.999981747941834,0.13835596436100642,,not reachable
"registered PoWit, SPEC (leader WC and subordinates)",7 of 10 and 21 of 30,0.1,0.001,exponential (comparison),4.0,0.25,365.0,1051200.0,7.0,0.3267123287671233,,not reachable
"registered PoWit, SPEC (leader WC and subordinates)",7 of 10 and 21 of 30,0.2,0.001,Lomax (primary),1.0,0.0,3.0,8640.0,1.4701778718652965,0.004027884580452867,,not reachable
"registered PoWit, SPEC (leader WC and subordinates)",7 of 10 and 21 of 30,0.2,0.001,Lomax (primary),1.0,0.0,7.0,20160.0,2.1143819168358733,0.005792827169413352,,not reachable
"registered PoWit, SPEC (leader WC and subordinates)",7 of 10 and 21 of 30,0.2,0.001,Lomax (primary),1.0,0.0,30.0,86400.0,3.0,0.00821917808219178,,not reachable
"registered PoWit, SPEC (leader WC and subordinates)",7 of 10 and 21 of 30,0.2,0.001,Lomax (primary),1.0,0.0,90.0,259200.0,3.4102321753804112,0.009343101850357291,,not reachable
"registered PoWit, SPEC (leader WC and subordinates)",7 of 10 and 21 of 30,0.2,0.001,Lomax (primary),1.0,0.0,365.0,1051200.0,3.7047146117897753,0.010149903045999385,,not reachable
"registered PoWit, SPEC (leader WC and subordinates)",7 of 10 and 21 of 30,0.2,0.001,Lomax (primary),1.0,0.1,3.0,8640.0,1.4701778718652965,0.004849802388672045,,not reachable
"registered PoWit, SPEC (leader WC and subordinates)",7 of 10 and 21 of 30,0.2,0.001,Lomax (primary),1.0,0.1,7.0,20160.0,2.1143819168358733,0.007710635388591434,,not reachable
"registered PoWit, SPEC (leader WC and subordinates)",7 of 10 and 21 of 30,0.2,0.001,Lomax (primary),1.0,0.1,30.0,86400.0,3.0,0.01643835616438356,,not reachable
"registered PoWit, SPEC (leader WC and subordinates)",7 of 10 and 21 of 30,0.2,0.001,Lomax (primary),1.0,0.1,90.0,259200.0,3.4102321753804112,0.034000636096932636,,not reachable
"registered PoWit, SPEC (leader WC and subordinates)",7 of 10 and 21 of 30,0.2,0.001,Lomax (primary),1.0,0.1,365.0,1051200.0,3.7047146117897753,0.11014990304599938,,not reachable
"registered PoWit, SPEC (leader WC and subordinates)",7 of 10 and 21 of 30,0.2,0.001,Lomax (primary),1.0,0.25,3.0,8640.0,1.4701778718652965,0.0060826791010008124,,not reachable
"registered PoWit, SPEC (leader WC and subordinates)",7 of 10 and 21 of 30,0.2,0.001,Lomax (primary),1.0,0.25,7.0,20160.0,2.1143819168358733,0.010587347717358557,,not reachable
"registered PoWit, SPEC (leader WC and subordinates)",7 of 10 and 21 of 30,0.2,0.001,Lomax (primary),1.0,0.25,30.0,86400.0,3.0,0.028767123287671233,,not reachable
"registered PoWit, SPEC (leader WC and subordinates)",7 of 10 and 21 of 30,0.2,0.001,Lomax (primary),1.0,0.25,90.0,259200.0,3.4102321753804112,0.07098693746679564,,not reachable
"registered PoWit, SPEC (leader WC and subordinates)",7 of 10 and 21 of 30,0.2,0.001,Lomax (primary),1.0,0.25,365.0,1051200.0,3.7047146117897753,0.2601499030459994,,not reachable
"registered PoWit, SPEC (leader WC and subordinates)",7 of 10 and 21 of 30,0.2,0.001,Lomax (primary),4.0,0.0,3.0,8640.0,1.4701778718652965,0.016111538321811468,,not reachable
"registered PoWit, SPEC (leader WC and subordinates)",7 of 10 and 21 of 30,0.2,0.001,Lomax (primary),4.0,0.0,7.0,20160.0,2.1143819168358733,0.023171308677653407,,not reachable
"registered PoWit, SPEC (leader WC and subordinates)",7 of 10 and 21 of 30,0.2,0.001,Lomax (primary),4.0,0.0,30.0,86400.0,3.0,0.03287671232876712,,not reachable
"registered PoWit, SPEC (leader WC and subordinates)",7 of 10 and 21 of 30,0.2,0.001,Lomax (primary),4.0,0.0,90.0,259200.0,3.4102321753804112,0.037372407401429164,,not reachable
"registered PoWit, SPEC (leader WC and subordinates)",7 of 10 and 21 of 30,0.2,0.001,Lomax (primary),4.0,0.0,365.0,1051200.0,3.7047146117897753,0.04059961218399754,,not reachable
"registered PoWit, SPEC (leader WC and subordinates)",7 of 10 and 21 of 30,0.2,0.001,Lomax (primary),4.0,0.1,3.0,8640.0,1.4701778718652965,0.016933456130030645,,not reachable
"registered PoWit, SPEC (leader WC and subordinates)",7 of 10 and 21 of 30,0.2,0.001,Lomax (primary),4.0,0.1,7.0,20160.0,2.1143819168358733,0.025089116896831486,,not reachable
"registered PoWit, SPEC (leader WC and subordinates)",7 of 10 and 21 of 30,0.2,0.001,Lomax (primary),4.0,0.1,30.0,86400.0,3.0,0.0410958904109589,,not reachable
"registered PoWit, SPEC (leader WC and subordinates)",7 of 10 and 21 of 30,0.2,0.001,Lomax (primary),4.0,0.1,90.0,259200.0,3.4102321753804112,0.06202994164800451,,not reachable
"registered PoWit, SPEC (leader WC and subordinates)",7 of 10 and 21 of 30,0.2,0.001,Lomax (primary),4.0,0.1,365.0,1051200.0,3.7047146117897753,0.14059961218399752,,not reachable
"registered PoWit, SPEC (leader WC and subordinates)",7 of 10 and 21 of 30,0.2,0.001,Lomax (primary),4.0,0.25,3.0,8640.0,1.4701778718652965,0.01816633284235941,,not reachable
"registered PoWit, SPEC (leader WC and subordinates)",7 of 10 and 21 of 30,0.2,0.001,Lomax (primary),4.0,0.25,7.0,20160.0,2.1143819168358733,0.02796582922559861,,not reachable
"registered PoWit, SPEC (leader WC and subordinates)",7 of 10 and 21 of 30,0.2,0.001,Lomax (primary),4.0,0.25,30.0,86400.0,3.0,0.05342465753424658,,not reachable
"registered PoWit, SPEC (leader WC and subordinates)",7 of 10 and 21 of 30,0.2,0.001,Lomax (primary),4.0,0.25,90.0,259200.0,3.4102321753804112,0.09901624301786752,,not reachable
"registered PoWit, SPEC (leader WC and subordinates)",7 of 10 and 21 of 30,0.2,0.001,Lomax (primary),4.0,0.25,365.0,1051200.0,3.7047146117897753,0.29059961218399755,,not reachable
"registered PoWit, SPEC (leader WC and subordinates)",7 of 10 and 21 of 30,0.2,0.001,exponential (comparison),1.0,0.0,3.0,8640.0,2.4399265972826107,0.006684730403514002,,not reachable
"registered PoWit, SPEC (leader WC and subordinates)",7 of 10 and 21 of 30,0.2,0.001,exponential (comparison),1.0,0.0,7.0,20160.0,4.424843911799904,0.012122860032328504,,not reachable
"registered PoWit, SPEC (leader WC and subordinates)",7 of 10 and 21 of 30,0.2,0.001,exponential (comparison),1.0,0.0,30.0,86400.0,6.903653492868647,0.018914119158544237,,not reachable
"registered PoWit, SPEC (leader WC and subordinates)",7 of 10 and 21 of 30,0.2,0.001,exponential (comparison),1.0,0.0,90.0,259200.0,6.999981747941834,0.01917803218614201,,not reachable
"registered PoWit, SPEC (leader WC and subordinates)",7 of 10 and 21 of 30,0.2,0.001,exponential (comparison),1.0,0.0,365.0,1051200.0,7.0,0.019178082191780823,,not reachable
"registered PoWit, SPEC (leader WC and subordinates)",7 of 10 and 21 of 30,0.2,0.001,exponential (comparison),1.0,0.1,3.0,8640.0,2.4399265972826107,0.00750664821173318,,not reachable
"registered PoWit, SPEC (leader WC and subordinates)",7 of 10 and 21 of 30,0.2,0.001,exponential (comparison),1.0,0.1,7.0,20160.0,4.424843911799904,0.014040668251506587,,not reachable
"registered PoWit, SPEC (leader WC and subordinates)",7 of 10 and 21 of 30,0.2,0.001,exponential (comparison),1.0,0.1,30.0,86400.0,6.903653492868647,0.027133297240736015,,not reachable
"registered PoWit, SPEC (leader WC and subordinates)",7 of 10 and 21 of 30,0.2,0.001,exponential (comparison),1.0,0.1,90.0,259200.0,6.999981747941834,0.043835566432717354,,not reachable
"registered PoWit, SPEC (leader WC and subordinates)",7 of 10 and 21 of 30,0.2,0.001,exponential (comparison),1.0,0.1,365.0,1051200.0,7.0,0.11917808219178082,,not reachable
"registered PoWit, SPEC (leader WC and subordinates)",7 of 10 and 21 of 30,0.2,0.001,exponential (comparison),1.0,0.25,3.0,8640.0,2.4399265972826107,0.008739524924061947,,not reachable
"registered PoWit, SPEC (leader WC and subordinates)",7 of 10 and 21 of 30,0.2,0.001,exponential (comparison),1.0,0.25,7.0,20160.0,4.424843911799904,0.01691738058027371,,not reachable
"registered PoWit, SPEC (leader WC and subordinates)",7 of 10 and 21 of 30,0.2,0.001,exponential (comparison),1.0,0.25,30.0,86400.0,6.903653492868647,0.039462064364023684,,not reachable
"registered PoWit, SPEC (leader WC and subordinates)",7 of 10 and 21 of 30,0.2,0.001,exponential (comparison),1.0,0.25,90.0,259200.0,6.999981747941834,0.08082186780258037,,not reachable
"registered PoWit, SPEC (leader WC and subordinates)",7 of 10 and 21 of 30,0.2,0.001,exponential (comparison),1.0,0.25,365.0,1051200.0,7.0,0.2691780821917808,,not reachable
"registered PoWit, SPEC (leader WC and subordinates)",7 of 10 and 21 of 30,0.2,0.001,exponential (comparison),4.0,0.0,3.0,8640.0,2.4399265972826107,0.02673892161405601,,not reachable
"registered PoWit, SPEC (leader WC and subordinates)",7 of 10 and 21 of 30,0.2,0.001,exponential (comparison),4.0,0.0,7.0,20160.0,4.424843911799904,0.048491440129314015,,not reachable
"registered PoWit, SPEC (leader WC and subordinates)",7 of 10 and 21 of 30,0.2,0.001,exponential (comparison),4.0,0.0,30.0,86400.0,6.903653492868647,0.07565647663417695,,not reachable
"registered PoWit, SPEC (leader WC and subordinates)",7 of 10 and 21 of 30,0.2,0.001,exponential (comparison),4.0,0.0,90.0,259200.0,6.999981747941834,0.07671212874456804,,not reachable
"registered PoWit, SPEC (leader WC and subordinates)",7 of 10 and 21 of 30,0.2,0.001,exponential (comparison),4.0,0.0,365.0,1051200.0,7.0,0.07671232876712329,,not reachable
"registered PoWit, SPEC (leader WC and subordinates)",7 of 10 and 21 of 30,0.2,0.001,exponential (comparison),4.0,0.1,3.0,8640.0,2.4399265972826107,0.027560839422275187,,not reachable
"registered PoWit, SPEC (leader WC and subordinates)",7 of 10 and 21 of 30,0.2,0.001,exponential (comparison),4.0,0.1,7.0,20160.0,4.424843911799904,0.0504092483484921,,not reachable
"registered PoWit, SPEC (leader WC and subordinates)",7 of 10 and 21 of 30,0.2,0.001,exponential (comparison),4.0,0.1,30.0,86400.0,6.903653492868647,0.08387565471636874,,not reachable
"registered PoWit, SPEC (leader WC and subordinates)",7 of 10 and 21 of 30,0.2,0.001,exponential (comparison),4.0,0.1,90.0,259200.0,6.999981747941834,0.10136966299114339,,not reachable
"registered PoWit, SPEC (leader WC and subordinates)",7 of 10 and 21 of 30,0.2,0.001,exponential (comparison),4.0,0.1,365.0,1051200.0,7.0,0.17671232876712328,,not reachable
"registered PoWit, SPEC (leader WC and subordinates)",7 of 10 and 21 of 30,0.2,0.001,exponential (comparison),4.0,0.25,3.0,8640.0,2.4399265972826107,0.028793716134603953,,not reachable
"registered PoWit, SPEC (leader WC and subordinates)",7 of 10 and 21 of 30,0.2,0.001,exponential (comparison),4.0,0.25,7.0,20160.0,4.424843911799904,0.05328596067725922,,not reachable
"registered PoWit, SPEC (leader WC and subordinates)",7 of 10 and 21 of 30,0.2,0.001,exponential (comparison),4.0,0.25,30.0,86400.0,6.903653492868647,0.0962044218396564,,not reachable
"registered PoWit, SPEC (leader WC and subordinates)",7 of 10 and 21 of 30,0.2,0.001,exponential (comparison),4.0,0.25,90.0,259200.0,6.999981747941834,0.13835596436100642,,not reachable
"registered PoWit, SPEC (leader WC and subordinates)",7 of 10 and 21 of 30,0.2,0.001,exponential (comparison),4.0,0.25,365.0,1051200.0,7.0,0.3267123287671233,,not reachable
"registered PoWit, SPEC (leader WC and subordinates)",7 of 10 and 21 of 30,0.25,0.001,Lomax (primary),1.0,0.0,3.0,8640.0,1.4701778718652965,0.004027884580452867,,not reachable
"registered PoWit, SPEC (leader WC and subordinates)",7 of 10 and 21 of 30,0.25,0.001,Lomax (primary),1.0,0.0,7.0,20160.0,2.1143819168358733,0.005792827169413352,,not reachable
"registered PoWit, SPEC (leader WC and subordinates)",7 of 10 and 21 of 30,0.25,0.001,Lomax (primary),1.0,0.0,30.0,86400.0,3.0,0.00821917808219178,,not reachable
"registered PoWit, SPEC (leader WC and subordinates)",7 of 10 and 21 of 30,0.25,0.001,Lomax (primary),1.0,0.0,90.0,259200.0,3.4102321753804112,0.009343101850357291,,not reachable
"registered PoWit, SPEC (leader WC and subordinates)",7 of 10 and 21 of 30,0.25,0.001,Lomax (primary),1.0,0.0,365.0,1051200.0,3.7047146117897753,0.010149903045999385,,not reachable
"registered PoWit, SPEC (leader WC and subordinates)",7 of 10 and 21 of 30,0.25,0.001,Lomax (primary),1.0,0.1,3.0,8640.0,1.4701778718652965,0.004849802388672045,,not reachable
"registered PoWit, SPEC (leader WC and subordinates)",7 of 10 and 21 of 30,0.25,0.001,Lomax (primary),1.0,0.1,7.0,20160.0,2.1143819168358733,0.007710635388591434,,not reachable
"registered PoWit, SPEC (leader WC and subordinates)",7 of 10 and 21 of 30,0.25,0.001,Lomax (primary),1.0,0.1,30.0,86400.0,3.0,0.01643835616438356,,not reachable
"registered PoWit, SPEC (leader WC and subordinates)",7 of 10 and 21 of 30,0.25,0.001,Lomax (primary),1.0,0.1,90.0,259200.0,3.4102321753804112,0.034000636096932636,,not reachable
"registered PoWit, SPEC (leader WC and subordinates)",7 of 10 and 21 of 30,0.25,0.001,Lomax (primary),1.0,0.1,365.0,1051200.0,3.7047146117897753,0.11014990304599938,,not reachable
"registered PoWit, SPEC (leader WC and subordinates)",7 of 10 and 21 of 30,0.25,0.001,Lomax (primary),1.0,0.25,3.0,8640.0,1.4701778718652965,0.0060826791010008124,,not reachable
"registered PoWit, SPEC (leader WC and subordinates)",7 of 10 and 21 of 30,0.25,0.001,Lomax (primary),1.0,0.25,7.0,20160.0,2.1143819168358733,0.010587347717358557,,not reachable
"registered PoWit, SPEC (leader WC and subordinates)",7 of 10 and 21 of 30,0.25,0.001,Lomax (primary),1.0,0.25,30.0,86400.0,3.0,0.028767123287671233,,not reachable
"registered PoWit, SPEC (leader WC and subordinates)",7 of 10 and 21 of 30,0.25,0.001,Lomax (primary),1.0,0.25,90.0,259200.0,3.4102321753804112,0.07098693746679564,,not reachable
"registered PoWit, SPEC (leader WC and subordinates)",7 of 10 and 21 of 30,0.25,0.001,Lomax (primary),1.0,0.25,365.0,1051200.0,3.7047146117897753,0.2601499030459994,,not reachable
"registered PoWit, SPEC (leader WC and subordinates)",7 of 10 and 21 of 30,0.25,0.001,Lomax (primary),4.0,0.0,3.0,8640.0,1.4701778718652965,0.016111538321811468,,not reachable
"registered PoWit, SPEC (leader WC and subordinates)",7 of 10 and 21 of 30,0.25,0.001,Lomax (primary),4.0,0.0,7.0,20160.0,2.1143819168358733,0.023171308677653407,,not reachable
"registered PoWit, SPEC (leader WC and subordinates)",7 of 10 and 21 of 30,0.25,0.001,Lomax (primary),4.0,0.0,30.0,86400.0,3.0,0.03287671232876712,,not reachable
"registered PoWit, SPEC (leader WC and subordinates)",7 of 10 and 21 of 30,0.25,0.001,Lomax (primary),4.0,0.0,90.0,259200.0,3.4102321753804112,0.037372407401429164,,not reachable
"registered PoWit, SPEC (leader WC and subordinates)",7 of 10 and 21 of 30,0.25,0.001,Lomax (primary),4.0,0.0,365.0,1051200.0,3.7047146117897753,0.04059961218399754,,not reachable
"registered PoWit, SPEC (leader WC and subordinates)",7 of 10 and 21 of 30,0.25,0.001,Lomax (primary),4.0,0.1,3.0,8640.0,1.4701778718652965,0.016933456130030645,,not reachable
"registered PoWit, SPEC (leader WC and subordinates)",7 of 10 and 21 of 30,0.25,0.001,Lomax (primary),4.0,0.1,7.0,20160.0,2.1143819168358733,0.025089116896831486,,not reachable
"registered PoWit, SPEC (leader WC and subordinates)",7 of 10 and 21 of 30,0.25,0.001,Lomax (primary),4.0,0.1,30.0,86400.0,3.0,0.0410958904109589,,not reachable
"registered PoWit, SPEC (leader WC and subordinates)",7 of 10 and 21 of 30,0.25,0.001,Lomax (primary),4.0,0.1,90.0,259200.0,3.4102321753804112,0.06202994164800451,,not reachable
"registered PoWit, SPEC (leader WC and subordinates)",7 of 10 and 21 of 30,0.25,0.001,Lomax (primary),4.0,0.1,365.0,1051200.0,3.7047146117897753,0.14059961218399752,,not reachable
"registered PoWit, SPEC (leader WC and subordinates)",7 of 10 and 21 of 30,0.25,0.001,Lomax (primary),4.0,0.25,3.0,8640.0,1.4701778718652965,0.01816633284235941,,not reachable
"registered PoWit, SPEC (leader WC and subordinates)",7 of 10 and 21 of 30,0.25,0.001,Lomax (primary),4.0,0.25,7.0,20160.0,2.1143819168358733,0.02796582922559861,,not reachable
"registered PoWit, SPEC (leader WC and subordinates)",7 of 10 and 21 of 30,0.25,0.001,Lomax (primary),4.0,0.25,30.0,86400.0,3.0,0.05342465753424658,,not reachable
"registered PoWit, SPEC (leader WC and subordinates)",7 of 10 and 21 of 30,0.25,0.001,Lomax (primary),4.0,0.25,90.0,259200.0,3.4102321753804112,0.09901624301786752,,not reachable
"registered PoWit, SPEC (leader WC and subordinates)",7 of 10 and 21 of 30,0.25,0.001,Lomax (primary),4.0,0.25,365.0,1051200.0,3.7047146117897753,0.29059961218399755,,not reachable
"registered PoWit, SPEC (leader WC and subordinates)",7 of 10 and 21 of 30,0.25,0.001,exponential (comparison),1.0,0.0,3.0,8640.0,2.4399265972826107,0.006684730403514002,,not reachable
"registered PoWit, SPEC (leader WC and subordinates)",7 of 10 and 21 of 30,0.25,0.001,exponential (comparison),1.0,0.0,7.0,20160.0,4.424843911799904,0.012122860032328504,,not reachable
"registered PoWit, SPEC (leader WC and subordinates)",7 of 10 and 21 of 30,0.25,0.001,exponential (comparison),1.0,0.0,30.0,86400.0,6.903653492868647,0.018914119158544237,,not reachable
"registered PoWit, SPEC (leader WC and subordinates)",7 of 10 and 21 of 30,0.25,0.001,exponential (comparison),1.0,0.0,90.0,259200.0,6.999981747941834,0.01917803218614201,,not reachable
"registered PoWit, SPEC (leader WC and subordinates)",7 of 10 and 21 of 30,0.25,0.001,exponential (comparison),1.0,0.0,365.0,1051200.0,7.0,0.019178082191780823,,not reachable
"registered PoWit, SPEC (leader WC and subordinates)",7 of 10 and 21 of 30,0.25,0.001,exponential (comparison),1.0,0.1,3.0,8640.0,2.4399265972826107,0.00750664821173318,,not reachable
"registered PoWit, SPEC (leader WC and subordinates)",7 of 10 and 21 of 30,0.25,0.001,exponential (comparison),1.0,0.1,7.0,20160.0,4.424843911799904,0.014040668251506587,,not reachable
"registered PoWit, SPEC (leader WC and subordinates)",7 of 10 and 21 of 30,0.25,0.001,exponential (comparison),1.0,0.1,30.0,86400.0,6.903653492868647,0.027133297240736015,,not reachable
"registered PoWit, SPEC (leader WC and subordinates)",7 of 10 and 21 of 30,0.25,0.001,exponential (comparison),1.0,0.1,90.0,259200.0,6.999981747941834,0.043835566432717354,,not reachable
"registered PoWit, SPEC (leader WC and subordinates)",7 of 10 and 21 of 30,0.25,0.001,exponential (comparison),1.0,0.1,365.0,1051200.0,7.0,0.11917808219178082,,not reachable
"registered PoWit, SPEC (leader WC and subordinates)",7 of 10 and 21 of 30,0.25,0.001,exponential (comparison),1.0,0.25,3.0,8640.0,2.4399265972826107,0.008739524924061947,,not reachable
"registered PoWit, SPEC (leader WC and subordinates)",7 of 10 and 21 of 30,0.25,0.001,exponential (comparison),1.0,0.25,7.0,20160.0,4.424843911799904,0.01691738058027371,,not reachable
"registered PoWit, SPEC (leader WC and subordinates)",7 of 10 and 21 of 30,0.25,0.001,exponential (comparison),1.0,0.25,30.0,86400.0,6.903653492868647,0.039462064364023684,,not reachable
"registered PoWit, SPEC (leader WC and subordinates)",7 of 10 and 21 of 30,0.25,0.001,exponential (comparison),1.0,0.25,90.0,259200.0,6.999981747941834,0.08082186780258037,,not reachable
"registered PoWit, SPEC (leader WC and subordinates)",7 of 10 and 21 of 30,0.25,0.001,exponential (comparison),1.0,0.25,365.0,1051200.0,7.0,0.2691780821917808,,not reachable
"registered PoWit, SPEC (leader WC and subordinates)",7 of 10 and 21 of 30,0.25,0.001,exponential (comparison),4.0,0.0,3.0,8640.0,2.4399265972826107,0.02673892161405601,,not reachable
"registered PoWit, SPEC (leader WC and subordinates)",7 of 10 and 21 of 30,0.25,0.001,exponential (comparison),4.0,0.0,7.0,20160.0,4.424843911799904,0.048491440129314015,,not reachable
"registered PoWit, SPEC (leader WC and subordinates)",7 of 10 and 21 of 30,0.25,0.001,exponential (comparison),4.0,0.0,30.0,86400.0,6.903653492868647,0.07565647663417695,,not reachable
"registered PoWit, SPEC (leader WC and subordinates)",7 of 10 and 21 of 30,0.25,0.001,exponential (comparison),4.0,0.0,90.0,259200.0,6.999981747941834,0.07671212874456804,,not reachable
"registered PoWit, SPEC (leader WC and subordinates)",7 of 10 and 21 of 30,0.25,0.001,exponential (comparison),4.0,0.0,365.0,1051200.0,7.0,0.07671232876712329,,not reachable
"registered PoWit, SPEC (leader WC and subordinates)",7 of 10 and 21 of 30,0.25,0.001,exponential (comparison),4.0,0.1,3.0,8640.0,2.4399265972826107,0.027560839422275187,,not reachable
"registered PoWit, SPEC (leader WC and subordinates)",7 of 10 and 21 of 30,0.25,0.001,exponential (comparison),4.0,0.1,7.0,20160.0,4.424843911799904,0.0504092483484921,,not reachable
"registered PoWit, SPEC (leader WC and subordinates)",7 of 10 and 21 of 30,0.25,0.001,exponential (comparison),4.0,0.1,30.0,86400.0,6.903653492868647,0.08387565471636874,,not reachable
"registered PoWit, SPEC (leader WC and subordinates)",7 of 10 and 21 of 30,0.25,0.001,exponential (comparison),4.0,0.1,90.0,259200.0,6.999981747941834,0.10136966299114339,,not reachable
"registered PoWit, SPEC (leader WC and subordinates)",7 of 10 and 21 of 30,0.25,0.001,exponential (comparison),4.0,0.1,365.0,1051200.0,7.0,0.17671232876712328,,not reachable
"registered PoWit, SPEC (leader WC and subordinates)",7 of 10 and 21 of 30,0.25,0.001,exponential (comparison),4.0,0.25,3.0,8640.0,2.4399265972826107,0.028793716134603953,,not reachable
"registered PoWit, SPEC (leader WC and subordinates)",7 of 10 and 21 of 30,0.25,0.001,exponential (comparison),4.0,0.25,7.0,20160.0,4.424843911799904,0.05328596067725922,,not reachable
"registered PoWit, SPEC (leader WC and subordinates)",7 of 10 and 21 of 30,0.25,0.001,exponential (comparison),4.0,0.25,30.0,86400.0,6.903653492868647,0.0962044218396564,,not reachable
"registered PoWit, SPEC (leader WC and subordinates)",7 of 10 and 21 of 30,0.25,0.001,exponential (comparison),4.0,0.25,90.0,259200.0,6.999981747941834,0.13835596436100642,,not reachable
"registered PoWit, SPEC (leader WC and subordinates)",7 of 10 and 21 of 30,0.25,0.001,exponential (comparison),4.0,0.25,365.0,1051200.0,7.0,0.3267123287671233,,not reachable
"registered PoWit, SPEC (leader WC and subordinates)",7 of 10 and 21 of 30,0.33,0.001,Lomax (primary),1.0,0.0,3.0,8640.0,1.4701778718652965,0.004027884580452867,,not reachable
"registered PoWit, SPEC (leader WC and subordinates)",7 of 10 and 21 of 30,0.33,0.001,Lomax (primary),1.0,0.0,7.0,20160.0,2.1143819168358733,0.005792827169413352,,not reachable
"registered PoWit, SPEC (leader WC and subordinates)",7 of 10 and 21 of 30,0.33,0.001,Lomax (primary),1.0,0.0,30.0,86400.0,3.0,0.00821917808219178,,not reachable
"registered PoWit, SPEC (leader WC and subordinates)",7 of 10 and 21 of 30,0.33,0.001,Lomax (primary),1.0,0.0,90.0,259200.0,3.4102321753804112,0.009343101850357291,,not reachable
"registered PoWit, SPEC (leader WC and subordinates)",7 of 10 and 21 of 30,0.33,0.001,Lomax (primary),1.0,0.0,365.0,1051200.0,3.7047146117897753,0.010149903045999385,,not reachable
"registered PoWit, SPEC (leader WC and subordinates)",7 of 10 and 21 of 30,0.33,0.001,Lomax (primary),1.0,0.1,3.0,8640.0,1.4701778718652965,0.004849802388672045,,not reachable
"registered PoWit, SPEC (leader WC and subordinates)",7 of 10 and 21 of 30,0.33,0.001,Lomax (primary),1.0,0.1,7.0,20160.0,2.1143819168358733,0.007710635388591434,,not reachable
"registered PoWit, SPEC (leader WC and subordinates)",7 of 10 and 21 of 30,0.33,0.001,Lomax (primary),1.0,0.1,30.0,86400.0,3.0,0.01643835616438356,,not reachable
"registered PoWit, SPEC (leader WC and subordinates)",7 of 10 and 21 of 30,0.33,0.001,Lomax (primary),1.0,0.1,90.0,259200.0,3.4102321753804112,0.034000636096932636,,not reachable
"registered PoWit, SPEC (leader WC and subordinates)",7 of 10 and 21 of 30,0.33,0.001,Lomax (primary),1.0,0.1,365.0,1051200.0,3.7047146117897753,0.11014990304599938,,not reachable
"registered PoWit, SPEC (leader WC and subordinates)",7 of 10 and 21 of 30,0.33,0.001,Lomax (primary),1.0,0.25,3.0,8640.0,1.4701778718652965,0.0060826791010008124,,not reachable
"registered PoWit, SPEC (leader WC and subordinates)",7 of 10 and 21 of 30,0.33,0.001,Lomax (primary),1.0,0.25,7.0,20160.0,2.1143819168358733,0.010587347717358557,,not reachable
"registered PoWit, SPEC (leader WC and subordinates)",7 of 10 and 21 of 30,0.33,0.001,Lomax (primary),1.0,0.25,30.0,86400.0,3.0,0.028767123287671233,,not reachable
"registered PoWit, SPEC (leader WC and subordinates)",7 of 10 and 21 of 30,0.33,0.001,Lomax (primary),1.0,0.25,90.0,259200.0,3.4102321753804112,0.07098693746679564,,not reachable
"registered PoWit, SPEC (leader WC and subordinates)",7 of 10 and 21 of 30,0.33,0.001,Lomax (primary),1.0,0.25,365.0,1051200.0,3.7047146117897753,0.2601499030459994,,not reachable
"registered PoWit, SPEC (leader WC and subordinates)",7 of 10 and 21 of 30,0.33,0.001,Lomax (primary),4.0,0.0,3.0,8640.0,1.4701778718652965,0.016111538321811468,,not reachable
"registered PoWit, SPEC (leader WC and subordinates)",7 of 10 and 21 of 30,0.33,0.001,Lomax (primary),4.0,0.0,7.0,20160.0,2.1143819168358733,0.023171308677653407,,not reachable
"registered PoWit, SPEC (leader WC and subordinates)",7 of 10 and 21 of 30,0.33,0.001,Lomax (primary),4.0,0.0,30.0,86400.0,3.0,0.03287671232876712,,not reachable
"registered PoWit, SPEC (leader WC and subordinates)",7 of 10 and 21 of 30,0.33,0.001,Lomax (primary),4.0,0.0,90.0,259200.0,3.4102321753804112,0.037372407401429164,,not reachable
"registered PoWit, SPEC (leader WC and subordinates)",7 of 10 and 21 of 30,0.33,0.001,Lomax (primary),4.0,0.0,365.0,1051200.0,3.7047146117897753,0.04059961218399754,,not reachable
"registered PoWit, SPEC (leader WC and subordinates)",7 of 10 and 21 of 30,0.33,0.001,Lomax (primary),4.0,0.1,3.0,8640.0,1.4701778718652965,0.016933456130030645,,not reachable
"registered PoWit, SPEC (leader WC and subordinates)",7 of 10 and 21 of 30,0.33,0.001,Lomax (primary),4.0,0.1,7.0,20160.0,2.1143819168358733,0.025089116896831486,,not reachable
"registered PoWit, SPEC (leader WC and subordinates)",7 of 10 and 21 of 30,0.33,0.001,Lomax (primary),4.0,0.1,30.0,86400.0,3.0,0.0410958904109589,,not reachable
"registered PoWit, SPEC (leader WC and subordinates)",7 of 10 and 21 of 30,0.33,0.001,Lomax (primary),4.0,0.1,90.0,259200.0,3.4102321753804112,0.06202994164800451,,not reachable
"registered PoWit, SPEC (leader WC and subordinates)",7 of 10 and 21 of 30,0.33,0.001,Lomax (primary),4.0,0.1,365.0,1051200.0,3.7047146117897753,0.14059961218399752,,not reachable
"registered PoWit, SPEC (leader WC and subordinates)",7 of 10 and 21 of 30,0.33,0.001,Lomax (primary),4.0,0.25,3.0,8640.0,1.4701778718652965,0.01816633284235941,,not reachable
"registered PoWit, SPEC (leader WC and subordinates)",7 of 10 and 21 of 30,0.33,0.001,Lomax (primary),4.0,0.25,7.0,20160.0,2.1143819168358733,0.02796582922559861,,not reachable
"registered PoWit, SPEC (leader WC and subordinates)",7 of 10 and 21 of 30,0.33,0.001,Lomax (primary),4.0,0.25,30.0,86400.0,3.0,0.05342465753424658,,not reachable
"registered PoWit, SPEC (leader WC and subordinates)",7 of 10 and 21 of 30,0.33,0.001,Lomax (primary),4.0,0.25,90.0,259200.0,3.4102321753804112,0.09901624301786752,,not reachable
"registered PoWit, SPEC (leader WC and subordinates)",7 of 10 and 21 of 30,0.33,0.001,Lomax (primary),4.0,0.25,365.0,1051200.0,3.7047146117897753,0.29059961218399755,,not reachable
"registered PoWit, SPEC (leader WC and subordinates)",7 of 10 and 21 of 30,0.33,0.001,exponential (comparison),1.0,0.0,3.0,8640.0,2.4399265972826107,0.006684730403514002,,not reachable
"registered PoWit, SPEC (leader WC and subordinates)",7 of 10 and 21 of 30,0.33,0.001,exponential (comparison),1.0,0.0,7.0,20160.0,4.424843911799904,0.012122860032328504,,not reachable
"registered PoWit, SPEC (leader WC and subordinates)",7 of 10 and 21 of 30,0.33,0.001,exponential (comparison),1.0,0.0,30.0,86400.0,6.903653492868647,0.018914119158544237,,not reachable
"registered PoWit, SPEC (leader WC and subordinates)",7 of 10 and 21 of 30,0.33,0.001,exponential (comparison),1.0,0.0,90.0,259200.0,6.999981747941834,0.01917803218614201,,not reachable
"registered PoWit, SPEC (leader WC and subordinates)",7 of 10 and 21 of 30,0.33,0.001,exponential (comparison),1.0,0.0,365.0,1051200.0,7.0,0.019178082191780823,,not reachable
"registered PoWit, SPEC (leader WC and subordinates)",7 of 10 and 21 of 30,0.33,0.001,exponential (comparison),1.0,0.1,3.0,8640.0,2.4399265972826107,0.00750664821173318,,not reachable
"registered PoWit, SPEC (leader WC and subordinates)",7 of 10 and 21 of 30,0.33,0.001,exponential (comparison),1.0,0.1,7.0,20160.0,4.424843911799904,0.014040668251506587,,not reachable
"registered PoWit, SPEC (leader WC and subordinates)",7 of 10 and 21 of 30,0.33,0.001,exponential (comparison),1.0,0.1,30.0,86400.0,6.903653492868647,0.027133297240736015,,not reachable
"registered PoWit, SPEC (leader WC and subordinates)",7 of 10 and 21 of 30,0.33,0.001,exponential (comparison),1.0,0.1,90.0,259200.0,6.999981747941834,0.043835566432717354,,not reachable
"registered PoWit, SPEC (leader WC and subordinates)",7 of 10 and 21 of 30,0.33,0.001,exponential (comparison),1.0,0.1,365.0,1051200.0,7.0,0.11917808219178082,,not reachable
"registered PoWit, SPEC (leader WC and subordinates)",7 of 10 and 21 of 30,0.33,0.001,exponential (comparison),1.0,0.25,3.0,8640.0,2.4399265972826107,0.008739524924061947,,not reachable
"registered PoWit, SPEC (leader WC and subordinates)",7 of 10 and 21 of 30,0.33,0.001,exponential (comparison),1.0,0.25,7.0,20160.0,4.424843911799904,0.01691738058027371,,not reachable
"registered PoWit, SPEC (leader WC and subordinates)",7 of 10 and 21 of 30,0.33,0.001,exponential (comparison),1.0,0.25,30.0,86400.0,6.903653492868647,0.039462064364023684,,not reachable
"registered PoWit, SPEC (leader WC and subordinates)",7 of 10 and 21 of 30,0.33,0.001,exponential (comparison),1.0,0.25,90.0,259200.0,6.999981747941834,0.08082186780258037,,not reachable
"registered PoWit, SPEC (leader WC and subordinates)",7 of 10 and 21 of 30,0.33,0.001,exponential (comparison),1.0,0.25,365.0,1051200.0,7.0,0.2691780821917808,,not reachable
"registered PoWit, SPEC (leader WC and subordinates)",7 of 10 and 21 of 30,0.33,0.001,exponential (comparison),4.0,0.0,3.0,8640.0,2.4399265972826107,0.02673892161405601,,not reachable
"registered PoWit, SPEC (leader WC and subordinates)",7 of 10 and 21 of 30,0.33,0.001,exponential (comparison),4.0,0.0,7.0,20160.0,4.424843911799904,0.048491440129314015,,not reachable
"registered PoWit, SPEC (leader WC and subordinates)",7 of 10 and 21 of 30,0.33,0.001,exponential (comparison),4.0,0.0,30.0,86400.0,6.903653492868647,0.07565647663417695,,not reachable
"registered PoWit, SPEC (leader WC and subordinates)",7 of 10 and 21 of 30,0.33,0.001,exponential (comparison),4.0,0.0,90.0,259200.0,6.999981747941834,0.07671212874456804,,not reachable
"registered PoWit, SPEC (leader WC and subordinates)",7 of 10 and 21 of 30,0.33,0.001,exponential (comparison),4.0,0.0,365.0,1051200.0,7.0,0.07671232876712329,,not reachable
"registered PoWit, SPEC (leader WC and subordinates)",7 of 10 and 21 of 30,0.33,0.001,exponential (comparison),4.0,0.1,3.0,8640.0,2.4399265972826107,0.027560839422275187,,not reachable
"registered PoWit, SPEC (leader WC and subordinates)",7 of 10 and 21 of 30,0.33,0.001,exponential (comparison),4.0,0.1,7.0,20160.0,4.424843911799904,0.0504092483484921,,not reachable
"registered PoWit, SPEC (leader WC and subordinates)",7 of 10 and 21 of 30,0.33,0.001,exponential (comparison),4.0,0.1,30.0,86400.0,6.903653492868647,0.08387565471636874,,not reachable
"registered PoWit, SPEC (leader WC and subordinates)",7 of 10 and 21 of 30,0.33,0.001,exponential (comparison),4.0,0.1,90.0,259200.0,6.999981747941834,0.10136966299114339,,not reachable
"registered PoWit, SPEC (leader WC and subordinates)",7 of 10 and 21 of 30,0.33,0.001,exponential (comparison),4.0,0.1,365.0,1051200.0,7.0,0.17671232876712328,,not reachable
"registered PoWit, SPEC (leader WC and subordinates)",7 of 10 and 21 of 30,0.33,0.001,exponential (comparison),4.0,0.25,3.0,8640.0,2.4399265972826107,0.028793716134603953,,not reachable
"registered PoWit, SPEC (leader WC and subordinates)",7 of 10 and 21 of 30,0.33,0.001,exponential (comparison),4.0,0.25,7.0,20160.0,4.424843911799904,0.05328596067725922,,not reachable
"registered PoWit, SPEC (leader WC and subordinates)",7 of 10 and 21 of 30,0.33,0.001,exponential (comparison),4.0,0.25,30.0,86400.0,6.903653492868647,0.0962044218396564,,not reachable
"registered PoWit, SPEC (leader WC and subordinates)",7 of 10 and 21 of 30,0.33,0.001,exponential (comparison),4.0,0.25,90.0,259200.0,6.999981747941834,0.13835596436100642,,not reachable
"registered PoWit, SPEC (leader WC and subordinates)",7 of 10 and 21 of 30,0.33,0.001,exponential (comparison),4.0,0.25,365.0,1051200.0,7.0,0.3267123287671233,,not reachable
"registered PoWit, single quorum ([P] validity rule, comparison)",27 of 40,0.0,0.01,Lomax (primary),1.0,0.0,3.0,8640.0,1.4701778718652965,0.004027884580452867,0.8182432471806352,reachable
"registered PoWit, single quorum ([P] validity rule, comparison)",27 of 40,0.0,0.01,Lomax (primary),1.0,0.0,7.0,20160.0,2.1143819168358733,0.005792827169413352,0.8196958140042749,reachable
"registered PoWit, single quorum ([P] validity rule, comparison)",27 of 40,0.0,0.01,Lomax (primary),1.0,0.0,30.0,86400.0,3.0,0.00821917808219178,0.8217011660362532,reachable
"registered PoWit, single quorum ([P] validity rule, comparison)",27 of 40,0.0,0.01,Lomax (primary),1.0,0.0,90.0,259200.0,3.4102321753804112,0.009343101850357291,0.8226334055154941,reachable
"registered PoWit, single quorum ([P] validity rule, comparison)",27 of 40,0.0,0.01,Lomax (primary),1.0,0.0,365.0,1051200.0,3.7047146117897753,0.010149903045999385,0.8233039127136925,reachable
"registered PoWit, single quorum ([P] validity rule, comparison)",27 of 40,0.0,0.01,Lomax (primary),1.0,0.1,3.0,8640.0,1.4701778718652965,0.004849802388672045,0.8189190534035824,reachable
"registered PoWit, single quorum ([P] validity rule, comparison)",27 of 40,0.0,0.01,Lomax (primary),1.0,0.1,7.0,20160.0,2.1143819168358733,0.007710635388591434,0.8212800488307148,reachable
"registered PoWit, single quorum ([P] validity rule, comparison)",27 of 40,0.0,0.01,Lomax (primary),1.0,0.1,30.0,86400.0,3.0,0.01643835616438356,0.8285677495964449,reachable
"registered PoWit, single quorum ([P] validity rule, comparison)",27 of 40,0.0,0.01,Lomax (primary),1.0,0.1,90.0,259200.0,3.4102321753804112,0.034000636096932636,0.843631464237726,reachable
"registered PoWit, single quorum ([P] validity rule, comparison)",27 of 40,0.0,0.01,Lomax (primary),1.0,0.1,365.0,1051200.0,3.7047146117897753,0.11014990304599938,0.915825553777946,reachable
"registered PoWit, single quorum ([P] validity rule, comparison)",27 of 40,0.0,0.01,Lomax (primary),1.0,0.25,3.0,8640.0,1.4701778718652965,0.0060826791010008124,0.8199348584499321,reachable
"registered PoWit, single quorum ([P] validity rule, comparison)",27 of 40,0.0,0.01,Lomax (primary),1.0,0.25,7.0,20160.0,2.1143819168358733,0.010587347717358557,0.8236679164574237,reachable
"registered PoWit, single quorum ([P] validity rule, comparison)",27 of 40,0.0,0.01,Lomax (primary),1.0,0.25,30.0,86400.0,3.0,0.028767123287671233,0.839085534852253,reachable
"registered PoWit, single quorum ([P] validity rule, comparison)",27 of 40,0.0,0.01,Lomax (primary),1.0,0.25,90.0,259200.0,3.4102321753804112,0.07098693746679564,0.877218513591276,reachable
"registered PoWit, single quorum ([P] validity rule, comparison)",27 of 40,0.0,0.01,Lomax (primary),1.0,0.25,365.0,1051200.0,3.7047146117897753,0.2601499030459994,,not reachable
"registered PoWit, single quorum ([P] validity rule, comparison)",27 of 40,0.0,0.01,Lomax (primary),4.0,0.0,3.0,8640.0,1.4701778718652965,0.016111538321811468,0.828292524573594,reachable
"registered PoWit, single quorum ([P] validity rule, comparison)",27 of 40,0.0,0.01,Lomax (primary),4.0,0.0,7.0,20160.0,2.1143819168358733,0.023171308677653407,0.8342787891693179,reachable
"registered PoWit, single quorum ([P] validity rule, comparison)",27 of 40,0.0,0.01,Lomax (primary),4.0,0.0,30.0,86400.0,3.0,0.03287671232876712,0.8426510541221633,reachable
"registered PoWit, single quorum ([P] validity rule, comparison)",27 of 40,0.0,0.01,Lomax (primary),4.0,0.0,90.0,259200.0,3.4102321753804112,0.037372407401429164,0.8465864308152043,reachable
"registered PoWit, single quorum ([P] validity rule, comparison)",27 of 40,0.0,0.01,Lomax (primary),4.0,0.0,365.0,1051200.0,3.7047146117897753,0.04059961218399754,0.8494341550949533,reachable
"registered PoWit, single quorum ([P] validity rule, comparison)",27 of 40,0.0,0.01,Lomax (primary),4.0,0.1,3.0,8640.0,1.4701778718652965,0.016933456130030645,0.8289850396231673,reachable
"registered PoWit, single quorum ([P] validity rule, comparison)",27 of 40,0.0,0.01,Lomax (primary),4.0,0.1,7.0,20160.0,2.1143819168358733,0.025089116896831486,0.8359199511941606,reachable
"registered PoWit, single quorum ([P] validity rule, comparison)",27 of 40,0.0,0.01,Lomax (primary),4.0,0.1,30.0,86400.0,3.0,0.0410958904109589,0.8498737774432105,reachable
"registered PoWit, single quorum ([P] validity rule, comparison)",27 of 40,0.0,0.01,Lomax (primary),4.0,0.1,90.0,259200.0,3.4102321753804112,0.06202994164800451,0.8688416549821554,reachable
"registered PoWit, single quorum ([P] validity rule, comparison)",27 of 40,0.0,0.01,Lomax (primary),4.0,0.1,365.0,1051200.0,3.7047146117897753,0.14059961218399752,0.9482744822739558,reachable
"registered PoWit, single quorum ([P] validity rule, comparison)",27 of 40,0.0,0.01,Lomax (primary),4.0,0.25,3.0,8640.0,1.4701778718652965,0.01816633284235941,0.8300259861545477,reachable
"registered PoWit, single quorum ([P] validity rule, comparison)",27 of 40,0.0,0.01,Lomax (primary),4.0,0.25,7.0,20160.0,2.1143819168358733,0.02796582922559861,0.83839383668272,reachable
"registered PoWit, single quorum ([P] validity rule, comparison)",27 of 40,0.0,0.01,Lomax (primary),4.0,0.25,30.0,86400.0,3.0,0.05342465753424658,0.8609430451667833,reachable
"registered PoWit, single quorum ([P] validity rule, comparison)",27 of 40,0.0,0.01,Lomax (primary),4.0,0.25,90.0,259200.0,3.4102321753804112,0.09901624301786752,0.9045084903105728,reachable
"registered PoWit, single quorum ([P] validity rule, comparison)",27 of 40,0.0,0.01,Lomax (primary),4.0,0.25,365.0,1051200.0,3.7047146117897753,0.29059961218399755,,not reachable
"registered PoWit, single quorum ([P] validity rule, comparison)",27 of 40,0.0,0.01,exponential (comparison),1.0,0.0,3.0,8640.0,2.4399265972826107,0.006684730403514002,0.8204318233759885,reachable
"registered PoWit, single quorum ([P] validity rule, comparison)",27 of 40,0.0,0.01,exponential (comparison),1.0,0.0,7.0,20160.0,4.424843911799904,0.012122860032328504,0.824948189254512,reachable
"registered PoWit, single quorum ([P] validity rule, comparison)",27 of 40,0.0,0.01,exponential (comparison),1.0,0.0,30.0,86400.0,6.903653492868647,0.018914119158544237,0.8306586342097739,reachable
"registered PoWit, single quorum ([P] validity rule, comparison)",27 of 40,0.0,0.01,exponential (comparison),1.0,0.0,90.0,259200.0,6.999981747941834,0.01917803218614201,0.8308821422899846,reachable
"registered PoWit, single quorum ([P] validity rule, comparison)",27 of 40,0.0,0.01,exponential (comparison),1.0,0.0,365.0,1051200.0,7.0,0.019178082191780823,0.8308821846511835,reachable
"registered PoWit, single quorum ([P] validity rule, comparison)",27 of 40,0.0,0.01,exponential (comparison),1.0,0.1,3.0,8640.0,2.4399265972826107,0.00750664821173318,0.8211112511271643,reachable
"registered PoWit, single quorum ([P] validity rule, comparison)",27 of 40,0.0,0.01,exponential (comparison),1.0,0.1,7.0,20160.0,4.424843911799904,0.014040668251506587,0.8265528116428844,reachable
"registered PoWit, single quorum ([P] validity rule, comparison)",27 of 40,0.0,0.01,exponential (comparison),1.0,0.1,30.0,86400.0,6.903653492868647,0.027133297240736015,0.8376763800332423,reachable
"registered PoWit, single quorum ([P] validity rule, comparison)",27 of 40,0.0,0.01,exponential (comparison),1.0,0.1,90.0,259200.0,6.999981747941834,0.043835566432717354,0.8523089012857651,reachable
"registered PoWit, single quorum ([P] validity rule, comparison)",27 of 40,0.0,0.01,exponential (comparison),1.0,0.1,365.0,1051200.0,7.0,0.11917808219178082,0.9252125104358435,reachable
"registered PoWit, single quorum ([P] validity rule, comparison)",27 of 40,0.0,0.01,exponential (comparison),1.0,0.25,3.0,8640.0,2.4399265972826107,0.008739524924061947,0.8221325053435884,reachable
"registered PoWit, single quorum ([P] validity rule, comparison)",27 of 40,0.0,0.01,exponential (comparison),1.0,0.25,7.0,20160.0,4.424843911799904,0.01691738058027371,0.8289714839056833,reachable
"registered PoWit, single quorum ([P] validity rule, comparison)",27 of 40,0.0,0.01,exponential (comparison),1.0,0.25,30.0,86400.0,6.903653492868647,0.039462064364023684,0.8484281854861634,reachable
"registered PoWit, single quorum ([P] validity rule, comparison)",27 of 40,0.0,0.01,exponential (comparison),1.0,0.25,90.0,259200.0,6.999981747941834,0.08082186780258037,0.88660448859245,reachable
"registered PoWit, single quorum ([P] validity rule, comparison)",27 of 40,0.0,0.01,exponential (comparison),1.0,0.25,365.0,1051200.0,7.0,0.2691780821917808,,not reachable
"registered PoWit, single quorum ([P] validity rule, comparison)",27 of 40,0.0,0.01,exponential (comparison),4.0,0.0,3.0,8640.0,2.4399265972826107,0.02673892161405601,0.8373369447525482,reachable
"registered PoWit, single quorum ([P] validity rule, comparison)",27 of 40,0.0,0.01,exponential (comparison),4.0,0.0,7.0,20160.0,4.424843911799904,0.048491440129314015,0.8564793762160284,reachable
"registered PoWit, single quorum ([P] validity rule, comparison)",27 of 40,0.0,0.01,exponential (comparison),4.0,0.0,30.0,86400.0,6.903653492868647,0.07565647663417695,0.8816499896648583,reachable
"registered PoWit, single quorum ([P] validity rule, comparison)",27 of 40,0.0,0.01,exponential (comparison),4.0,0.0,90.0,259200.0,6.999981747941834,0.07671212874456804,0.8826580346107433,reachable
"registered PoWit, single quorum ([P] validity rule, comparison)",27 of 40,0.0,0.01,exponential (comparison),4.0,0.0,365.0,1051200.0,7.0,0.07671232876712329,0.8826582258312275,reachable
"registered PoWit, single quorum ([P] validity rule, comparison)",27 of 40,0.0,0.01,exponential (comparison),4.0,0.1,3.0,8640.0,2.4399265972826107,0.027560839422275187,0.8380446724688642,reachable
"registered PoWit, single quorum ([P] validity rule, comparison)",27 of 40,0.0,0.01,exponential (comparison),4.0,0.1,7.0,20160.0,4.424843911799904,0.0504092483484921,0.858209135256338,reachable
"registered PoWit, single quorum ([P] validity rule, comparison)",27 of 40,0.0,0.01,exponential (comparison),4.0,0.1,30.0,86400.0,6.903653492868647,0.08387565471636874,0.8895598747241562,reachable
"registered PoWit, single quorum ([P] validity rule, comparison)",27 of 40,0.0,0.01,exponential (comparison),4.0,0.1,90.0,259200.0,6.999981747941834,0.10136966299114339,0.9068773045598001,reachable
"registered PoWit, single quorum ([P] validity rule, comparison)",27 of 40,0.0,0.01,exponential (comparison),4.0,0.1,365.0,1051200.0,7.0,0.17671232876712328,0.9898696243098958,reachable
"registered PoWit, single quorum ([P] validity rule, comparison)",27 of 40,0.0,0.01,exponential (comparison),4.0,0.25,3.0,8640.0,2.4399265972826107,0.028793716134603953,0.8391085100672638,reachable
"registered PoWit, single quorum ([P] validity rule, comparison)",27 of 40,0.0,0.01,exponential (comparison),4.0,0.25,7.0,20160.0,4.424843911799904,0.05328596067725922,0.860816914054906,reachable
"registered PoWit, single quorum ([P] validity rule, comparison)",27 of 40,0.0,0.01,exponential (comparison),4.0,0.25,30.0,86400.0,6.903653492868647,0.0962044218396564,0.901694451173422,reachable
"registered PoWit, single quorum ([P] validity rule, comparison)",27 of 40,0.0,0.01,exponential (comparison),4.0,0.25,90.0,259200.0,6.999981747941834,0.13835596436100642,0.9458052561321255,reachable
"registered PoWit, single quorum ([P] validity rule, comparison)",27 of 40,0.0,0.01,exponential (comparison),4.0,0.25,365.0,1051200.0,7.0,0.3267123287671233,,not reachable
"registered PoWit, single quorum ([P] validity rule, comparison)",27 of 40,0.1,0.01,Lomax (primary),1.0,0.0,3.0,8640.0,1.4701778718652965,0.004027884580452867,0.9091591635340391,reachable
"registered PoWit, single quorum ([P] validity rule, comparison)",27 of 40,0.1,0.01,Lomax (primary),1.0,0.0,7.0,20160.0,2.1143819168358733,0.005792827169413352,0.9107731266714166,reachable
"registered PoWit, single quorum ([P] validity rule, comparison)",27 of 40,0.1,0.01,Lomax (primary),1.0,0.0,30.0,86400.0,3.0,0.00821917808219178,0.9130012955958369,reachable
"registered PoWit, single quorum ([P] validity rule, comparison)",27 of 40,0.1,0.01,Lomax (primary),1.0,0.0,90.0,259200.0,3.4102321753804112,0.009343101850357291,0.9140371172394379,reachable
"registered PoWit, single quorum ([P] validity rule, comparison)",27 of 40,0.1,0.01,Lomax (primary),1.0,0.0,365.0,1051200.0,3.7047146117897753,0.010149903045999385,0.9147821252374362,reachable
"registered PoWit, single quorum ([P] validity rule, comparison)",27 of 40,0.1,0.01,Lomax (primary),1.0,0.1,3.0,8640.0,1.4701778718652965,0.004849802388672045,0.9099100593373137,reachable
"registered PoWit, single quorum ([P] validity rule, comparison)",27 of 40,0.1,0.01,Lomax (primary),1.0,0.1,7.0,20160.0,2.1143819168358733,0.007710635388591434,0.9125333875896832,reachable
"registered PoWit, single quorum ([P] validity rule, comparison)",27 of 40,0.1,0.01,Lomax (primary),1.0,0.1,30.0,86400.0,3.0,0.01643835616438356,0.9206308328849386,reachable
"registered PoWit, single quorum ([P] validity rule, comparison)",27 of 40,0.1,0.01,Lomax (primary),1.0,0.1,90.0,259200.0,3.4102321753804112,0.034000636096932636,0.9373682935974733,reachable
"registered PoWit, single quorum ([P] validity rule, comparison)",27 of 40,0.1,0.01,Lomax (primary),1.0,0.1,365.0,1051200.0,3.7047146117897753,0.11014990304599938,,not reachable
"registered PoWit, single quorum ([P] validity rule, comparison)",27 of 40,0.1,0.01,Lomax (primary),1.0,0.25,3.0,8640.0,1.4701778718652965,0.0060826791010008124,0.9110387316110357,reachable
"registered PoWit, single quorum ([P] validity rule, comparison)",27 of 40,0.1,0.01,Lomax (primary),1.0,0.25,7.0,20160.0,2.1143819168358733,0.010587347717358557,0.9151865738415818,reachable
"registered PoWit, single quorum ([P] validity rule, comparison)",27 of 40,0.1,0.01,Lomax (primary),1.0,0.25,30.0,86400.0,3.0,0.028767123287671233,0.9323172609469478,reachable
"registered PoWit, single quorum ([P] validity rule, comparison)",27 of 40,0.1,0.01,Lomax (primary),1.0,0.25,90.0,259200.0,3.4102321753804112,0.07098693746679564,0.9746872373236399,reachable
"registered PoWit, single quorum ([P] validity rule, comparison)",27 of 40,0.1,0.01,Lomax (primary),1.0,0.25,365.0,1051200.0,3.7047146117897753,0.2601499030459994,,not reachable
"registered PoWit, single quorum ([P] validity rule, comparison)",27 of 40,0.1,0.01,Lomax (primary),4.0,0.0,3.0,8640.0,1.4701778718652965,0.016111538321811468,0.9203250273039933,reachable
"registered PoWit, single quorum ([P] validity rule, comparison)",27 of 40,0.1,0.01,Lomax (primary),4.0,0.0,7.0,20160.0,2.1143819168358733,0.023171308677653407,0.9269764324103531,reachable
"registered PoWit, single quorum ([P] validity rule, comparison)",27 of 40,0.1,0.01,Lomax (primary),4.0,0.0,30.0,86400.0,3.0,0.03287671232876712,0.9362789490246259,reachable
"registered PoWit, single quorum ([P] validity rule, comparison)",27 of 40,0.1,0.01,Lomax (primary),4.0,0.0,90.0,259200.0,3.4102321753804112,0.037372407401429164,0.9406515897946714,reachable
"registered PoWit, single quorum ([P] validity rule, comparison)",27 of 40,0.1,0.01,Lomax (primary),4.0,0.0,365.0,1051200.0,3.7047146117897753,0.04059961218399754,0.9438157278832815,reachable
"registered PoWit, single quorum ([P] validity rule, comparison)",27 of 40,0.1,0.01,Lomax (primary),4.0,0.1,3.0,8640.0,1.4701778718652965,0.016933456130030645,0.9210944884701858,reachable
"registered PoWit, single quorum ([P] validity rule, comparison)",27 of 40,0.1,0.01,Lomax (primary),4.0,0.1,7.0,20160.0,2.1143819168358733,0.025089116896831486,0.9287999457712895,reachable
"registered PoWit, single quorum ([P] validity rule, comparison)",27 of 40,0.1,0.01,Lomax (primary),4.0,0.1,30.0,86400.0,3.0,0.0410958904109589,0.9443041971591226,reachable
"registered PoWit, single quorum ([P] validity rule, comparison)",27 of 40,0.1,0.01,Lomax (primary),4.0,0.1,90.0,259200.0,3.4102321753804112,0.06202994164800451,0.9653796166468394,reachable
"registered PoWit, single quorum ([P] validity rule, comparison)",27 of 40,0.1,0.01,Lomax (primary),4.0,0.1,365.0,1051200.0,3.7047146117897753,0.14059961218399752,,not reachable
"registered PoWit, single quorum ([P] validity rule, comparison)",27 of 40,0.1,0.01,Lomax (primary),4.0,0.25,3.0,8640.0,1.4701778718652965,0.01816633284235941,0.9222510957272751,reachable
"registered PoWit, single quorum ([P] validity rule, comparison)",27 of 40,0.1,0.01,Lomax (primary),4.0,0.25,7.0,20160.0,2.1143819168358733,0.02796582922559861,0.9315487074252444,reachable
"registered PoWit, single quorum ([P] validity rule, comparison)",27 of 40,0.1,0.01,Lomax (primary),4.0,0.25,30.0,86400.0,3.0,0.05342465753424658,0.9566033835186482,reachable
"registered PoWit, single quorum ([P] validity rule, comparison)",27 of 40,0.1,0.01,Lomax (primary),4.0,0.25,90.0,259200.0,3.4102321753804112,0.09901624301786752,,not reachable
"registered PoWit, single quorum ([P] validity rule, comparison)",27 of 40,0.1,0.01,Lomax (primary),4.0,0.25,365.0,1051200.0,3.7047146117897753,0.29059961218399755,,not reachable
"registered PoWit, single quorum ([P] validity rule, comparison)",27 of 40,0.1,0.01,exponential (comparison),1.0,0.0,3.0,8640.0,2.4399265972826107,0.006684730403514002,0.9115909148622094,reachable
"registered PoWit, single quorum ([P] validity rule, comparison)",27 of 40,0.1,0.01,exponential (comparison),1.0,0.0,7.0,20160.0,4.424843911799904,0.012122860032328504,0.9166090991716799,reachable
"registered PoWit, single quorum ([P] validity rule, comparison)",27 of 40,0.1,0.01,exponential (comparison),1.0,0.0,30.0,86400.0,6.903653492868647,0.018914119158544237,0.92295403801086,reachable
"registered PoWit, single quorum ([P] validity rule, comparison)",27 of 40,0.1,0.01,exponential (comparison),1.0,0.0,90.0,259200.0,6.999981747941834,0.01917803218614201,0.923202380322205,reachable
"registered PoWit, single quorum ([P] validity rule, comparison)",27 of 40,0.1,0.01,exponential (comparison),1.0,0.0,365.0,1051200.0,7.0,0.019178082191780823,0.9232024273902039,reachable
"registered PoWit, single quorum ([P] validity rule, comparison)",27 of 40,0.1,0.01,exponential (comparison),1.0,0.1,3.0,8640.0,2.4399265972826107,0.00750664821173318,0.9123458345857381,reachable
"registered PoWit, single quorum ([P] validity rule, comparison)",27 of 40,0.1,0.01,exponential (comparison),1.0,0.1,7.0,20160.0,4.424843911799904,0.014040668251506587,0.9183920129365382,reachable
"registered PoWit, single quorum ([P] validity rule, comparison)",27 of 40,0.1,0.01,exponential (comparison),1.0,0.1,30.0,86400.0,6.903653492868647,0.027133297240736015,0.9307515333702693,reachable
"registered PoWit, single quorum ([P] validity rule, comparison)",27 of 40,0.1,0.01,exponential (comparison),1.0,0.1,90.0,259200.0,6.999981747941834,0.043835566432717354,0.9470098903175168,reachable
"registered PoWit, single quorum ([P] validity rule, comparison)",27 of 40,0.1,0.01,exponential (comparison),1.0,0.1,365.0,1051200.0,7.0,0.11917808219178082,,not reachable
"registered PoWit, single quorum ([P] validity rule, comparison)",27 of 40,0.1,0.01,exponential (comparison),1.0,0.25,3.0,8640.0,2.4399265972826107,0.008739524924061947,0.913480561492876,reachable
"registered PoWit, single quorum ([P] validity rule, comparison)",27 of 40,0.1,0.01,exponential (comparison),1.0,0.25,7.0,20160.0,4.424843911799904,0.01691738058027371,0.9210794265618704,reachable
"registered PoWit, single quorum ([P] validity rule, comparison)",27 of 40,0.1,0.01,exponential (comparison),1.0,0.25,30.0,86400.0,6.903653492868647,0.039462064364023684,0.942697983873515,reachable
"registered PoWit, single quorum ([P] validity rule, comparison)",27 of 40,0.1,0.01,exponential (comparison),1.0,0.25,90.0,259200.0,6.999981747941834,0.08082186780258037,0.9851160984360555,reachable
"registered PoWit, single quorum ([P] validity rule, comparison)",27 of 40,0.1,0.01,exponential (comparison),1.0,0.25,365.0,1051200.0,7.0,0.2691780821917808,,not reachable
"registered PoWit, single quorum ([P] validity rule, comparison)",27 of 40,0.1,0.01,exponential (comparison),4.0,0.0,3.0,8640.0,2.4399265972826107,0.02673892161405601,0.9303743830583868,reachable
"registered PoWit, single quorum ([P] validity rule, comparison)",27 of 40,0.1,0.01,exponential (comparison),4.0,0.0,7.0,20160.0,4.424843911799904,0.048491440129314015,0.9516437513511428,reachable
"registered PoWit, single quorum ([P] validity rule, comparison)",27 of 40,0.1,0.01,exponential (comparison),4.0,0.0,30.0,86400.0,6.903653492868647,0.07565647663417695,0.9796110996276204,reachable
"registered PoWit, single quorum ([P] validity rule, comparison)",27 of 40,0.1,0.01,exponential (comparison),4.0,0.0,90.0,259200.0,6.999981747941834,0.07671212874456804,0.9807311495674925,reachable
"registered PoWit, single quorum ([P] validity rule, comparison)",27 of 40,0.1,0.01,exponential (comparison),4.0,0.0,365.0,1051200.0,7.0,0.07671232876712329,0.9807313620346972,reachable
"registered PoWit, single quorum ([P] validity rule, comparison)",27 of 40,0.1,0.01,exponential (comparison),4.0,0.1,3.0,8640.0,2.4399265972826107,0.027560839422275187,0.9311607471876269,reachable
"registered PoWit, single quorum ([P] validity rule, comparison)",27 of 40,0.1,0.01,exponential (comparison),4.0,0.1,7.0,20160.0,4.424843911799904,0.0504092483484921,0.9535657058403756,reachable
"registered PoWit, single quorum ([P] validity rule, comparison)",27 of 40,0.1,0.01,exponential (comparison),4.0,0.1,30.0,86400.0,6.903653492868647,0.08387565471636874,0.988399860804618,reachable
"registered PoWit, single quorum ([P] validity rule, comparison)",27 of 40,0.1,0.01,exponential (comparison),4.0,0.1,90.0,259200.0,6.999981747941834,0.10136966299114339,,not reachable
"registered PoWit, single quorum ([P] validity rule, comparison)",27 of 40,0.1,0.01,exponential (comparison),4.0,0.1,365.0,1051200.0,7.0,0.17671232876712328,,not reachable
"registered PoWit, single quorum ([P] validity rule, comparison)",27 of 40,0.1,0.01,exponential (comparison),4.0,0.25,3.0,8640.0,2.4399265972826107,0.028793716134603953,0.9323427889636264,reachable
"registered PoWit, single quorum ([P] validity rule, comparison)",27 of 40,0.1,0.01,exponential (comparison),4.0,0.25,7.0,20160.0,4.424843911799904,0.05328596067725922,0.9564632378387844,reachable
"registered PoWit, single quorum ([P] validity rule, comparison)",27 of 40,0.1,0.01,exponential (comparison),4.0,0.25,30.0,86400.0,6.903653492868647,0.0962044218396564,,not reachable
"registered PoWit, single quorum ([P] validity rule, comparison)",27 of 40,0.1,0.01,exponential (comparison),4.0,0.25,90.0,259200.0,6.999981747941834,0.13835596436100642,,not reachable
"registered PoWit, single quorum ([P] validity rule, comparison)",27 of 40,0.1,0.01,exponential (comparison),4.0,0.25,365.0,1051200.0,7.0,0.3267123287671233,,not reachable
"registered PoWit, single quorum ([P] validity rule, comparison)",27 of 40,0.2,0.01,Lomax (primary),1.0,0.0,3.0,8640.0,1.4701778718652965,0.004027884580452867,,not reachable
"registered PoWit, single quorum ([P] validity rule, comparison)",27 of 40,0.2,0.01,Lomax (primary),1.0,0.0,7.0,20160.0,2.1143819168358733,0.005792827169413352,,not reachable
"registered PoWit, single quorum ([P] validity rule, comparison)",27 of 40,0.2,0.01,Lomax (primary),1.0,0.0,30.0,86400.0,3.0,0.00821917808219178,,not reachable
"registered PoWit, single quorum ([P] validity rule, comparison)",27 of 40,0.2,0.01,Lomax (primary),1.0,0.0,90.0,259200.0,3.4102321753804112,0.009343101850357291,,not reachable
"registered PoWit, single quorum ([P] validity rule, comparison)",27 of 40,0.2,0.01,Lomax (primary),1.0,0.0,365.0,1051200.0,3.7047146117897753,0.010149903045999385,,not reachable
"registered PoWit, single quorum ([P] validity rule, comparison)",27 of 40,0.2,0.01,Lomax (primary),1.0,0.1,3.0,8640.0,1.4701778718652965,0.004849802388672045,,not reachable
"registered PoWit, single quorum ([P] validity rule, comparison)",27 of 40,0.2,0.01,Lomax (primary),1.0,0.1,7.0,20160.0,2.1143819168358733,0.007710635388591434,,not reachable
"registered PoWit, single quorum ([P] validity rule, comparison)",27 of 40,0.2,0.01,Lomax (primary),1.0,0.1,30.0,86400.0,3.0,0.01643835616438356,,not reachable
"registered PoWit, single quorum ([P] validity rule, comparison)",27 of 40,0.2,0.01,Lomax (primary),1.0,0.1,90.0,259200.0,3.4102321753804112,0.034000636096932636,,not reachable
"registered PoWit, single quorum ([P] validity rule, comparison)",27 of 40,0.2,0.01,Lomax (primary),1.0,0.1,365.0,1051200.0,3.7047146117897753,0.11014990304599938,,not reachable
"registered PoWit, single quorum ([P] validity rule, comparison)",27 of 40,0.2,0.01,Lomax (primary),1.0,0.25,3.0,8640.0,1.4701778718652965,0.0060826791010008124,,not reachable
"registered PoWit, single quorum ([P] validity rule, comparison)",27 of 40,0.2,0.01,Lomax (primary),1.0,0.25,7.0,20160.0,2.1143819168358733,0.010587347717358557,,not reachable
"registered PoWit, single quorum ([P] validity rule, comparison)",27 of 40,0.2,0.01,Lomax (primary),1.0,0.25,30.0,86400.0,3.0,0.028767123287671233,,not reachable
"registered PoWit, single quorum ([P] validity rule, comparison)",27 of 40,0.2,0.01,Lomax (primary),1.0,0.25,90.0,259200.0,3.4102321753804112,0.07098693746679564,,not reachable
"registered PoWit, single quorum ([P] validity rule, comparison)",27 of 40,0.2,0.01,Lomax (primary),1.0,0.25,365.0,1051200.0,3.7047146117897753,0.2601499030459994,,not reachable
"registered PoWit, single quorum ([P] validity rule, comparison)",27 of 40,0.2,0.01,Lomax (primary),4.0,0.0,3.0,8640.0,1.4701778718652965,0.016111538321811468,,not reachable
"registered PoWit, single quorum ([P] validity rule, comparison)",27 of 40,0.2,0.01,Lomax (primary),4.0,0.0,7.0,20160.0,2.1143819168358733,0.023171308677653407,,not reachable
"registered PoWit, single quorum ([P] validity rule, comparison)",27 of 40,0.2,0.01,Lomax (primary),4.0,0.0,30.0,86400.0,3.0,0.03287671232876712,,not reachable
"registered PoWit, single quorum ([P] validity rule, comparison)",27 of 40,0.2,0.01,Lomax (primary),4.0,0.0,90.0,259200.0,3.4102321753804112,0.037372407401429164,,not reachable
"registered PoWit, single quorum ([P] validity rule, comparison)",27 of 40,0.2,0.01,Lomax (primary),4.0,0.0,365.0,1051200.0,3.7047146117897753,0.04059961218399754,,not reachable
"registered PoWit, single quorum ([P] validity rule, comparison)",27 of 40,0.2,0.01,Lomax (primary),4.0,0.1,3.0,8640.0,1.4701778718652965,0.016933456130030645,,not reachable
"registered PoWit, single quorum ([P] validity rule, comparison)",27 of 40,0.2,0.01,Lomax (primary),4.0,0.1,7.0,20160.0,2.1143819168358733,0.025089116896831486,,not reachable
"registered PoWit, single quorum ([P] validity rule, comparison)",27 of 40,0.2,0.01,Lomax (primary),4.0,0.1,30.0,86400.0,3.0,0.0410958904109589,,not reachable
"registered PoWit, single quorum ([P] validity rule, comparison)",27 of 40,0.2,0.01,Lomax (primary),4.0,0.1,90.0,259200.0,3.4102321753804112,0.06202994164800451,,not reachable
"registered PoWit, single quorum ([P] validity rule, comparison)",27 of 40,0.2,0.01,Lomax (primary),4.0,0.1,365.0,1051200.0,3.7047146117897753,0.14059961218399752,,not reachable
"registered PoWit, single quorum ([P] validity rule, comparison)",27 of 40,0.2,0.01,Lomax (primary),4.0,0.25,3.0,8640.0,1.4701778718652965,0.01816633284235941,,not reachable
"registered PoWit, single quorum ([P] validity rule, comparison)",27 of 40,0.2,0.01,Lomax (primary),4.0,0.25,7.0,20160.0,2.1143819168358733,0.02796582922559861,,not reachable
"registered PoWit, single quorum ([P] validity rule, comparison)",27 of 40,0.2,0.01,Lomax (primary),4.0,0.25,30.0,86400.0,3.0,0.05342465753424658,,not reachable
"registered PoWit, single quorum ([P] validity rule, comparison)",27 of 40,0.2,0.01,Lomax (primary),4.0,0.25,90.0,259200.0,3.4102321753804112,0.09901624301786752,,not reachable
"registered PoWit, single quorum ([P] validity rule, comparison)",27 of 40,0.2,0.01,Lomax (primary),4.0,0.25,365.0,1051200.0,3.7047146117897753,0.29059961218399755,,not reachable
"registered PoWit, single quorum ([P] validity rule, comparison)",27 of 40,0.2,0.01,exponential (comparison),1.0,0.0,3.0,8640.0,2.4399265972826107,0.006684730403514002,,not reachable
"registered PoWit, single quorum ([P] validity rule, comparison)",27 of 40,0.2,0.01,exponential (comparison),1.0,0.0,7.0,20160.0,4.424843911799904,0.012122860032328504,,not reachable
"registered PoWit, single quorum ([P] validity rule, comparison)",27 of 40,0.2,0.01,exponential (comparison),1.0,0.0,30.0,86400.0,6.903653492868647,0.018914119158544237,,not reachable
"registered PoWit, single quorum ([P] validity rule, comparison)",27 of 40,0.2,0.01,exponential (comparison),1.0,0.0,90.0,259200.0,6.999981747941834,0.01917803218614201,,not reachable
"registered PoWit, single quorum ([P] validity rule, comparison)",27 of 40,0.2,0.01,exponential (comparison),1.0,0.0,365.0,1051200.0,7.0,0.019178082191780823,,not reachable
"registered PoWit, single quorum ([P] validity rule, comparison)",27 of 40,0.2,0.01,exponential (comparison),1.0,0.1,3.0,8640.0,2.4399265972826107,0.00750664821173318,,not reachable
"registered PoWit, single quorum ([P] validity rule, comparison)",27 of 40,0.2,0.01,exponential (comparison),1.0,0.1,7.0,20160.0,4.424843911799904,0.014040668251506587,,not reachable
"registered PoWit, single quorum ([P] validity rule, comparison)",27 of 40,0.2,0.01,exponential (comparison),1.0,0.1,30.0,86400.0,6.903653492868647,0.027133297240736015,,not reachable
"registered PoWit, single quorum ([P] validity rule, comparison)",27 of 40,0.2,0.01,exponential (comparison),1.0,0.1,90.0,259200.0,6.999981747941834,0.043835566432717354,,not reachable
"registered PoWit, single quorum ([P] validity rule, comparison)",27 of 40,0.2,0.01,exponential (comparison),1.0,0.1,365.0,1051200.0,7.0,0.11917808219178082,,not reachable
"registered PoWit, single quorum ([P] validity rule, comparison)",27 of 40,0.2,0.01,exponential (comparison),1.0,0.25,3.0,8640.0,2.4399265972826107,0.008739524924061947,,not reachable
"registered PoWit, single quorum ([P] validity rule, comparison)",27 of 40,0.2,0.01,exponential (comparison),1.0,0.25,7.0,20160.0,4.424843911799904,0.01691738058027371,,not reachable
"registered PoWit, single quorum ([P] validity rule, comparison)",27 of 40,0.2,0.01,exponential (comparison),1.0,0.25,30.0,86400.0,6.903653492868647,0.039462064364023684,,not reachable
"registered PoWit, single quorum ([P] validity rule, comparison)",27 of 40,0.2,0.01,exponential (comparison),1.0,0.25,90.0,259200.0,6.999981747941834,0.08082186780258037,,not reachable
"registered PoWit, single quorum ([P] validity rule, comparison)",27 of 40,0.2,0.01,exponential (comparison),1.0,0.25,365.0,1051200.0,7.0,0.2691780821917808,,not reachable
"registered PoWit, single quorum ([P] validity rule, comparison)",27 of 40,0.2,0.01,exponential (comparison),4.0,0.0,3.0,8640.0,2.4399265972826107,0.02673892161405601,,not reachable
"registered PoWit, single quorum ([P] validity rule, comparison)",27 of 40,0.2,0.01,exponential (comparison),4.0,0.0,7.0,20160.0,4.424843911799904,0.048491440129314015,,not reachable
"registered PoWit, single quorum ([P] validity rule, comparison)",27 of 40,0.2,0.01,exponential (comparison),4.0,0.0,30.0,86400.0,6.903653492868647,0.07565647663417695,,not reachable
"registered PoWit, single quorum ([P] validity rule, comparison)",27 of 40,0.2,0.01,exponential (comparison),4.0,0.0,90.0,259200.0,6.999981747941834,0.07671212874456804,,not reachable
"registered PoWit, single quorum ([P] validity rule, comparison)",27 of 40,0.2,0.01,exponential (comparison),4.0,0.0,365.0,1051200.0,7.0,0.07671232876712329,,not reachable
"registered PoWit, single quorum ([P] validity rule, comparison)",27 of 40,0.2,0.01,exponential (comparison),4.0,0.1,3.0,8640.0,2.4399265972826107,0.027560839422275187,,not reachable
"registered PoWit, single quorum ([P] validity rule, comparison)",27 of 40,0.2,0.01,exponential (comparison),4.0,0.1,7.0,20160.0,4.424843911799904,0.0504092483484921,,not reachable
"registered PoWit, single quorum ([P] validity rule, comparison)",27 of 40,0.2,0.01,exponential (comparison),4.0,0.1,30.0,86400.0,6.903653492868647,0.08387565471636874,,not reachable
"registered PoWit, single quorum ([P] validity rule, comparison)",27 of 40,0.2,0.01,exponential (comparison),4.0,0.1,90.0,259200.0,6.999981747941834,0.10136966299114339,,not reachable
"registered PoWit, single quorum ([P] validity rule, comparison)",27 of 40,0.2,0.01,exponential (comparison),4.0,0.1,365.0,1051200.0,7.0,0.17671232876712328,,not reachable
"registered PoWit, single quorum ([P] validity rule, comparison)",27 of 40,0.2,0.01,exponential (comparison),4.0,0.25,3.0,8640.0,2.4399265972826107,0.028793716134603953,,not reachable
"registered PoWit, single quorum ([P] validity rule, comparison)",27 of 40,0.2,0.01,exponential (comparison),4.0,0.25,7.0,20160.0,4.424843911799904,0.05328596067725922,,not reachable
"registered PoWit, single quorum ([P] validity rule, comparison)",27 of 40,0.2,0.01,exponential (comparison),4.0,0.25,30.0,86400.0,6.903653492868647,0.0962044218396564,,not reachable
"registered PoWit, single quorum ([P] validity rule, comparison)",27 of 40,0.2,0.01,exponential (comparison),4.0,0.25,90.0,259200.0,6.999981747941834,0.13835596436100642,,not reachable
"registered PoWit, single quorum ([P] validity rule, comparison)",27 of 40,0.2,0.01,exponential (comparison),4.0,0.25,365.0,1051200.0,7.0,0.3267123287671233,,not reachable
"registered PoWit, single quorum ([P] validity rule, comparison)",27 of 40,0.25,0.01,Lomax (primary),1.0,0.0,3.0,8640.0,1.4701778718652965,0.004027884580452867,,not reachable
"registered PoWit, single quorum ([P] validity rule, comparison)",27 of 40,0.25,0.01,Lomax (primary),1.0,0.0,7.0,20160.0,2.1143819168358733,0.005792827169413352,,not reachable
"registered PoWit, single quorum ([P] validity rule, comparison)",27 of 40,0.25,0.01,Lomax (primary),1.0,0.0,30.0,86400.0,3.0,0.00821917808219178,,not reachable
"registered PoWit, single quorum ([P] validity rule, comparison)",27 of 40,0.25,0.01,Lomax (primary),1.0,0.0,90.0,259200.0,3.4102321753804112,0.009343101850357291,,not reachable
"registered PoWit, single quorum ([P] validity rule, comparison)",27 of 40,0.25,0.01,Lomax (primary),1.0,0.0,365.0,1051200.0,3.7047146117897753,0.010149903045999385,,not reachable
"registered PoWit, single quorum ([P] validity rule, comparison)",27 of 40,0.25,0.01,Lomax (primary),1.0,0.1,3.0,8640.0,1.4701778718652965,0.004849802388672045,,not reachable
"registered PoWit, single quorum ([P] validity rule, comparison)",27 of 40,0.25,0.01,Lomax (primary),1.0,0.1,7.0,20160.0,2.1143819168358733,0.007710635388591434,,not reachable
"registered PoWit, single quorum ([P] validity rule, comparison)",27 of 40,0.25,0.01,Lomax (primary),1.0,0.1,30.0,86400.0,3.0,0.01643835616438356,,not reachable
"registered PoWit, single quorum ([P] validity rule, comparison)",27 of 40,0.25,0.01,Lomax (primary),1.0,0.1,90.0,259200.0,3.4102321753804112,0.034000636096932636,,not reachable
"registered PoWit, single quorum ([P] validity rule, comparison)",27 of 40,0.25,0.01,Lomax (primary),1.0,0.1,365.0,1051200.0,3.7047146117897753,0.11014990304599938,,not reachable
"registered PoWit, single quorum ([P] validity rule, comparison)",27 of 40,0.25,0.01,Lomax (primary),1.0,0.25,3.0,8640.0,1.4701778718652965,0.0060826791010008124,,not reachable
"registered PoWit, single quorum ([P] validity rule, comparison)",27 of 40,0.25,0.01,Lomax (primary),1.0,0.25,7.0,20160.0,2.1143819168358733,0.010587347717358557,,not reachable
"registered PoWit, single quorum ([P] validity rule, comparison)",27 of 40,0.25,0.01,Lomax (primary),1.0,0.25,30.0,86400.0,3.0,0.028767123287671233,,not reachable
"registered PoWit, single quorum ([P] validity rule, comparison)",27 of 40,0.25,0.01,Lomax (primary),1.0,0.25,90.0,259200.0,3.4102321753804112,0.07098693746679564,,not reachable
"registered PoWit, single quorum ([P] validity rule, comparison)",27 of 40,0.25,0.01,Lomax (primary),1.0,0.25,365.0,1051200.0,3.7047146117897753,0.2601499030459994,,not reachable
"registered PoWit, single quorum ([P] validity rule, comparison)",27 of 40,0.25,0.01,Lomax (primary),4.0,0.0,3.0,8640.0,1.4701778718652965,0.016111538321811468,,not reachable
"registered PoWit, single quorum ([P] validity rule, comparison)",27 of 40,0.25,0.01,Lomax (primary),4.0,0.0,7.0,20160.0,2.1143819168358733,0.023171308677653407,,not reachable
"registered PoWit, single quorum ([P] validity rule, comparison)",27 of 40,0.25,0.01,Lomax (primary),4.0,0.0,30.0,86400.0,3.0,0.03287671232876712,,not reachable
"registered PoWit, single quorum ([P] validity rule, comparison)",27 of 40,0.25,0.01,Lomax (primary),4.0,0.0,90.0,259200.0,3.4102321753804112,0.037372407401429164,,not reachable
"registered PoWit, single quorum ([P] validity rule, comparison)",27 of 40,0.25,0.01,Lomax (primary),4.0,0.0,365.0,1051200.0,3.7047146117897753,0.04059961218399754,,not reachable
"registered PoWit, single quorum ([P] validity rule, comparison)",27 of 40,0.25,0.01,Lomax (primary),4.0,0.1,3.0,8640.0,1.4701778718652965,0.016933456130030645,,not reachable
"registered PoWit, single quorum ([P] validity rule, comparison)",27 of 40,0.25,0.01,Lomax (primary),4.0,0.1,7.0,20160.0,2.1143819168358733,0.025089116896831486,,not reachable
"registered PoWit, single quorum ([P] validity rule, comparison)",27 of 40,0.25,0.01,Lomax (primary),4.0,0.1,30.0,86400.0,3.0,0.0410958904109589,,not reachable
"registered PoWit, single quorum ([P] validity rule, comparison)",27 of 40,0.25,0.01,Lomax (primary),4.0,0.1,90.0,259200.0,3.4102321753804112,0.06202994164800451,,not reachable
"registered PoWit, single quorum ([P] validity rule, comparison)",27 of 40,0.25,0.01,Lomax (primary),4.0,0.1,365.0,1051200.0,3.7047146117897753,0.14059961218399752,,not reachable
"registered PoWit, single quorum ([P] validity rule, comparison)",27 of 40,0.25,0.01,Lomax (primary),4.0,0.25,3.0,8640.0,1.4701778718652965,0.01816633284235941,,not reachable
"registered PoWit, single quorum ([P] validity rule, comparison)",27 of 40,0.25,0.01,Lomax (primary),4.0,0.25,7.0,20160.0,2.1143819168358733,0.02796582922559861,,not reachable
"registered PoWit, single quorum ([P] validity rule, comparison)",27 of 40,0.25,0.01,Lomax (primary),4.0,0.25,30.0,86400.0,3.0,0.05342465753424658,,not reachable
"registered PoWit, single quorum ([P] validity rule, comparison)",27 of 40,0.25,0.01,Lomax (primary),4.0,0.25,90.0,259200.0,3.4102321753804112,0.09901624301786752,,not reachable
"registered PoWit, single quorum ([P] validity rule, comparison)",27 of 40,0.25,0.01,Lomax (primary),4.0,0.25,365.0,1051200.0,3.7047146117897753,0.29059961218399755,,not reachable
"registered PoWit, single quorum ([P] validity rule, comparison)",27 of 40,0.25,0.01,exponential (comparison),1.0,0.0,3.0,8640.0,2.4399265972826107,0.006684730403514002,,not reachable
"registered PoWit, single quorum ([P] validity rule, comparison)",27 of 40,0.25,0.01,exponential (comparison),1.0,0.0,7.0,20160.0,4.424843911799904,0.012122860032328504,,not reachable
"registered PoWit, single quorum ([P] validity rule, comparison)",27 of 40,0.25,0.01,exponential (comparison),1.0,0.0,30.0,86400.0,6.903653492868647,0.018914119158544237,,not reachable
"registered PoWit, single quorum ([P] validity rule, comparison)",27 of 40,0.25,0.01,exponential (comparison),1.0,0.0,90.0,259200.0,6.999981747941834,0.01917803218614201,,not reachable
"registered PoWit, single quorum ([P] validity rule, comparison)",27 of 40,0.25,0.01,exponential (comparison),1.0,0.0,365.0,1051200.0,7.0,0.019178082191780823,,not reachable
"registered PoWit, single quorum ([P] validity rule, comparison)",27 of 40,0.25,0.01,exponential (comparison),1.0,0.1,3.0,8640.0,2.4399265972826107,0.00750664821173318,,not reachable
"registered PoWit, single quorum ([P] validity rule, comparison)",27 of 40,0.25,0.01,exponential (comparison),1.0,0.1,7.0,20160.0,4.424843911799904,0.014040668251506587,,not reachable
"registered PoWit, single quorum ([P] validity rule, comparison)",27 of 40,0.25,0.01,exponential (comparison),1.0,0.1,30.0,86400.0,6.903653492868647,0.027133297240736015,,not reachable
"registered PoWit, single quorum ([P] validity rule, comparison)",27 of 40,0.25,0.01,exponential (comparison),1.0,0.1,90.0,259200.0,6.999981747941834,0.043835566432717354,,not reachable
"registered PoWit, single quorum ([P] validity rule, comparison)",27 of 40,0.25,0.01,exponential (comparison),1.0,0.1,365.0,1051200.0,7.0,0.11917808219178082,,not reachable
"registered PoWit, single quorum ([P] validity rule, comparison)",27 of 40,0.25,0.01,exponential (comparison),1.0,0.25,3.0,8640.0,2.4399265972826107,0.008739524924061947,,not reachable
"registered PoWit, single quorum ([P] validity rule, comparison)",27 of 40,0.25,0.01,exponential (comparison),1.0,0.25,7.0,20160.0,4.424843911799904,0.01691738058027371,,not reachable
"registered PoWit, single quorum ([P] validity rule, comparison)",27 of 40,0.25,0.01,exponential (comparison),1.0,0.25,30.0,86400.0,6.903653492868647,0.039462064364023684,,not reachable
"registered PoWit, single quorum ([P] validity rule, comparison)",27 of 40,0.25,0.01,exponential (comparison),1.0,0.25,90.0,259200.0,6.999981747941834,0.08082186780258037,,not reachable
"registered PoWit, single quorum ([P] validity rule, comparison)",27 of 40,0.25,0.01,exponential (comparison),1.0,0.25,365.0,1051200.0,7.0,0.2691780821917808,,not reachable
"registered PoWit, single quorum ([P] validity rule, comparison)",27 of 40,0.25,0.01,exponential (comparison),4.0,0.0,3.0,8640.0,2.4399265972826107,0.02673892161405601,,not reachable
"registered PoWit, single quorum ([P] validity rule, comparison)",27 of 40,0.25,0.01,exponential (comparison),4.0,0.0,7.0,20160.0,4.424843911799904,0.048491440129314015,,not reachable
"registered PoWit, single quorum ([P] validity rule, comparison)",27 of 40,0.25,0.01,exponential (comparison),4.0,0.0,30.0,86400.0,6.903653492868647,0.07565647663417695,,not reachable
"registered PoWit, single quorum ([P] validity rule, comparison)",27 of 40,0.25,0.01,exponential (comparison),4.0,0.0,90.0,259200.0,6.999981747941834,0.07671212874456804,,not reachable
"registered PoWit, single quorum ([P] validity rule, comparison)",27 of 40,0.25,0.01,exponential (comparison),4.0,0.0,365.0,1051200.0,7.0,0.07671232876712329,,not reachable
"registered PoWit, single quorum ([P] validity rule, comparison)",27 of 40,0.25,0.01,exponential (comparison),4.0,0.1,3.0,8640.0,2.4399265972826107,0.027560839422275187,,not reachable
"registered PoWit, single quorum ([P] validity rule, comparison)",27 of 40,0.25,0.01,exponential (comparison),4.0,0.1,7.0,20160.0,4.424843911799904,0.0504092483484921,,not reachable
"registered PoWit, single quorum ([P] validity rule, comparison)",27 of 40,0.25,0.01,exponential (comparison),4.0,0.1,30.0,86400.0,6.903653492868647,0.08387565471636874,,not reachable
"registered PoWit, single quorum ([P] validity rule, comparison)",27 of 40,0.25,0.01,exponential (comparison),4.0,0.1,90.0,259200.0,6.999981747941834,0.10136966299114339,,not reachable
"registered PoWit, single quorum ([P] validity rule, comparison)",27 of 40,0.25,0.01,exponential (comparison),4.0,0.1,365.0,1051200.0,7.0,0.17671232876712328,,not reachable
"registered PoWit, single quorum ([P] validity rule, comparison)",27 of 40,0.25,0.01,exponential (comparison),4.0,0.25,3.0,8640.0,2.4399265972826107,0.028793716134603953,,not reachable
"registered PoWit, single quorum ([P] validity rule, comparison)",27 of 40,0.25,0.01,exponential (comparison),4.0,0.25,7.0,20160.0,4.424843911799904,0.05328596067725922,,not reachable
"registered PoWit, single quorum ([P] validity rule, comparison)",27 of 40,0.25,0.01,exponential (comparison),4.0,0.25,30.0,86400.0,6.903653492868647,0.0962044218396564,,not reachable
"registered PoWit, single quorum ([P] validity rule, comparison)",27 of 40,0.25,0.01,exponential (comparison),4.0,0.25,90.0,259200.0,6.999981747941834,0.13835596436100642,,not reachable
"registered PoWit, single quorum ([P] validity rule, comparison)",27 of 40,0.25,0.01,exponential (comparison),4.0,0.25,365.0,1051200.0,7.0,0.3267123287671233,,not reachable
"registered PoWit, single quorum ([P] validity rule, comparison)",27 of 40,0.33,0.01,Lomax (primary),1.0,0.0,3.0,8640.0,1.4701778718652965,0.004027884580452867,,not reachable
"registered PoWit, single quorum ([P] validity rule, comparison)",27 of 40,0.33,0.01,Lomax (primary),1.0,0.0,7.0,20160.0,2.1143819168358733,0.005792827169413352,,not reachable
"registered PoWit, single quorum ([P] validity rule, comparison)",27 of 40,0.33,0.01,Lomax (primary),1.0,0.0,30.0,86400.0,3.0,0.00821917808219178,,not reachable
"registered PoWit, single quorum ([P] validity rule, comparison)",27 of 40,0.33,0.01,Lomax (primary),1.0,0.0,90.0,259200.0,3.4102321753804112,0.009343101850357291,,not reachable
"registered PoWit, single quorum ([P] validity rule, comparison)",27 of 40,0.33,0.01,Lomax (primary),1.0,0.0,365.0,1051200.0,3.7047146117897753,0.010149903045999385,,not reachable
"registered PoWit, single quorum ([P] validity rule, comparison)",27 of 40,0.33,0.01,Lomax (primary),1.0,0.1,3.0,8640.0,1.4701778718652965,0.004849802388672045,,not reachable
"registered PoWit, single quorum ([P] validity rule, comparison)",27 of 40,0.33,0.01,Lomax (primary),1.0,0.1,7.0,20160.0,2.1143819168358733,0.007710635388591434,,not reachable
"registered PoWit, single quorum ([P] validity rule, comparison)",27 of 40,0.33,0.01,Lomax (primary),1.0,0.1,30.0,86400.0,3.0,0.01643835616438356,,not reachable
"registered PoWit, single quorum ([P] validity rule, comparison)",27 of 40,0.33,0.01,Lomax (primary),1.0,0.1,90.0,259200.0,3.4102321753804112,0.034000636096932636,,not reachable
"registered PoWit, single quorum ([P] validity rule, comparison)",27 of 40,0.33,0.01,Lomax (primary),1.0,0.1,365.0,1051200.0,3.7047146117897753,0.11014990304599938,,not reachable
"registered PoWit, single quorum ([P] validity rule, comparison)",27 of 40,0.33,0.01,Lomax (primary),1.0,0.25,3.0,8640.0,1.4701778718652965,0.0060826791010008124,,not reachable
"registered PoWit, single quorum ([P] validity rule, comparison)",27 of 40,0.33,0.01,Lomax (primary),1.0,0.25,7.0,20160.0,2.1143819168358733,0.010587347717358557,,not reachable
"registered PoWit, single quorum ([P] validity rule, comparison)",27 of 40,0.33,0.01,Lomax (primary),1.0,0.25,30.0,86400.0,3.0,0.028767123287671233,,not reachable
"registered PoWit, single quorum ([P] validity rule, comparison)",27 of 40,0.33,0.01,Lomax (primary),1.0,0.25,90.0,259200.0,3.4102321753804112,0.07098693746679564,,not reachable
"registered PoWit, single quorum ([P] validity rule, comparison)",27 of 40,0.33,0.01,Lomax (primary),1.0,0.25,365.0,1051200.0,3.7047146117897753,0.2601499030459994,,not reachable
"registered PoWit, single quorum ([P] validity rule, comparison)",27 of 40,0.33,0.01,Lomax (primary),4.0,0.0,3.0,8640.0,1.4701778718652965,0.016111538321811468,,not reachable
"registered PoWit, single quorum ([P] validity rule, comparison)",27 of 40,0.33,0.01,Lomax (primary),4.0,0.0,7.0,20160.0,2.1143819168358733,0.023171308677653407,,not reachable
"registered PoWit, single quorum ([P] validity rule, comparison)",27 of 40,0.33,0.01,Lomax (primary),4.0,0.0,30.0,86400.0,3.0,0.03287671232876712,,not reachable
"registered PoWit, single quorum ([P] validity rule, comparison)",27 of 40,0.33,0.01,Lomax (primary),4.0,0.0,90.0,259200.0,3.4102321753804112,0.037372407401429164,,not reachable
"registered PoWit, single quorum ([P] validity rule, comparison)",27 of 40,0.33,0.01,Lomax (primary),4.0,0.0,365.0,1051200.0,3.7047146117897753,0.04059961218399754,,not reachable
"registered PoWit, single quorum ([P] validity rule, comparison)",27 of 40,0.33,0.01,Lomax (primary),4.0,0.1,3.0,8640.0,1.4701778718652965,0.016933456130030645,,not reachable
"registered PoWit, single quorum ([P] validity rule, comparison)",27 of 40,0.33,0.01,Lomax (primary),4.0,0.1,7.0,20160.0,2.1143819168358733,0.025089116896831486,,not reachable
"registered PoWit, single quorum ([P] validity rule, comparison)",27 of 40,0.33,0.01,Lomax (primary),4.0,0.1,30.0,86400.0,3.0,0.0410958904109589,,not reachable
"registered PoWit, single quorum ([P] validity rule, comparison)",27 of 40,0.33,0.01,Lomax (primary),4.0,0.1,90.0,259200.0,3.4102321753804112,0.06202994164800451,,not reachable
"registered PoWit, single quorum ([P] validity rule, comparison)",27 of 40,0.33,0.01,Lomax (primary),4.0,0.1,365.0,1051200.0,3.7047146117897753,0.14059961218399752,,not reachable
"registered PoWit, single quorum ([P] validity rule, comparison)",27 of 40,0.33,0.01,Lomax (primary),4.0,0.25,3.0,8640.0,1.4701778718652965,0.01816633284235941,,not reachable
"registered PoWit, single quorum ([P] validity rule, comparison)",27 of 40,0.33,0.01,Lomax (primary),4.0,0.25,7.0,20160.0,2.1143819168358733,0.02796582922559861,,not reachable
"registered PoWit, single quorum ([P] validity rule, comparison)",27 of 40,0.33,0.01,Lomax (primary),4.0,0.25,30.0,86400.0,3.0,0.05342465753424658,,not reachable
"registered PoWit, single quorum ([P] validity rule, comparison)",27 of 40,0.33,0.01,Lomax (primary),4.0,0.25,90.0,259200.0,3.4102321753804112,0.09901624301786752,,not reachable
"registered PoWit, single quorum ([P] validity rule, comparison)",27 of 40,0.33,0.01,Lomax (primary),4.0,0.25,365.0,1051200.0,3.7047146117897753,0.29059961218399755,,not reachable
"registered PoWit, single quorum ([P] validity rule, comparison)",27 of 40,0.33,0.01,exponential (comparison),1.0,0.0,3.0,8640.0,2.4399265972826107,0.006684730403514002,,not reachable
"registered PoWit, single quorum ([P] validity rule, comparison)",27 of 40,0.33,0.01,exponential (comparison),1.0,0.0,7.0,20160.0,4.424843911799904,0.012122860032328504,,not reachable
"registered PoWit, single quorum ([P] validity rule, comparison)",27 of 40,0.33,0.01,exponential (comparison),1.0,0.0,30.0,86400.0,6.903653492868647,0.018914119158544237,,not reachable
"registered PoWit, single quorum ([P] validity rule, comparison)",27 of 40,0.33,0.01,exponential (comparison),1.0,0.0,90.0,259200.0,6.999981747941834,0.01917803218614201,,not reachable
"registered PoWit, single quorum ([P] validity rule, comparison)",27 of 40,0.33,0.01,exponential (comparison),1.0,0.0,365.0,1051200.0,7.0,0.019178082191780823,,not reachable
"registered PoWit, single quorum ([P] validity rule, comparison)",27 of 40,0.33,0.01,exponential (comparison),1.0,0.1,3.0,8640.0,2.4399265972826107,0.00750664821173318,,not reachable
"registered PoWit, single quorum ([P] validity rule, comparison)",27 of 40,0.33,0.01,exponential (comparison),1.0,0.1,7.0,20160.0,4.424843911799904,0.014040668251506587,,not reachable
"registered PoWit, single quorum ([P] validity rule, comparison)",27 of 40,0.33,0.01,exponential (comparison),1.0,0.1,30.0,86400.0,6.903653492868647,0.027133297240736015,,not reachable
"registered PoWit, single quorum ([P] validity rule, comparison)",27 of 40,0.33,0.01,exponential (comparison),1.0,0.1,90.0,259200.0,6.999981747941834,0.043835566432717354,,not reachable
"registered PoWit, single quorum ([P] validity rule, comparison)",27 of 40,0.33,0.01,exponential (comparison),1.0,0.1,365.0,1051200.0,7.0,0.11917808219178082,,not reachable
"registered PoWit, single quorum ([P] validity rule, comparison)",27 of 40,0.33,0.01,exponential (comparison),1.0,0.25,3.0,8640.0,2.4399265972826107,0.008739524924061947,,not reachable
"registered PoWit, single quorum ([P] validity rule, comparison)",27 of 40,0.33,0.01,exponential (comparison),1.0,0.25,7.0,20160.0,4.424843911799904,0.01691738058027371,,not reachable
"registered PoWit, single quorum ([P] validity rule, comparison)",27 of 40,0.33,0.01,exponential (comparison),1.0,0.25,30.0,86400.0,6.903653492868647,0.039462064364023684,,not reachable
"registered PoWit, single quorum ([P] validity rule, comparison)",27 of 40,0.33,0.01,exponential (comparison),1.0,0.25,90.0,259200.0,6.999981747941834,0.08082186780258037,,not reachable
"registered PoWit, single quorum ([P] validity rule, comparison)",27 of 40,0.33,0.01,exponential (comparison),1.0,0.25,365.0,1051200.0,7.0,0.2691780821917808,,not reachable
"registered PoWit, single quorum ([P] validity rule, comparison)",27 of 40,0.33,0.01,exponential (comparison),4.0,0.0,3.0,8640.0,2.4399265972826107,0.02673892161405601,,not reachable
"registered PoWit, single quorum ([P] validity rule, comparison)",27 of 40,0.33,0.01,exponential (comparison),4.0,0.0,7.0,20160.0,4.424843911799904,0.048491440129314015,,not reachable
"registered PoWit, single quorum ([P] validity rule, comparison)",27 of 40,0.33,0.01,exponential (comparison),4.0,0.0,30.0,86400.0,6.903653492868647,0.07565647663417695,,not reachable
"registered PoWit, single quorum ([P] validity rule, comparison)",27 of 40,0.33,0.01,exponential (comparison),4.0,0.0,90.0,259200.0,6.999981747941834,0.07671212874456804,,not reachable
"registered PoWit, single quorum ([P] validity rule, comparison)",27 of 40,0.33,0.01,exponential (comparison),4.0,0.0,365.0,1051200.0,7.0,0.07671232876712329,,not reachable
"registered PoWit, single quorum ([P] validity rule, comparison)",27 of 40,0.33,0.01,exponential (comparison),4.0,0.1,3.0,8640.0,2.4399265972826107,0.027560839422275187,,not reachable
"registered PoWit, single quorum ([P] validity rule, comparison)",27 of 40,0.33,0.01,exponential (comparison),4.0,0.1,7.0,20160.0,4.424843911799904,0.0504092483484921,,not reachable
"registered PoWit, single quorum ([P] validity rule, comparison)",27 of 40,0.33,0.01,exponential (comparison),4.0,0.1,30.0,86400.0,6.903653492868647,0.08387565471636874,,not reachable
"registered PoWit, single quorum ([P] validity rule, comparison)",27 of 40,0.33,0.01,exponential (comparison),4.0,0.1,90.0,259200.0,6.999981747941834,0.10136966299114339,,not reachable
"registered PoWit, single quorum ([P] validity rule, comparison)",27 of 40,0.33,0.01,exponential (comparison),4.0,0.1,365.0,1051200.0,7.0,0.17671232876712328,,not reachable
"registered PoWit, single quorum ([P] validity rule, comparison)",27 of 40,0.33,0.01,exponential (comparison),4.0,0.25,3.0,8640.0,2.4399265972826107,0.028793716134603953,,not reachable
"registered PoWit, single quorum ([P] validity rule, comparison)",27 of 40,0.33,0.01,exponential (comparison),4.0,0.25,7.0,20160.0,4.424843911799904,0.05328596067725922,,not reachable
"registered PoWit, single quorum ([P] validity rule, comparison)",27 of 40,0.33,0.01,exponential (comparison),4.0,0.25,30.0,86400.0,6.903653492868647,0.0962044218396564,,not reachable
"registered PoWit, single quorum ([P] validity rule, comparison)",27 of 40,0.33,0.01,exponential (comparison),4.0,0.25,90.0,259200.0,6.999981747941834,0.13835596436100642,,not reachable
"registered PoWit, single quorum ([P] validity rule, comparison)",27 of 40,0.33,0.01,exponential (comparison),4.0,0.25,365.0,1051200.0,7.0,0.3267123287671233,,not reachable
"registered PoWit, single quorum ([P] validity rule, comparison)",27 of 40,0.0,0.001,Lomax (primary),1.0,0.0,3.0,8640.0,1.4701778718652965,0.004027884580452867,0.8584784770144697,reachable
"registered PoWit, single quorum ([P] validity rule, comparison)",27 of 40,0.0,0.001,Lomax (primary),1.0,0.0,7.0,20160.0,2.1143819168358733,0.005792827169413352,0.8600024704709592,reachable
"registered PoWit, single quorum ([P] validity rule, comparison)",27 of 40,0.0,0.001,Lomax (primary),1.0,0.0,30.0,86400.0,3.0,0.00821917808219178,0.8621064310770777,reachable
"registered PoWit, single quorum ([P] validity rule, comparison)",27 of 40,0.0,0.001,Lomax (primary),1.0,0.0,90.0,259200.0,3.4102321753804112,0.009343101850357291,0.8630845112886885,reachable
"registered PoWit, single quorum ([P] validity rule, comparison)",27 of 40,0.0,0.001,Lomax (primary),1.0,0.0,365.0,1051200.0,3.7047146117897753,0.010149903045999385,0.8637879891362845,reachable
"registered PoWit, single quorum ([P] validity rule, comparison)",27 of 40,0.0,0.001,Lomax (primary),1.0,0.1,3.0,8640.0,1.4701778718652965,0.004849802388672045,0.8591875144541695,reachable
"registered PoWit, single quorum ([P] validity rule, comparison)",27 of 40,0.0,0.001,Lomax (primary),1.0,0.1,7.0,20160.0,2.1143819168358733,0.007710635388591434,0.8616646064014682,reachable
"registered PoWit, single quorum ([P] validity rule, comparison)",27 of 40,0.0,0.001,Lomax (primary),1.0,0.1,30.0,86400.0,3.0,0.01643835616438356,0.8693106630916495,reachable
"registered PoWit, single quorum ([P] validity rule, comparison)",27 of 40,0.0,0.001,Lomax (primary),1.0,0.1,90.0,259200.0,3.4102321753804112,0.034000636096932636,0.8851151012559558,reachable
"registered PoWit, single quorum ([P] validity rule, comparison)",27 of 40,0.0,0.001,Lomax (primary),1.0,0.1,365.0,1051200.0,3.7047146117897753,0.11014990304599938,0.9608591691128976,reachable
"registered PoWit, single quorum ([P] validity rule, comparison)",27 of 40,0.0,0.001,Lomax (primary),1.0,0.25,3.0,8640.0,1.4701778718652965,0.0060826791010008124,0.8602532693774624,reachable
"registered PoWit, single quorum ([P] validity rule, comparison)",27 of 40,0.0,0.001,Lomax (primary),1.0,0.25,7.0,20160.0,2.1143819168358733,0.010587347717358557,0.8641698919269554,reachable
"registered PoWit, single quorum ([P] validity rule, comparison)",27 of 40,0.0,0.001,Lomax (primary),1.0,0.25,30.0,86400.0,3.0,0.028767123287671233,0.8803456362479609,reachable
"registered PoWit, single quorum ([P] validity rule, comparison)",27 of 40,0.0,0.001,Lomax (primary),1.0,0.25,90.0,259200.0,3.4102321753804112,0.07098693746679564,0.9203537165158996,reachable
"registered PoWit, single quorum ([P] validity rule, comparison)",27 of 40,0.0,0.001,Lomax (primary),1.0,0.25,365.0,1051200.0,3.7047146117897753,0.2601499030459994,,not reachable
"registered PoWit, single quorum ([P] validity rule, comparison)",27 of 40,0.0,0.001,Lomax (primary),4.0,0.0,3.0,8640.0,1.4701778718652965,0.016111538321811468,0.8690219045112795,reachable
"registered PoWit, single quorum ([P] validity rule, comparison)",27 of 40,0.0,0.001,Lomax (primary),4.0,0.0,7.0,20160.0,2.1143819168358733,0.023171308677653407,0.8753025299009175,reachable
"registered PoWit, single quorum ([P] validity rule, comparison)",27 of 40,0.0,0.001,Lomax (primary),4.0,0.0,30.0,86400.0,3.0,0.03287671232876712,0.884086481727768,reachable
"registered PoWit, single quorum ([P] validity rule, comparison)",27 of 40,0.0,0.001,Lomax (primary),4.0,0.0,90.0,259200.0,3.4102321753804112,0.037372407401429164,0.8882153715188674,reachable
"registered PoWit, single quorum ([P] validity rule, comparison)",27 of 40,0.0,0.001,Lomax (primary),4.0,0.0,365.0,1051200.0,3.7047146117897753,0.04059961218399754,0.8912031260907012,reachable
"registered PoWit, single quorum ([P] validity rule, comparison)",27 of 40,0.0,0.001,Lomax (primary),4.0,0.1,3.0,8640.0,1.4701778718652965,0.016933456130030645,0.8697484723957266,reachable
"registered PoWit, single quorum ([P] validity rule, comparison)",27 of 40,0.0,0.001,Lomax (primary),4.0,0.1,7.0,20160.0,2.1143819168358733,0.025089116896831486,0.8770243922938863,reachable
"registered PoWit, single quorum ([P] validity rule, comparison)",27 of 40,0.0,0.001,Lomax (primary),4.0,0.1,30.0,86400.0,3.0,0.0410958904109589,0.8916643658568633,reachable
"registered PoWit, single quorum ([P] validity rule, comparison)",27 of 40,0.0,0.001,Lomax (primary),4.0,0.1,90.0,259200.0,3.4102321753804112,0.06202994164800451,0.9115649451502914,reachable
"registered PoWit, single quorum ([P] validity rule, comparison)",27 of 40,0.0,0.001,Lomax (primary),4.0,0.1,365.0,1051200.0,3.7047146117897753,0.14059961218399752,0.9949036990396521,reachable
"registered PoWit, single quorum ([P] validity rule, comparison)",27 of 40,0.0,0.001,Lomax (primary),4.0,0.25,3.0,8640.0,1.4701778718652965,0.01816633284235941,0.8708406050787547,reachable
"registered PoWit, single quorum ([P] validity rule, comparison)",27 of 40,0.0,0.001,Lomax (primary),4.0,0.25,7.0,20160.0,2.1143819168358733,0.02796582922559861,0.8796199254117513,reachable
"registered PoWit, single quorum ([P] validity rule, comparison)",27 of 40,0.0,0.001,Lomax (primary),4.0,0.25,30.0,86400.0,3.0,0.05342465753424658,0.9032779393629584,reachable
"registered PoWit, single quorum ([P] validity rule, comparison)",27 of 40,0.0,0.001,Lomax (primary),4.0,0.25,90.0,259200.0,3.4102321753804112,0.09901624301786752,0.9489856150771966,reachable
"registered PoWit, single quorum ([P] validity rule, comparison)",27 of 40,0.0,0.001,Lomax (primary),4.0,0.25,365.0,1051200.0,3.7047146117897753,0.29059961218399755,,not reachable
"registered PoWit, single quorum ([P] validity rule, comparison)",27 of 40,0.0,0.001,exponential (comparison),1.0,0.0,3.0,8640.0,2.4399265972826107,0.006684730403514002,0.8607746714108071,reachable
"registered PoWit, single quorum ([P] validity rule, comparison)",27 of 40,0.0,0.001,exponential (comparison),1.0,0.0,7.0,20160.0,4.424843911799904,0.012122860032328504,0.8655131191943901,reachable
"registered PoWit, single quorum ([P] validity rule, comparison)",27 of 40,0.0,0.001,exponential (comparison),1.0,0.0,30.0,86400.0,6.903653492868647,0.018914119158544237,0.8715043621470937,reachable
"registered PoWit, single quorum ([P] validity rule, comparison)",27 of 40,0.0,0.001,exponential (comparison),1.0,0.0,90.0,259200.0,6.999981747941834,0.01917803218614201,0.871738860723111,reachable
"registered PoWit, single quorum ([P] validity rule, comparison)",27 of 40,0.0,0.001,exponential (comparison),1.0,0.0,365.0,1051200.0,7.0,0.019178082191780823,0.8717389051673244,reachable
"registered PoWit, single quorum ([P] validity rule, comparison)",27 of 40,0.0,0.001,exponential (comparison),1.0,0.1,3.0,8640.0,2.4399265972826107,0.00750664821173318,0.8614875084590571,reachable
"registered PoWit, single quorum ([P] validity rule, comparison)",27 of 40,0.0,0.001,exponential (comparison),1.0,0.1,7.0,20160.0,4.424843911799904,0.014040668251506587,0.8671966451983013,reachable
"registered PoWit, single quorum ([P] validity rule, comparison)",27 of 40,0.0,0.001,exponential (comparison),1.0,0.1,30.0,86400.0,6.903653492868647,0.027133297240736015,0.8788671894815866,reachable
"registered PoWit, single quorum ([P] validity rule, comparison)",27 of 40,0.0,0.001,exponential (comparison),1.0,0.1,90.0,259200.0,6.999981747941834,0.043835566432717354,0.8942192313139276,reachable
"registered PoWit, single quorum ([P] validity rule, comparison)",27 of 40,0.0,0.001,exponential (comparison),1.0,0.1,365.0,1051200.0,7.0,0.11917808219178082,0.9707077077757454,reachable
"registered PoWit, single quorum ([P] validity rule, comparison)",27 of 40,0.0,0.001,exponential (comparison),1.0,0.25,3.0,8640.0,2.4399265972826107,0.008739524924061947,0.8625589805028304,reachable
"registered PoWit, single quorum ([P] validity rule, comparison)",27 of 40,0.0,0.001,exponential (comparison),1.0,0.25,7.0,20160.0,4.424843911799904,0.01691738058027371,0.8697342501070117,reachable
"registered PoWit, single quorum ([P] validity rule, comparison)",27 of 40,0.0,0.001,exponential (comparison),1.0,0.25,30.0,86400.0,6.903653492868647,0.039462064364023684,0.89014769023999,reachable
"registered PoWit, single quorum ([P] validity rule, comparison)",27 of 40,0.0,0.001,exponential (comparison),1.0,0.25,90.0,259200.0,6.999981747941834,0.08082186780258037,0.9302012252513123,reachable
"registered PoWit, single quorum ([P] validity rule, comparison)",27 of 40,0.0,0.001,exponential (comparison),1.0,0.25,365.0,1051200.0,7.0,0.2691780821917808,,not reachable
"registered PoWit, single quorum ([P] validity rule, comparison)",27 of 40,0.0,0.001,exponential (comparison),4.0,0.0,3.0,8640.0,2.4399265972826107,0.02673892161405601,0.8785110632516184,reachable
"registered PoWit, single quorum ([P] validity rule, comparison)",27 of 40,0.0,0.001,exponential (comparison),4.0,0.0,7.0,20160.0,4.424843911799904,0.048491440129314015,0.8985947797573711,reachable
"registered PoWit, single quorum ([P] validity rule, comparison)",27 of 40,0.0,0.001,exponential (comparison),4.0,0.0,30.0,86400.0,6.903653492868647,0.07565647663417695,0.9250031002336184,reachable
"registered PoWit, single quorum ([P] validity rule, comparison)",27 of 40,0.0,0.001,exponential (comparison),4.0,0.0,90.0,259200.0,6.999981747941834,0.07671212874456804,0.9260607134713534,reachable
"registered PoWit, single quorum ([P] validity rule, comparison)",27 of 40,0.0,0.001,exponential (comparison),4.0,0.0,365.0,1051200.0,7.0,0.07671232876712329,0.9260609140946652,reachable
"registered PoWit, single quorum ([P] validity rule, comparison)",27 of 40,0.0,0.001,exponential (comparison),4.0,0.1,3.0,8640.0,2.4399265972826107,0.027560839422275187,0.8792535918507085,reachable
"registered PoWit, single quorum ([P] validity rule, comparison)",27 of 40,0.0,0.001,exponential (comparison),4.0,0.1,7.0,20160.0,4.424843911799904,0.0504092483484921,0.9004095957202816,reachable
"registered PoWit, single quorum ([P] validity rule, comparison)",27 of 40,0.0,0.001,exponential (comparison),4.0,0.1,30.0,86400.0,6.903653492868647,0.08387565471636874,0.9333019356990658,reachable
"registered PoWit, single quorum ([P] validity rule, comparison)",27 of 40,0.0,0.001,exponential (comparison),4.0,0.1,90.0,259200.0,6.999981747941834,0.10136966299114339,0.9514709103191846,reachable
"registered PoWit, single quorum ([P] validity rule, comparison)",27 of 40,0.0,0.001,exponential (comparison),4.0,0.1,365.0,1051200.0,7.0,0.17671232876712328,,not reachable
"registered PoWit, single quorum ([P] validity rule, comparison)",27 of 40,0.0,0.001,exponential (comparison),4.0,0.25,3.0,8640.0,2.4399265972826107,0.028793716134603953,0.8803697412163302,reachable
"registered PoWit, single quorum ([P] validity rule, comparison)",27 of 40,0.0,0.001,exponential (comparison),4.0,0.25,7.0,20160.0,4.424843911799904,0.05328596067725922,0.9031456060437385,reachable
"registered PoWit, single quorum ([P] validity rule, comparison)",27 of 40,0.0,0.001,exponential (comparison),4.0,0.25,30.0,86400.0,6.903653492868647,0.0962044218396564,0.9460332020373772,reachable
"registered PoWit, single quorum ([P] validity rule, comparison)",27 of 40,0.0,0.001,exponential (comparison),4.0,0.25,90.0,259200.0,6.999981747941834,0.13835596436100642,0.9923130543811758,reachable
"registered PoWit, single quorum ([P] validity rule, comparison)",27 of 40,0.0,0.001,exponential (comparison),4.0,0.25,365.0,1051200.0,7.0,0.3267123287671233,,not reachable
"registered PoWit, single quorum ([P] validity rule, comparison)",27 of 40,0.1,0.001,Lomax (primary),1.0,0.0,3.0,8640.0,1.4701778718652965,0.004027884580452867,0.9538649744605219,reachable
"registered PoWit, single quorum ([P] validity rule, comparison)",27 of 40,0.1,0.001,Lomax (primary),1.0,0.0,7.0,20160.0,2.1143819168358733,0.005792827169413352,0.955558300523288,reachable
"registered PoWit, single quorum ([P] validity rule, comparison)",27 of 40,0.1,0.001,Lomax (primary),1.0,0.0,30.0,86400.0,3.0,0.00821917808219178,0.9578960345300863,reachable
"registered PoWit, single quorum ([P] validity rule, comparison)",27 of 40,0.1,0.001,Lomax (primary),1.0,0.0,90.0,259200.0,3.4102321753804112,0.009343101850357291,0.9589827903207649,reachable
"registered PoWit, single quorum ([P] validity rule, comparison)",27 of 40,0.1,0.001,Lomax (primary),1.0,0.0,365.0,1051200.0,3.7047146117897753,0.010149903045999385,0.9597644323736494,reachable
"registered PoWit, single quorum ([P] validity rule, comparison)",27 of 40,0.1,0.001,Lomax (primary),1.0,0.1,3.0,8640.0,1.4701778718652965,0.004849802388672045,0.9546527938379661,reachable
"registered PoWit, single quorum ([P] validity rule, comparison)",27 of 40,0.1,0.001,Lomax (primary),1.0,0.1,7.0,20160.0,2.1143819168358733,0.007710635388591434,0.9574051182238537,reachable
"registered PoWit, single quorum ([P] validity rule, comparison)",27 of 40,0.1,0.001,Lomax (primary),1.0,0.1,30.0,86400.0,3.0,0.01643835616438356,0.9659007367684994,reachable
"registered PoWit, single quorum ([P] validity rule, comparison)",27 of 40,0.1,0.001,Lomax (primary),1.0,0.1,90.0,259200.0,3.4102321753804112,0.034000636096932636,0.9834612236177287,reachable
"registered PoWit, single quorum ([P] validity rule, comparison)",27 of 40,0.1,0.001,Lomax (primary),1.0,0.1,365.0,1051200.0,3.7047146117897753,0.11014990304599938,,not reachable
"registered PoWit, single quorum ([P] validity rule, comparison)",27 of 40,0.1,0.001,Lomax (primary),1.0,0.25,3.0,8640.0,1.4701778718652965,0.0060826791010008124,0.9558369659749582,reachable
"registered PoWit, single quorum ([P] validity rule, comparison)",27 of 40,0.1,0.001,Lomax (primary),1.0,0.25,7.0,20160.0,2.1143819168358733,0.010587347717358557,0.9601887688077281,reachable
"registered PoWit, single quorum ([P] validity rule, comparison)",27 of 40,0.1,0.001,Lomax (primary),1.0,0.25,30.0,86400.0,3.0,0.028767123287671233,0.9781618180532899,reachable
"registered PoWit, single quorum ([P] validity rule, comparison)",27 of 40,0.1,0.001,Lomax (primary),1.0,0.25,90.0,259200.0,3.4102321753804112,0.07098693746679564,,not reachable
"registered PoWit, single quorum ([P] validity rule, comparison)",27 of 40,0.1,0.001,Lomax (primary),1.0,0.25,365.0,1051200.0,3.7047146117897753,0.2601499030459994,,not reachable
"registered PoWit, single quorum ([P] validity rule, comparison)",27 of 40,0.1,0.001,Lomax (primary),4.0,0.0,3.0,8640.0,1.4701778718652965,0.016111538321811468,0.9655798939014216,reachable
"registered PoWit, single quorum ([P] validity rule, comparison)",27 of 40,0.1,0.001,Lomax (primary),4.0,0.0,7.0,20160.0,2.1143819168358733,0.023171308677653407,0.972558366556575,reachable
"registered PoWit, single quorum ([P] validity rule, comparison)",27 of 40,0.1,0.001,Lomax (primary),4.0,0.0,30.0,86400.0,3.0,0.03287671232876712,0.9823183130308535,reachable
"registered PoWit, single quorum ([P] validity rule, comparison)",27 of 40,0.1,0.001,Lomax (primary),4.0,0.0,90.0,259200.0,3.4102321753804112,0.037372407401429164,0.986905968354297,reachable
"registered PoWit, single quorum ([P] validity rule, comparison)",27 of 40,0.1,0.001,Lomax (primary),4.0,0.0,365.0,1051200.0,3.7047146117897753,0.04059961218399754,0.9902256956563346,reachable
"registered PoWit, single quorum ([P] validity rule, comparison)",27 of 40,0.1,0.001,Lomax (primary),4.0,0.1,3.0,8640.0,1.4701778718652965,0.016933456130030645,0.9663871915508073,reachable
"registered PoWit, single quorum ([P] validity rule, comparison)",27 of 40,0.1,0.001,Lomax (primary),4.0,0.1,7.0,20160.0,2.1143819168358733,0.025089116896831486,0.974471546993207,reachable
"registered PoWit, single quorum ([P] validity rule, comparison)",27 of 40,0.1,0.001,Lomax (primary),4.0,0.1,30.0,86400.0,3.0,0.0410958904109589,0.9907381842854035,reachable
"registered PoWit, single quorum ([P] validity rule, comparison)",27 of 40,0.1,0.001,Lomax (primary),4.0,0.1,90.0,259200.0,3.4102321753804112,0.06202994164800451,,not reachable
"registered PoWit, single quorum ([P] validity rule, comparison)",27 of 40,0.1,0.001,Lomax (primary),4.0,0.1,365.0,1051200.0,3.7047146117897753,0.14059961218399752,,not reachable
"registered PoWit, single quorum ([P] validity rule, comparison)",27 of 40,0.1,0.001,Lomax (primary),4.0,0.25,3.0,8640.0,1.4701778718652965,0.01816633284235941,0.9676006723097273,reachable
"registered PoWit, single quorum ([P] validity rule, comparison)",27 of 40,0.1,0.001,Lomax (primary),4.0,0.25,7.0,20160.0,2.1143819168358733,0.02796582922559861,0.9773554726797236,reachable
"registered PoWit, single quorum ([P] validity rule, comparison)",27 of 40,0.1,0.001,Lomax (primary),4.0,0.25,30.0,86400.0,3.0,0.05342465753424658,,not reachable
"registered PoWit, single quorum ([P] validity rule, comparison)",27 of 40,0.1,0.001,Lomax (primary),4.0,0.25,90.0,259200.0,3.4102321753804112,0.09901624301786752,,not reachable
"registered PoWit, single quorum ([P] validity rule, comparison)",27 of 40,0.1,0.001,Lomax (primary),4.0,0.25,365.0,1051200.0,3.7047146117897753,0.29059961218399755,,not reachable
"registered PoWit, single quorum ([P] validity rule, comparison)",27 of 40,0.1,0.001,exponential (comparison),1.0,0.0,3.0,8640.0,2.4399265972826107,0.006684730403514002,0.9564163015675633,reachable
"registered PoWit, single quorum ([P] validity rule, comparison)",27 of 40,0.1,0.001,exponential (comparison),1.0,0.0,7.0,20160.0,4.424843911799904,0.012122860032328504,0.9616812435493224,reachable
"registered PoWit, single quorum ([P] validity rule, comparison)",27 of 40,0.1,0.001,exponential (comparison),1.0,0.0,30.0,86400.0,6.903653492868647,0.018914119158544237,0.9683381801634374,reachable
"registered PoWit, single quorum ([P] validity rule, comparison)",27 of 40,0.1,0.001,exponential (comparison),1.0,0.0,90.0,259200.0,6.999981747941834,0.01917803218614201,0.96859873413679,reachable
"registered PoWit, single quorum ([P] validity rule, comparison)",27 of 40,0.1,0.001,exponential (comparison),1.0,0.0,365.0,1051200.0,7.0,0.019178082191780823,0.9685987835192493,reachable
"registered PoWit, single quorum ([P] validity rule, comparison)",27 of 40,0.1,0.001,exponential (comparison),1.0,0.1,3.0,8640.0,2.4399265972826107,0.00750664821173318,0.9572083427322856,reachable
"registered PoWit, single quorum ([P] validity rule, comparison)",27 of 40,0.1,0.001,exponential (comparison),1.0,0.1,7.0,20160.0,4.424843911799904,0.014040668251506587,0.9635518279981125,reachable
"registered PoWit, single quorum ([P] validity rule, comparison)",27 of 40,0.1,0.001,exponential (comparison),1.0,0.1,30.0,86400.0,6.903653492868647,0.027133297240736015,0.9765190994239851,reachable
"registered PoWit, single quorum ([P] validity rule, comparison)",27 of 40,0.1,0.001,exponential (comparison),1.0,0.1,90.0,259200.0,6.999981747941834,0.043835566432717354,0.9935769236821417,reachable
"registered PoWit, single quorum ([P] validity rule, comparison)",27 of 40,0.1,0.001,exponential (comparison),1.0,0.1,365.0,1051200.0,7.0,0.11917808219178082,,not reachable
"registered PoWit, single quorum ([P] validity rule, comparison)",27 of 40,0.1,0.001,exponential (comparison),1.0,0.25,3.0,8640.0,2.4399265972826107,0.008739524924061947,0.958398867225367,reachable
"registered PoWit, single quorum ([P] validity rule, comparison)",27 of 40,0.1,0.001,exponential (comparison),1.0,0.25,7.0,20160.0,4.424843911799904,0.01691738058027371,0.9663713890077907,reachable
"registered PoWit, single quorum ([P] validity rule, comparison)",27 of 40,0.1,0.001,exponential (comparison),1.0,0.25,30.0,86400.0,6.903653492868647,0.039462064364023684,0.9890529891555444,reachable
"registered PoWit, single quorum ([P] validity rule, comparison)",27 of 40,0.1,0.001,exponential (comparison),1.0,0.25,90.0,259200.0,6.999981747941834,0.08082186780258037,,not reachable
"registered PoWit, single quorum ([P] validity rule, comparison)",27 of 40,0.1,0.001,exponential (comparison),1.0,0.25,365.0,1051200.0,7.0,0.2691780821917808,,not reachable
"registered PoWit, single quorum ([P] validity rule, comparison)",27 of 40,0.1,0.001,exponential (comparison),4.0,0.0,3.0,8640.0,2.4399265972826107,0.02673892161405601,0.9761234036129094,reachable
"registered PoWit, single quorum ([P] validity rule, comparison)",27 of 40,0.1,0.001,exponential (comparison),4.0,0.0,7.0,20160.0,4.424843911799904,0.048491440129314015,0.9984386441748568,reachable
"registered PoWit, single quorum ([P] validity rule, comparison)",27 of 40,0.1,0.001,exponential (comparison),4.0,0.0,30.0,86400.0,6.903653492868647,0.07565647663417695,,not reachable
"registered PoWit, single quorum ([P] validity rule, comparison)",27 of 40,0.1,0.001,exponential (comparison),4.0,0.0,90.0,259200.0,6.999981747941834,0.07671212874456804,,not reachable
"registered PoWit, single quorum ([P] validity rule, comparison)",27 of 40,0.1,0.001,exponential (comparison),4.0,0.0,365.0,1051200.0,7.0,0.07671232876712329,,not reachable
"registered PoWit, single quorum ([P] validity rule, comparison)",27 of 40,0.1,0.001,exponential (comparison),4.0,0.1,3.0,8640.0,2.4399265972826107,0.027560839422275187,0.9769484353896761,reachable
"registered PoWit, single quorum ([P] validity rule, comparison)",27 of 40,0.1,0.001,exponential (comparison),4.0,0.1,7.0,20160.0,4.424843911799904,0.0504092483484921,,not reachable
"registered PoWit, single quorum ([P] validity rule, comparison)",27 of 40,0.1,0.001,exponential (comparison),4.0,0.1,30.0,86400.0,6.903653492868647,0.08387565471636874,,not reachable
"registered PoWit, single quorum ([P] validity rule, comparison)",27 of 40,0.1,0.001,exponential (comparison),4.0,0.1,90.0,259200.0,6.999981747941834,0.10136966299114339,,not reachable
"registered PoWit, single quorum ([P] validity rule, comparison)",27 of 40,0.1,0.001,exponential (comparison),4.0,0.1,365.0,1051200.0,7.0,0.17671232876712328,,not reachable
"registered PoWit, single quorum ([P] validity rule, comparison)",27 of 40,0.1,0.001,exponential (comparison),4.0,0.25,3.0,8640.0,2.4399265972826107,0.028793716134603953,0.9781886013514779,reachable
"registered PoWit, single quorum ([P] validity rule, comparison)",27 of 40,0.1,0.001,exponential (comparison),4.0,0.25,7.0,20160.0,4.424843911799904,0.05328596067725922,,not reachable
"registered PoWit, single quorum ([P] validity rule, comparison)",27 of 40,0.1,0.001,exponential (comparison),4.0,0.25,30.0,86400.0,6.903653492868647,0.0962044218396564,,not reachable
"registered PoWit, single quorum ([P] validity rule, comparison)",27 of 40,0.1,0.001,exponential (comparison),4.0,0.25,90.0,259200.0,6.999981747941834,0.13835596436100642,,not reachable
"registered PoWit, single quorum ([P] validity rule, comparison)",27 of 40,0.1,0.001,exponential (comparison),4.0,0.25,365.0,1051200.0,7.0,0.3267123287671233,,not reachable
"registered PoWit, single quorum ([P] validity rule, comparison)",27 of 40,0.2,0.001,Lomax (primary),1.0,0.0,3.0,8640.0,1.4701778718652965,0.004027884580452867,,not reachable
"registered PoWit, single quorum ([P] validity rule, comparison)",27 of 40,0.2,0.001,Lomax (primary),1.0,0.0,7.0,20160.0,2.1143819168358733,0.005792827169413352,,not reachable
"registered PoWit, single quorum ([P] validity rule, comparison)",27 of 40,0.2,0.001,Lomax (primary),1.0,0.0,30.0,86400.0,3.0,0.00821917808219178,,not reachable
"registered PoWit, single quorum ([P] validity rule, comparison)",27 of 40,0.2,0.001,Lomax (primary),1.0,0.0,90.0,259200.0,3.4102321753804112,0.009343101850357291,,not reachable
"registered PoWit, single quorum ([P] validity rule, comparison)",27 of 40,0.2,0.001,Lomax (primary),1.0,0.0,365.0,1051200.0,3.7047146117897753,0.010149903045999385,,not reachable
"registered PoWit, single quorum ([P] validity rule, comparison)",27 of 40,0.2,0.001,Lomax (primary),1.0,0.1,3.0,8640.0,1.4701778718652965,0.004849802388672045,,not reachable
"registered PoWit, single quorum ([P] validity rule, comparison)",27 of 40,0.2,0.001,Lomax (primary),1.0,0.1,7.0,20160.0,2.1143819168358733,0.007710635388591434,,not reachable
"registered PoWit, single quorum ([P] validity rule, comparison)",27 of 40,0.2,0.001,Lomax (primary),1.0,0.1,30.0,86400.0,3.0,0.01643835616438356,,not reachable
"registered PoWit, single quorum ([P] validity rule, comparison)",27 of 40,0.2,0.001,Lomax (primary),1.0,0.1,90.0,259200.0,3.4102321753804112,0.034000636096932636,,not reachable
"registered PoWit, single quorum ([P] validity rule, comparison)",27 of 40,0.2,0.001,Lomax (primary),1.0,0.1,365.0,1051200.0,3.7047146117897753,0.11014990304599938,,not reachable
"registered PoWit, single quorum ([P] validity rule, comparison)",27 of 40,0.2,0.001,Lomax (primary),1.0,0.25,3.0,8640.0,1.4701778718652965,0.0060826791010008124,,not reachable
"registered PoWit, single quorum ([P] validity rule, comparison)",27 of 40,0.2,0.001,Lomax (primary),1.0,0.25,7.0,20160.0,2.1143819168358733,0.010587347717358557,,not reachable
"registered PoWit, single quorum ([P] validity rule, comparison)",27 of 40,0.2,0.001,Lomax (primary),1.0,0.25,30.0,86400.0,3.0,0.028767123287671233,,not reachable
"registered PoWit, single quorum ([P] validity rule, comparison)",27 of 40,0.2,0.001,Lomax (primary),1.0,0.25,90.0,259200.0,3.4102321753804112,0.07098693746679564,,not reachable
"registered PoWit, single quorum ([P] validity rule, comparison)",27 of 40,0.2,0.001,Lomax (primary),1.0,0.25,365.0,1051200.0,3.7047146117897753,0.2601499030459994,,not reachable
"registered PoWit, single quorum ([P] validity rule, comparison)",27 of 40,0.2,0.001,Lomax (primary),4.0,0.0,3.0,8640.0,1.4701778718652965,0.016111538321811468,,not reachable
"registered PoWit, single quorum ([P] validity rule, comparison)",27 of 40,0.2,0.001,Lomax (primary),4.0,0.0,7.0,20160.0,2.1143819168358733,0.023171308677653407,,not reachable
"registered PoWit, single quorum ([P] validity rule, comparison)",27 of 40,0.2,0.001,Lomax (primary),4.0,0.0,30.0,86400.0,3.0,0.03287671232876712,,not reachable
"registered PoWit, single quorum ([P] validity rule, comparison)",27 of 40,0.2,0.001,Lomax (primary),4.0,0.0,90.0,259200.0,3.4102321753804112,0.037372407401429164,,not reachable
"registered PoWit, single quorum ([P] validity rule, comparison)",27 of 40,0.2,0.001,Lomax (primary),4.0,0.0,365.0,1051200.0,3.7047146117897753,0.04059961218399754,,not reachable
"registered PoWit, single quorum ([P] validity rule, comparison)",27 of 40,0.2,0.001,Lomax (primary),4.0,0.1,3.0,8640.0,1.4701778718652965,0.016933456130030645,,not reachable
"registered PoWit, single quorum ([P] validity rule, comparison)",27 of 40,0.2,0.001,Lomax (primary),4.0,0.1,7.0,20160.0,2.1143819168358733,0.025089116896831486,,not reachable
"registered PoWit, single quorum ([P] validity rule, comparison)",27 of 40,0.2,0.001,Lomax (primary),4.0,0.1,30.0,86400.0,3.0,0.0410958904109589,,not reachable
"registered PoWit, single quorum ([P] validity rule, comparison)",27 of 40,0.2,0.001,Lomax (primary),4.0,0.1,90.0,259200.0,3.4102321753804112,0.06202994164800451,,not reachable
"registered PoWit, single quorum ([P] validity rule, comparison)",27 of 40,0.2,0.001,Lomax (primary),4.0,0.1,365.0,1051200.0,3.7047146117897753,0.14059961218399752,,not reachable
"registered PoWit, single quorum ([P] validity rule, comparison)",27 of 40,0.2,0.001,Lomax (primary),4.0,0.25,3.0,8640.0,1.4701778718652965,0.01816633284235941,,not reachable
"registered PoWit, single quorum ([P] validity rule, comparison)",27 of 40,0.2,0.001,Lomax (primary),4.0,0.25,7.0,20160.0,2.1143819168358733,0.02796582922559861,,not reachable
"registered PoWit, single quorum ([P] validity rule, comparison)",27 of 40,0.2,0.001,Lomax (primary),4.0,0.25,30.0,86400.0,3.0,0.05342465753424658,,not reachable
"registered PoWit, single quorum ([P] validity rule, comparison)",27 of 40,0.2,0.001,Lomax (primary),4.0,0.25,90.0,259200.0,3.4102321753804112,0.09901624301786752,,not reachable
"registered PoWit, single quorum ([P] validity rule, comparison)",27 of 40,0.2,0.001,Lomax (primary),4.0,0.25,365.0,1051200.0,3.7047146117897753,0.29059961218399755,,not reachable
"registered PoWit, single quorum ([P] validity rule, comparison)",27 of 40,0.2,0.001,exponential (comparison),1.0,0.0,3.0,8640.0,2.4399265972826107,0.006684730403514002,,not reachable
"registered PoWit, single quorum ([P] validity rule, comparison)",27 of 40,0.2,0.001,exponential (comparison),1.0,0.0,7.0,20160.0,4.424843911799904,0.012122860032328504,,not reachable
"registered PoWit, single quorum ([P] validity rule, comparison)",27 of 40,0.2,0.001,exponential (comparison),1.0,0.0,30.0,86400.0,6.903653492868647,0.018914119158544237,,not reachable
"registered PoWit, single quorum ([P] validity rule, comparison)",27 of 40,0.2,0.001,exponential (comparison),1.0,0.0,90.0,259200.0,6.999981747941834,0.01917803218614201,,not reachable
"registered PoWit, single quorum ([P] validity rule, comparison)",27 of 40,0.2,0.001,exponential (comparison),1.0,0.0,365.0,1051200.0,7.0,0.019178082191780823,,not reachable
"registered PoWit, single quorum ([P] validity rule, comparison)",27 of 40,0.2,0.001,exponential (comparison),1.0,0.1,3.0,8640.0,2.4399265972826107,0.00750664821173318,,not reachable
"registered PoWit, single quorum ([P] validity rule, comparison)",27 of 40,0.2,0.001,exponential (comparison),1.0,0.1,7.0,20160.0,4.424843911799904,0.014040668251506587,,not reachable
"registered PoWit, single quorum ([P] validity rule, comparison)",27 of 40,0.2,0.001,exponential (comparison),1.0,0.1,30.0,86400.0,6.903653492868647,0.027133297240736015,,not reachable
"registered PoWit, single quorum ([P] validity rule, comparison)",27 of 40,0.2,0.001,exponential (comparison),1.0,0.1,90.0,259200.0,6.999981747941834,0.043835566432717354,,not reachable
"registered PoWit, single quorum ([P] validity rule, comparison)",27 of 40,0.2,0.001,exponential (comparison),1.0,0.1,365.0,1051200.0,7.0,0.11917808219178082,,not reachable
"registered PoWit, single quorum ([P] validity rule, comparison)",27 of 40,0.2,0.001,exponential (comparison),1.0,0.25,3.0,8640.0,2.4399265972826107,0.008739524924061947,,not reachable
"registered PoWit, single quorum ([P] validity rule, comparison)",27 of 40,0.2,0.001,exponential (comparison),1.0,0.25,7.0,20160.0,4.424843911799904,0.01691738058027371,,not reachable
"registered PoWit, single quorum ([P] validity rule, comparison)",27 of 40,0.2,0.001,exponential (comparison),1.0,0.25,30.0,86400.0,6.903653492868647,0.039462064364023684,,not reachable
"registered PoWit, single quorum ([P] validity rule, comparison)",27 of 40,0.2,0.001,exponential (comparison),1.0,0.25,90.0,259200.0,6.999981747941834,0.08082186780258037,,not reachable
"registered PoWit, single quorum ([P] validity rule, comparison)",27 of 40,0.2,0.001,exponential (comparison),1.0,0.25,365.0,1051200.0,7.0,0.2691780821917808,,not reachable
"registered PoWit, single quorum ([P] validity rule, comparison)",27 of 40,0.2,0.001,exponential (comparison),4.0,0.0,3.0,8640.0,2.4399265972826107,0.02673892161405601,,not reachable
"registered PoWit, single quorum ([P] validity rule, comparison)",27 of 40,0.2,0.001,exponential (comparison),4.0,0.0,7.0,20160.0,4.424843911799904,0.048491440129314015,,not reachable
"registered PoWit, single quorum ([P] validity rule, comparison)",27 of 40,0.2,0.001,exponential (comparison),4.0,0.0,30.0,86400.0,6.903653492868647,0.07565647663417695,,not reachable
"registered PoWit, single quorum ([P] validity rule, comparison)",27 of 40,0.2,0.001,exponential (comparison),4.0,0.0,90.0,259200.0,6.999981747941834,0.07671212874456804,,not reachable
"registered PoWit, single quorum ([P] validity rule, comparison)",27 of 40,0.2,0.001,exponential (comparison),4.0,0.0,365.0,1051200.0,7.0,0.07671232876712329,,not reachable
"registered PoWit, single quorum ([P] validity rule, comparison)",27 of 40,0.2,0.001,exponential (comparison),4.0,0.1,3.0,8640.0,2.4399265972826107,0.027560839422275187,,not reachable
"registered PoWit, single quorum ([P] validity rule, comparison)",27 of 40,0.2,0.001,exponential (comparison),4.0,0.1,7.0,20160.0,4.424843911799904,0.0504092483484921,,not reachable
"registered PoWit, single quorum ([P] validity rule, comparison)",27 of 40,0.2,0.001,exponential (comparison),4.0,0.1,30.0,86400.0,6.903653492868647,0.08387565471636874,,not reachable
"registered PoWit, single quorum ([P] validity rule, comparison)",27 of 40,0.2,0.001,exponential (comparison),4.0,0.1,90.0,259200.0,6.999981747941834,0.10136966299114339,,not reachable
"registered PoWit, single quorum ([P] validity rule, comparison)",27 of 40,0.2,0.001,exponential (comparison),4.0,0.1,365.0,1051200.0,7.0,0.17671232876712328,,not reachable
"registered PoWit, single quorum ([P] validity rule, comparison)",27 of 40,0.2,0.001,exponential (comparison),4.0,0.25,3.0,8640.0,2.4399265972826107,0.028793716134603953,,not reachable
"registered PoWit, single quorum ([P] validity rule, comparison)",27 of 40,0.2,0.001,exponential (comparison),4.0,0.25,7.0,20160.0,4.424843911799904,0.05328596067725922,,not reachable
"registered PoWit, single quorum ([P] validity rule, comparison)",27 of 40,0.2,0.001,exponential (comparison),4.0,0.25,30.0,86400.0,6.903653492868647,0.0962044218396564,,not reachable
"registered PoWit, single quorum ([P] validity rule, comparison)",27 of 40,0.2,0.001,exponential (comparison),4.0,0.25,90.0,259200.0,6.999981747941834,0.13835596436100642,,not reachable
"registered PoWit, single quorum ([P] validity rule, comparison)",27 of 40,0.2,0.001,exponential (comparison),4.0,0.25,365.0,1051200.0,7.0,0.3267123287671233,,not reachable
"registered PoWit, single quorum ([P] validity rule, comparison)",27 of 40,0.25,0.001,Lomax (primary),1.0,0.0,3.0,8640.0,1.4701778718652965,0.004027884580452867,,not reachable
"registered PoWit, single quorum ([P] validity rule, comparison)",27 of 40,0.25,0.001,Lomax (primary),1.0,0.0,7.0,20160.0,2.1143819168358733,0.005792827169413352,,not reachable
"registered PoWit, single quorum ([P] validity rule, comparison)",27 of 40,0.25,0.001,Lomax (primary),1.0,0.0,30.0,86400.0,3.0,0.00821917808219178,,not reachable
"registered PoWit, single quorum ([P] validity rule, comparison)",27 of 40,0.25,0.001,Lomax (primary),1.0,0.0,90.0,259200.0,3.4102321753804112,0.009343101850357291,,not reachable
"registered PoWit, single quorum ([P] validity rule, comparison)",27 of 40,0.25,0.001,Lomax (primary),1.0,0.0,365.0,1051200.0,3.7047146117897753,0.010149903045999385,,not reachable
"registered PoWit, single quorum ([P] validity rule, comparison)",27 of 40,0.25,0.001,Lomax (primary),1.0,0.1,3.0,8640.0,1.4701778718652965,0.004849802388672045,,not reachable
"registered PoWit, single quorum ([P] validity rule, comparison)",27 of 40,0.25,0.001,Lomax (primary),1.0,0.1,7.0,20160.0,2.1143819168358733,0.007710635388591434,,not reachable
"registered PoWit, single quorum ([P] validity rule, comparison)",27 of 40,0.25,0.001,Lomax (primary),1.0,0.1,30.0,86400.0,3.0,0.01643835616438356,,not reachable
"registered PoWit, single quorum ([P] validity rule, comparison)",27 of 40,0.25,0.001,Lomax (primary),1.0,0.1,90.0,259200.0,3.4102321753804112,0.034000636096932636,,not reachable
"registered PoWit, single quorum ([P] validity rule, comparison)",27 of 40,0.25,0.001,Lomax (primary),1.0,0.1,365.0,1051200.0,3.7047146117897753,0.11014990304599938,,not reachable
"registered PoWit, single quorum ([P] validity rule, comparison)",27 of 40,0.25,0.001,Lomax (primary),1.0,0.25,3.0,8640.0,1.4701778718652965,0.0060826791010008124,,not reachable
"registered PoWit, single quorum ([P] validity rule, comparison)",27 of 40,0.25,0.001,Lomax (primary),1.0,0.25,7.0,20160.0,2.1143819168358733,0.010587347717358557,,not reachable
"registered PoWit, single quorum ([P] validity rule, comparison)",27 of 40,0.25,0.001,Lomax (primary),1.0,0.25,30.0,86400.0,3.0,0.028767123287671233,,not reachable
"registered PoWit, single quorum ([P] validity rule, comparison)",27 of 40,0.25,0.001,Lomax (primary),1.0,0.25,90.0,259200.0,3.4102321753804112,0.07098693746679564,,not reachable
"registered PoWit, single quorum ([P] validity rule, comparison)",27 of 40,0.25,0.001,Lomax (primary),1.0,0.25,365.0,1051200.0,3.7047146117897753,0.2601499030459994,,not reachable
"registered PoWit, single quorum ([P] validity rule, comparison)",27 of 40,0.25,0.001,Lomax (primary),4.0,0.0,3.0,8640.0,1.4701778718652965,0.016111538321811468,,not reachable
"registered PoWit, single quorum ([P] validity rule, comparison)",27 of 40,0.25,0.001,Lomax (primary),4.0,0.0,7.0,20160.0,2.1143819168358733,0.023171308677653407,,not reachable
"registered PoWit, single quorum ([P] validity rule, comparison)",27 of 40,0.25,0.001,Lomax (primary),4.0,0.0,30.0,86400.0,3.0,0.03287671232876712,,not reachable
"registered PoWit, single quorum ([P] validity rule, comparison)",27 of 40,0.25,0.001,Lomax (primary),4.0,0.0,90.0,259200.0,3.4102321753804112,0.037372407401429164,,not reachable
"registered PoWit, single quorum ([P] validity rule, comparison)",27 of 40,0.25,0.001,Lomax (primary),4.0,0.0,365.0,1051200.0,3.7047146117897753,0.04059961218399754,,not reachable
"registered PoWit, single quorum ([P] validity rule, comparison)",27 of 40,0.25,0.001,Lomax (primary),4.0,0.1,3.0,8640.0,1.4701778718652965,0.016933456130030645,,not reachable
"registered PoWit, single quorum ([P] validity rule, comparison)",27 of 40,0.25,0.001,Lomax (primary),4.0,0.1,7.0,20160.0,2.1143819168358733,0.025089116896831486,,not reachable
"registered PoWit, single quorum ([P] validity rule, comparison)",27 of 40,0.25,0.001,Lomax (primary),4.0,0.1,30.0,86400.0,3.0,0.0410958904109589,,not reachable
"registered PoWit, single quorum ([P] validity rule, comparison)",27 of 40,0.25,0.001,Lomax (primary),4.0,0.1,90.0,259200.0,3.4102321753804112,0.06202994164800451,,not reachable
"registered PoWit, single quorum ([P] validity rule, comparison)",27 of 40,0.25,0.001,Lomax (primary),4.0,0.1,365.0,1051200.0,3.7047146117897753,0.14059961218399752,,not reachable
"registered PoWit, single quorum ([P] validity rule, comparison)",27 of 40,0.25,0.001,Lomax (primary),4.0,0.25,3.0,8640.0,1.4701778718652965,0.01816633284235941,,not reachable
"registered PoWit, single quorum ([P] validity rule, comparison)",27 of 40,0.25,0.001,Lomax (primary),4.0,0.25,7.0,20160.0,2.1143819168358733,0.02796582922559861,,not reachable
"registered PoWit, single quorum ([P] validity rule, comparison)",27 of 40,0.25,0.001,Lomax (primary),4.0,0.25,30.0,86400.0,3.0,0.05342465753424658,,not reachable
"registered PoWit, single quorum ([P] validity rule, comparison)",27 of 40,0.25,0.001,Lomax (primary),4.0,0.25,90.0,259200.0,3.4102321753804112,0.09901624301786752,,not reachable
"registered PoWit, single quorum ([P] validity rule, comparison)",27 of 40,0.25,0.001,Lomax (primary),4.0,0.25,365.0,1051200.0,3.7047146117897753,0.29059961218399755,,not reachable
"registered PoWit, single quorum ([P] validity rule, comparison)",27 of 40,0.25,0.001,exponential (comparison),1.0,0.0,3.0,8640.0,2.4399265972826107,0.006684730403514002,,not reachable
"registered PoWit, single quorum ([P] validity rule, comparison)",27 of 40,0.25,0.001,exponential (comparison),1.0,0.0,7.0,20160.0,4.424843911799904,0.012122860032328504,,not reachable
"registered PoWit, single quorum ([P] validity rule, comparison)",27 of 40,0.25,0.001,exponential (comparison),1.0,0.0,30.0,86400.0,6.903653492868647,0.018914119158544237,,not reachable
"registered PoWit, single quorum ([P] validity rule, comparison)",27 of 40,0.25,0.001,exponential (comparison),1.0,0.0,90.0,259200.0,6.999981747941834,0.01917803218614201,,not reachable
"registered PoWit, single quorum ([P] validity rule, comparison)",27 of 40,0.25,0.001,exponential (comparison),1.0,0.0,365.0,1051200.0,7.0,0.019178082191780823,,not reachable
"registered PoWit, single quorum ([P] validity rule, comparison)",27 of 40,0.25,0.001,exponential (comparison),1.0,0.1,3.0,8640.0,2.4399265972826107,0.00750664821173318,,not reachable
"registered PoWit, single quorum ([P] validity rule, comparison)",27 of 40,0.25,0.001,exponential (comparison),1.0,0.1,7.0,20160.0,4.424843911799904,0.014040668251506587,,not reachable
"registered PoWit, single quorum ([P] validity rule, comparison)",27 of 40,0.25,0.001,exponential (comparison),1.0,0.1,30.0,86400.0,6.903653492868647,0.027133297240736015,,not reachable
"registered PoWit, single quorum ([P] validity rule, comparison)",27 of 40,0.25,0.001,exponential (comparison),1.0,0.1,90.0,259200.0,6.999981747941834,0.043835566432717354,,not reachable
"registered PoWit, single quorum ([P] validity rule, comparison)",27 of 40,0.25,0.001,exponential (comparison),1.0,0.1,365.0,1051200.0,7.0,0.11917808219178082,,not reachable
"registered PoWit, single quorum ([P] validity rule, comparison)",27 of 40,0.25,0.001,exponential (comparison),1.0,0.25,3.0,8640.0,2.4399265972826107,0.008739524924061947,,not reachable
"registered PoWit, single quorum ([P] validity rule, comparison)",27 of 40,0.25,0.001,exponential (comparison),1.0,0.25,7.0,20160.0,4.424843911799904,0.01691738058027371,,not reachable
"registered PoWit, single quorum ([P] validity rule, comparison)",27 of 40,0.25,0.001,exponential (comparison),1.0,0.25,30.0,86400.0,6.903653492868647,0.039462064364023684,,not reachable
"registered PoWit, single quorum ([P] validity rule, comparison)",27 of 40,0.25,0.001,exponential (comparison),1.0,0.25,90.0,259200.0,6.999981747941834,0.08082186780258037,,not reachable
"registered PoWit, single quorum ([P] validity rule, comparison)",27 of 40,0.25,0.001,exponential (comparison),1.0,0.25,365.0,1051200.0,7.0,0.2691780821917808,,not reachable
"registered PoWit, single quorum ([P] validity rule, comparison)",27 of 40,0.25,0.001,exponential (comparison),4.0,0.0,3.0,8640.0,2.4399265972826107,0.02673892161405601,,not reachable
"registered PoWit, single quorum ([P] validity rule, comparison)",27 of 40,0.25,0.001,exponential (comparison),4.0,0.0,7.0,20160.0,4.424843911799904,0.048491440129314015,,not reachable
"registered PoWit, single quorum ([P] validity rule, comparison)",27 of 40,0.25,0.001,exponential (comparison),4.0,0.0,30.0,86400.0,6.903653492868647,0.07565647663417695,,not reachable
"registered PoWit, single quorum ([P] validity rule, comparison)",27 of 40,0.25,0.001,exponential (comparison),4.0,0.0,90.0,259200.0,6.999981747941834,0.07671212874456804,,not reachable
"registered PoWit, single quorum ([P] validity rule, comparison)",27 of 40,0.25,0.001,exponential (comparison),4.0,0.0,365.0,1051200.0,7.0,0.07671232876712329,,not reachable
"registered PoWit, single quorum ([P] validity rule, comparison)",27 of 40,0.25,0.001,exponential (comparison),4.0,0.1,3.0,8640.0,2.4399265972826107,0.027560839422275187,,not reachable
"registered PoWit, single quorum ([P] validity rule, comparison)",27 of 40,0.25,0.001,exponential (comparison),4.0,0.1,7.0,20160.0,4.424843911799904,0.0504092483484921,,not reachable
"registered PoWit, single quorum ([P] validity rule, comparison)",27 of 40,0.25,0.001,exponential (comparison),4.0,0.1,30.0,86400.0,6.903653492868647,0.08387565471636874,,not reachable
"registered PoWit, single quorum ([P] validity rule, comparison)",27 of 40,0.25,0.001,exponential (comparison),4.0,0.1,90.0,259200.0,6.999981747941834,0.10136966299114339,,not reachable
"registered PoWit, single quorum ([P] validity rule, comparison)",27 of 40,0.25,0.001,exponential (comparison),4.0,0.1,365.0,1051200.0,7.0,0.17671232876712328,,not reachable
"registered PoWit, single quorum ([P] validity rule, comparison)",27 of 40,0.25,0.001,exponential (comparison),4.0,0.25,3.0,8640.0,2.4399265972826107,0.028793716134603953,,not reachable
"registered PoWit, single quorum ([P] validity rule, comparison)",27 of 40,0.25,0.001,exponential (comparison),4.0,0.25,7.0,20160.0,4.424843911799904,0.05328596067725922,,not reachable
"registered PoWit, single quorum ([P] validity rule, comparison)",27 of 40,0.25,0.001,exponential (comparison),4.0,0.25,30.0,86400.0,6.903653492868647,0.0962044218396564,,not reachable
"registered PoWit, single quorum ([P] validity rule, comparison)",27 of 40,0.25,0.001,exponential (comparison),4.0,0.25,90.0,259200.0,6.999981747941834,0.13835596436100642,,not reachable
"registered PoWit, single quorum ([P] validity rule, comparison)",27 of 40,0.25,0.001,exponential (comparison),4.0,0.25,365.0,1051200.0,7.0,0.3267123287671233,,not reachable
"registered PoWit, single quorum ([P] validity rule, comparison)",27 of 40,0.33,0.001,Lomax (primary),1.0,0.0,3.0,8640.0,1.4701778718652965,0.004027884580452867,,not reachable
"registered PoWit, single quorum ([P] validity rule, comparison)",27 of 40,0.33,0.001,Lomax (primary),1.0,0.0,7.0,20160.0,2.1143819168358733,0.005792827169413352,,not reachable
"registered PoWit, single quorum ([P] validity rule, comparison)",27 of 40,0.33,0.001,Lomax (primary),1.0,0.0,30.0,86400.0,3.0,0.00821917808219178,,not reachable
"registered PoWit, single quorum ([P] validity rule, comparison)",27 of 40,0.33,0.001,Lomax (primary),1.0,0.0,90.0,259200.0,3.4102321753804112,0.009343101850357291,,not reachable
"registered PoWit, single quorum ([P] validity rule, comparison)",27 of 40,0.33,0.001,Lomax (primary),1.0,0.0,365.0,1051200.0,3.7047146117897753,0.010149903045999385,,not reachable
"registered PoWit, single quorum ([P] validity rule, comparison)",27 of 40,0.33,0.001,Lomax (primary),1.0,0.1,3.0,8640.0,1.4701778718652965,0.004849802388672045,,not reachable
"registered PoWit, single quorum ([P] validity rule, comparison)",27 of 40,0.33,0.001,Lomax (primary),1.0,0.1,7.0,20160.0,2.1143819168358733,0.007710635388591434,,not reachable
"registered PoWit, single quorum ([P] validity rule, comparison)",27 of 40,0.33,0.001,Lomax (primary),1.0,0.1,30.0,86400.0,3.0,0.01643835616438356,,not reachable
"registered PoWit, single quorum ([P] validity rule, comparison)",27 of 40,0.33,0.001,Lomax (primary),1.0,0.1,90.0,259200.0,3.4102321753804112,0.034000636096932636,,not reachable
"registered PoWit, single quorum ([P] validity rule, comparison)",27 of 40,0.33,0.001,Lomax (primary),1.0,0.1,365.0,1051200.0,3.7047146117897753,0.11014990304599938,,not reachable
"registered PoWit, single quorum ([P] validity rule, comparison)",27 of 40,0.33,0.001,Lomax (primary),1.0,0.25,3.0,8640.0,1.4701778718652965,0.0060826791010008124,,not reachable
"registered PoWit, single quorum ([P] validity rule, comparison)",27 of 40,0.33,0.001,Lomax (primary),1.0,0.25,7.0,20160.0,2.1143819168358733,0.010587347717358557,,not reachable
"registered PoWit, single quorum ([P] validity rule, comparison)",27 of 40,0.33,0.001,Lomax (primary),1.0,0.25,30.0,86400.0,3.0,0.028767123287671233,,not reachable
"registered PoWit, single quorum ([P] validity rule, comparison)",27 of 40,0.33,0.001,Lomax (primary),1.0,0.25,90.0,259200.0,3.4102321753804112,0.07098693746679564,,not reachable
"registered PoWit, single quorum ([P] validity rule, comparison)",27 of 40,0.33,0.001,Lomax (primary),1.0,0.25,365.0,1051200.0,3.7047146117897753,0.2601499030459994,,not reachable
"registered PoWit, single quorum ([P] validity rule, comparison)",27 of 40,0.33,0.001,Lomax (primary),4.0,0.0,3.0,8640.0,1.4701778718652965,0.016111538321811468,,not reachable
"registered PoWit, single quorum ([P] validity rule, comparison)",27 of 40,0.33,0.001,Lomax (primary),4.0,0.0,7.0,20160.0,2.1143819168358733,0.023171308677653407,,not reachable
"registered PoWit, single quorum ([P] validity rule, comparison)",27 of 40,0.33,0.001,Lomax (primary),4.0,0.0,30.0,86400.0,3.0,0.03287671232876712,,not reachable
"registered PoWit, single quorum ([P] validity rule, comparison)",27 of 40,0.33,0.001,Lomax (primary),4.0,0.0,90.0,259200.0,3.4102321753804112,0.037372407401429164,,not reachable
"registered PoWit, single quorum ([P] validity rule, comparison)",27 of 40,0.33,0.001,Lomax (primary),4.0,0.0,365.0,1051200.0,3.7047146117897753,0.04059961218399754,,not reachable
"registered PoWit, single quorum ([P] validity rule, comparison)",27 of 40,0.33,0.001,Lomax (primary),4.0,0.1,3.0,8640.0,1.4701778718652965,0.016933456130030645,,not reachable
"registered PoWit, single quorum ([P] validity rule, comparison)",27 of 40,0.33,0.001,Lomax (primary),4.0,0.1,7.0,20160.0,2.1143819168358733,0.025089116896831486,,not reachable
"registered PoWit, single quorum ([P] validity rule, comparison)",27 of 40,0.33,0.001,Lomax (primary),4.0,0.1,30.0,86400.0,3.0,0.0410958904109589,,not reachable
"registered PoWit, single quorum ([P] validity rule, comparison)",27 of 40,0.33,0.001,Lomax (primary),4.0,0.1,90.0,259200.0,3.4102321753804112,0.06202994164800451,,not reachable
"registered PoWit, single quorum ([P] validity rule, comparison)",27 of 40,0.33,0.001,Lomax (primary),4.0,0.1,365.0,1051200.0,3.7047146117897753,0.14059961218399752,,not reachable
"registered PoWit, single quorum ([P] validity rule, comparison)",27 of 40,0.33,0.001,Lomax (primary),4.0,0.25,3.0,8640.0,1.4701778718652965,0.01816633284235941,,not reachable
"registered PoWit, single quorum ([P] validity rule, comparison)",27 of 40,0.33,0.001,Lomax (primary),4.0,0.25,7.0,20160.0,2.1143819168358733,0.02796582922559861,,not reachable
"registered PoWit, single quorum ([P] validity rule, comparison)",27 of 40,0.33,0.001,Lomax (primary),4.0,0.25,30.0,86400.0,3.0,0.05342465753424658,,not reachable
"registered PoWit, single quorum ([P] validity rule, comparison)",27 of 40,0.33,0.001,Lomax (primary),4.0,0.25,90.0,259200.0,3.4102321753804112,0.09901624301786752,,not reachable
"registered PoWit, single quorum ([P] validity rule, comparison)",27 of 40,0.33,0.001,Lomax (primary),4.0,0.25,365.0,1051200.0,3.7047146117897753,0.29059961218399755,,not reachable
"registered PoWit, single quorum ([P] validity rule, comparison)",27 of 40,0.33,0.001,exponential (comparison),1.0,0.0,3.0,8640.0,2.4399265972826107,0.006684730403514002,,not reachable
"registered PoWit, single quorum ([P] validity rule, comparison)",27 of 40,0.33,0.001,exponential (comparison),1.0,0.0,7.0,20160.0,4.424843911799904,0.012122860032328504,,not reachable
"registered PoWit, single quorum ([P] validity rule, comparison)",27 of 40,0.33,0.001,exponential (comparison),1.0,0.0,30.0,86400.0,6.903653492868647,0.018914119158544237,,not reachable
"registered PoWit, single quorum ([P] validity rule, comparison)",27 of 40,0.33,0.001,exponential (comparison),1.0,0.0,90.0,259200.0,6.999981747941834,0.01917803218614201,,not reachable
"registered PoWit, single quorum ([P] validity rule, comparison)",27 of 40,0.33,0.001,exponential (comparison),1.0,0.0,365.0,1051200.0,7.0,0.019178082191780823,,not reachable
"registered PoWit, single quorum ([P] validity rule, comparison)",27 of 40,0.33,0.001,exponential (comparison),1.0,0.1,3.0,8640.0,2.4399265972826107,0.00750664821173318,,not reachable
"registered PoWit, single quorum ([P] validity rule, comparison)",27 of 40,0.33,0.001,exponential (comparison),1.0,0.1,7.0,20160.0,4.424843911799904,0.014040668251506587,,not reachable
"registered PoWit, single quorum ([P] validity rule, comparison)",27 of 40,0.33,0.001,exponential (comparison),1.0,0.1,30.0,86400.0,6.903653492868647,0.027133297240736015,,not reachable
"registered PoWit, single quorum ([P] validity rule, comparison)",27 of 40,0.33,0.001,exponential (comparison),1.0,0.1,90.0,259200.0,6.999981747941834,0.043835566432717354,,not reachable
"registered PoWit, single quorum ([P] validity rule, comparison)",27 of 40,0.33,0.001,exponential (comparison),1.0,0.1,365.0,1051200.0,7.0,0.11917808219178082,,not reachable
"registered PoWit, single quorum ([P] validity rule, comparison)",27 of 40,0.33,0.001,exponential (comparison),1.0,0.25,3.0,8640.0,2.4399265972826107,0.008739524924061947,,not reachable
"registered PoWit, single quorum ([P] validity rule, comparison)",27 of 40,0.33,0.001,exponential (comparison),1.0,0.25,7.0,20160.0,4.424843911799904,0.01691738058027371,,not reachable
"registered PoWit, single quorum ([P] validity rule, comparison)",27 of 40,0.33,0.001,exponential (comparison),1.0,0.25,30.0,86400.0,6.903653492868647,0.039462064364023684,,not reachable
"registered PoWit, single quorum ([P] validity rule, comparison)",27 of 40,0.33,0.001,exponential (comparison),1.0,0.25,90.0,259200.0,6.999981747941834,0.08082186780258037,,not reachable
"registered PoWit, single quorum ([P] validity rule, comparison)",27 of 40,0.33,0.001,exponential (comparison),1.0,0.25,365.0,1051200.0,7.0,0.2691780821917808,,not reachable
"registered PoWit, single quorum ([P] validity rule, comparison)",27 of 40,0.33,0.001,exponential (comparison),4.0,0.0,3.0,8640.0,2.4399265972826107,0.02673892161405601,,not reachable
"registered PoWit, single quorum ([P] validity rule, comparison)",27 of 40,0.33,0.001,exponential (comparison),4.0,0.0,7.0,20160.0,4.424843911799904,0.048491440129314015,,not reachable
"registered PoWit, single quorum ([P] validity rule, comparison)",27 of 40,0.33,0.001,exponential (comparison),4.0,0.0,30.0,86400.0,6.903653492868647,0.07565647663417695,,not reachable
"registered PoWit, single quorum ([P] validity rule, comparison)",27 of 40,0.33,0.001,exponential (comparison),4.0,0.0,90.0,259200.0,6.999981747941834,0.07671212874456804,,not reachable
"registered PoWit, single quorum ([P] validity rule, comparison)",27 of 40,0.33,0.001,exponential (comparison),4.0,0.0,365.0,1051200.0,7.0,0.07671232876712329,,not reachable
"registered PoWit, single quorum ([P] validity rule, comparison)",27 of 40,0.33,0.001,exponential (comparison),4.0,0.1,3.0,8640.0,2.4399265972826107,0.027560839422275187,,not reachable
"registered PoWit, single quorum ([P] validity rule, comparison)",27 of 40,0.33,0.001,exponential (comparison),4.0,0.1,7.0,20160.0,4.424843911799904,0.0504092483484921,,not reachable
"registered PoWit, single quorum ([P] validity rule, comparison)",27 of 40,0.33,0.001,exponential (comparison),4.0,0.1,30.0,86400.0,6.903653492868647,0.08387565471636874,,not reachable
"registered PoWit, single quorum ([P] validity rule, comparison)",27 of 40,0.33,0.001,exponential (comparison),4.0,0.1,90.0,259200.0,6.999981747941834,0.10136966299114339,,not reachable
"registered PoWit, single quorum ([P] validity rule, comparison)",27 of 40,0.33,0.001,exponential (comparison),4.0,0.1,365.0,1051200.0,7.0,0.17671232876712328,,not reachable
"registered PoWit, single quorum ([P] validity rule, comparison)",27 of 40,0.33,0.001,exponential (comparison),4.0,0.25,3.0,8640.0,2.4399265972826107,0.028793716134603953,,not reachable
"registered PoWit, single quorum ([P] validity rule, comparison)",27 of 40,0.33,0.001,exponential (comparison),4.0,0.25,7.0,20160.0,4.424843911799904,0.05328596067725922,,not reachable
"registered PoWit, single quorum ([P] validity rule, comparison)",27 of 40,0.33,0.001,exponential (comparison),4.0,0.25,30.0,86400.0,6.903653492868647,0.0962044218396564,,not reachable
"registered PoWit, single quorum ([P] validity rule, comparison)",27 of 40,0.33,0.001,exponential (comparison),4.0,0.25,90.0,259200.0,6.999981747941834,0.13835596436100642,,not reachable
"registered PoWit, single quorum ([P] validity rule, comparison)",27 of 40,0.33,0.001,exponential (comparison),4.0,0.25,365.0,1051200.0,7.0,0.3267123287671233,,not reachable
